<?xml version="1.0" encoding="utf-8" standalone="yes"?>
<corpus id="ID_maz-12473">
<body>
<s xmlns:xsi="http://www.w3.org/2001/XMLSchema-instance" id="s301" art_id="12473" orig_id="ID_maz-12473">
<graph root="s301_500">
<terminals>
<t id="s301_1" word="Verlorenes" lemma="--" pos="ADJA" morph="--"/>
<t id="s301_2" word="Vertrauen" lemma="--" pos="NN" morph="--"/>
</terminals>
<nonterminals>
<nt id="s301_500" cat="NP">
<edge label="NK" idref="s301_1"/>
<edge label="NK" idref="s301_2"/>
 </nt>
</nonterminals>
</graph>
</s><s xmlns:xsi="http://www.w3.org/2001/XMLSchema-instance" id="s302" art_id="12473" orig_id="ID_maz-12473">
<graph root="s302_506">
<terminals>
<t id="s302_1" word="Deutschland" lemma="--" pos="NE" morph="--"/>
<t id="s302_2" word="steht" lemma="--" pos="VVFIN" morph="--"/>
<t id="s302_3" word="am" lemma="--" pos="APPRART" morph="--"/>
<t id="s302_4" word="Rande" lemma="--" pos="NN" morph="--"/>
<t id="s302_5" word="einer" lemma="--" pos="ART" morph="--"/>
<t id="s302_6" word="Rezession" lemma="--" pos="NN" morph="--"/>
<t id="s302_7" word="," lemma="--" pos="$," morph="--"/>
<t id="s302_8" word="und" lemma="--" pos="KON" morph="--"/>
<t id="s302_9" word="die" lemma="--" pos="ART" morph="--"/>
<t id="s302_10" word="Aussichten" lemma="--" pos="NN" morph="--"/>
<t id="s302_11" word="werden" lemma="--" pos="VAFIN" morph="--"/>
<t id="s302_12" word="immer" lemma="--" pos="ADV" morph="--"/>
<t id="s302_13" word="düsterer" lemma="--" pos="ADJD" morph="--"/>
<t id="s302_14" word="." lemma="--" pos="$." morph="--"/>
</terminals>
<nonterminals>
<nt id="s302_500" cat="NP">
<edge label="NK" idref="s302_5"/>
<edge label="NK" idref="s302_6"/>
 </nt>
<nt id="s302_501" cat="NP">
<edge label="NK" idref="s302_9"/>
<edge label="NK" idref="s302_10"/>
 </nt>
<nt id="s302_502" cat="AP">
<edge label="MO" idref="s302_12"/>
<edge label="HD" idref="s302_13"/>
 </nt>
<nt id="s302_503" cat="PP">
<edge label="AC" idref="s302_3"/>
<edge label="NK" idref="s302_4"/>
<edge label="AG" idref="s302_500"/>
 </nt>
<nt id="s302_504" cat="S">
<edge label="HD" idref="s302_11"/>
<edge label="SB" idref="s302_501"/>
<edge label="PD" idref="s302_502"/>
 </nt>
<nt id="s302_505" cat="S">
<edge label="SB" idref="s302_1"/>
<edge label="HD" idref="s302_2"/>
<edge label="MO" idref="s302_503"/>
 </nt>
<nt id="s302_506" cat="CS">
<edge label="CD" idref="s302_8"/>
<edge label="CJ" idref="s302_504"/>
<edge label="CJ" idref="s302_505"/>
 </nt>
</nonterminals>
</graph>
</s><s xmlns:xsi="http://www.w3.org/2001/XMLSchema-instance" id="s303" art_id="12473" orig_id="ID_maz-12473">
<graph root="s303_505">
<terminals>
<t id="s303_1" word="Schon" lemma="--" pos="ADV" morph="--"/>
<t id="s303_2" word="im" lemma="--" pos="APPRART" morph="--"/>
<t id="s303_3" word="zweiten" lemma="--" pos="ADJA" morph="--"/>
<t id="s303_4" word="Quartal" lemma="--" pos="NN" morph="--"/>
<t id="s303_5" word="des" lemma="--" pos="ART" morph="--"/>
<t id="s303_6" word="laufenden" lemma="--" pos="ADJA" morph="--"/>
<t id="s303_7" word="Jahres" lemma="--" pos="NN" morph="--"/>
<t id="s303_8" word="hat" lemma="--" pos="VAFIN" morph="--"/>
<t id="s303_9" word="sich" lemma="--" pos="PRF" morph="--"/>
<t id="s303_10" word="die" lemma="--" pos="ART" morph="--"/>
<t id="s303_11" word="Wirtschaft" lemma="--" pos="NN" morph="--"/>
<t id="s303_12" word="nicht" lemma="--" pos="PTKNEG" morph="--"/>
<t id="s303_13" word="mehr" lemma="--" pos="ADV" morph="--"/>
<t id="s303_14" word="bewegt" lemma="--" pos="VVPP" morph="--"/>
<t id="s303_15" word="." lemma="--" pos="$." morph="--"/>
</terminals>
<nonterminals>
<nt id="s303_500" cat="NP">
<edge label="NK" idref="s303_5"/>
<edge label="NK" idref="s303_6"/>
<edge label="NK" idref="s303_7"/>
 </nt>
<nt id="s303_501" cat="NP">
<edge label="NK" idref="s303_10"/>
<edge label="NK" idref="s303_11"/>
 </nt>
<nt id="s303_502" cat="AVP">
<edge label="HD" idref="s303_12"/>
<edge label="MO" idref="s303_13"/>
 </nt>
<nt id="s303_503" cat="PP">
<edge label="MO" idref="s303_1"/>
<edge label="AC" idref="s303_2"/>
<edge label="NK" idref="s303_3"/>
<edge label="NK" idref="s303_4"/>
<edge label="AG" idref="s303_500"/>
 </nt>
<nt id="s303_504" cat="VP">
<edge label="OA" idref="s303_9"/>
<edge label="HD" idref="s303_14"/>
<edge label="NG" idref="s303_502"/>
<edge label="MO" idref="s303_503"/>
 </nt>
<nt id="s303_505" cat="S">
<edge label="HD" idref="s303_8"/>
<edge label="SB" idref="s303_501"/>
<edge label="OC" idref="s303_504"/>
 </nt>
</nonterminals>
</graph>
</s><s xmlns:xsi="http://www.w3.org/2001/XMLSchema-instance" id="s304" art_id="12473" orig_id="ID_maz-12473">
<graph root="s304_508">
<terminals>
<t id="s304_1" word="Auch" lemma="--" pos="ADV" morph="--"/>
<t id="s304_2" word="für" lemma="--" pos="APPR" morph="--"/>
<t id="s304_3" word="das" lemma="--" pos="ART" morph="--"/>
<t id="s304_4" word="dritte" lemma="--" pos="ADJA" morph="--"/>
<t id="s304_5" word="Quartal" lemma="--" pos="NN" morph="--"/>
<t id="s304_6" word="," lemma="--" pos="$," morph="--"/>
<t id="s304_7" word="dessen" lemma="--" pos="PRELAT" morph="--"/>
<t id="s304_8" word="Ergebnisse" lemma="--" pos="NN" morph="--"/>
<t id="s304_9" word="heute" lemma="--" pos="ADV" morph="--"/>
<t id="s304_10" word="vorgestellt" lemma="--" pos="VVPP" morph="--"/>
<t id="s304_11" word="werden" lemma="--" pos="VAFIN" morph="--"/>
<t id="s304_12" word="," lemma="--" pos="$," morph="--"/>
<t id="s304_13" word="ist" lemma="--" pos="VAFIN" morph="--"/>
<t id="s304_14" word="nicht" lemma="--" pos="PTKNEG" morph="--"/>
<t id="s304_15" word="mit" lemma="--" pos="APPR" morph="--"/>
<t id="s304_16" word="einem" lemma="--" pos="ART" morph="--"/>
<t id="s304_17" word="Wiederanziehen" lemma="--" pos="NN" morph="--"/>
<t id="s304_18" word="des" lemma="--" pos="ART" morph="--"/>
<t id="s304_19" word="Wachstums" lemma="--" pos="NN" morph="--"/>
<t id="s304_20" word="zu" lemma="--" pos="PTKZU" morph="--"/>
<t id="s304_21" word="rechnen" lemma="--" pos="VVINF" morph="--"/>
<t id="s304_22" word="." lemma="--" pos="$." morph="--"/>
</terminals>
<nonterminals>
<nt id="s304_500" cat="NP">
<edge label="AG" idref="s304_7"/>
<edge label="NK" idref="s304_8"/>
 </nt>
<nt id="s304_501" cat="VP">
<edge label="MO" idref="s304_9"/>
<edge label="HD" idref="s304_10"/>
 </nt>
<nt id="s304_502" cat="NP">
<edge label="NK" idref="s304_18"/>
<edge label="NK" idref="s304_19"/>
 </nt>
<nt id="s304_503" cat="VZ">
<edge label="PM" idref="s304_20"/>
<edge label="HD" idref="s304_21"/>
 </nt>
<nt id="s304_504" cat="S">
<edge label="HD" idref="s304_11"/>
<edge label="SB" idref="s304_500"/>
<edge label="OC" idref="s304_501"/>
 </nt>
<nt id="s304_505" cat="PP">
<edge label="AC" idref="s304_15"/>
<edge label="NK" idref="s304_16"/>
<edge label="NK" idref="s304_17"/>
<edge label="AG" idref="s304_502"/>
 </nt>
<nt id="s304_506" cat="PP">
<edge label="MO" idref="s304_1"/>
<edge label="AC" idref="s304_2"/>
<edge label="NK" idref="s304_3"/>
<edge label="NK" idref="s304_4"/>
<edge label="NK" idref="s304_5"/>
<edge label="RC" idref="s304_504"/>
 </nt>
<nt id="s304_507" cat="VP">
<edge label="NG" idref="s304_14"/>
<edge label="HD" idref="s304_503"/>
<edge label="MO" idref="s304_505"/>
<edge label="MO" idref="s304_506"/>
 </nt>
<nt id="s304_508" cat="S">
<edge label="HD" idref="s304_13"/>
<edge label="OC" idref="s304_507"/>
 </nt>
</nonterminals>
</graph>
</s><s xmlns:xsi="http://www.w3.org/2001/XMLSchema-instance" id="s305" art_id="12473" orig_id="ID_maz-12473">
<graph root="s305_504">
<terminals>
<t id="s305_1" word="Zu" lemma="--" pos="APPR" morph="--"/>
<t id="s305_2" word="diesen" lemma="--" pos="PDAT" morph="--"/>
<t id="s305_3" word="eher" lemma="--" pos="ADV" morph="--"/>
<t id="s305_4" word="objektiven" lemma="--" pos="ADJA" morph="--"/>
<t id="s305_5" word="Zahlen" lemma="--" pos="NN" morph="--"/>
<t id="s305_6" word="kommen" lemma="--" pos="VVFIN" morph="--"/>
<t id="s305_7" word="nun" lemma="--" pos="ADV" morph="--"/>
<t id="s305_8" word="die" lemma="--" pos="ART" morph="--"/>
<t id="s305_9" word="subjektiven" lemma="--" pos="ADJA" morph="--"/>
<t id="s305_10" word="-" lemma="--" pos="$(" morph="--"/>
<t id="s305_11" word="die" lemma="--" pos="ART" morph="--"/>
<t id="s305_12" word="individuellen" lemma="--" pos="ADJA" morph="--"/>
<t id="s305_13" word="Erwartungen" lemma="--" pos="NN" morph="--"/>
<t id="s305_14" word="." lemma="--" pos="$." morph="--"/>
</terminals>
<nonterminals>
<nt id="s305_500" cat="AP">
<edge label="MO" idref="s305_3"/>
<edge label="HD" idref="s305_4"/>
 </nt>
<nt id="s305_501" cat="NP">
<edge label="NK" idref="s305_11"/>
<edge label="NK" idref="s305_12"/>
<edge label="NK" idref="s305_13"/>
 </nt>
<nt id="s305_502" cat="PP">
<edge label="AC" idref="s305_1"/>
<edge label="NK" idref="s305_2"/>
<edge label="NK" idref="s305_5"/>
<edge label="NK" idref="s305_500"/>
 </nt>
<nt id="s305_503" cat="NP">
<edge label="NK" idref="s305_8"/>
<edge label="NK" idref="s305_9"/>
<edge label="APP" idref="s305_501"/>
 </nt>
<nt id="s305_504" cat="S">
<edge label="HD" idref="s305_6"/>
<edge label="MO" idref="s305_7"/>
<edge label="MO" idref="s305_502"/>
<edge label="SB" idref="s305_503"/>
 </nt>
</nonterminals>
</graph>
</s><s xmlns:xsi="http://www.w3.org/2001/XMLSchema-instance" id="s306" art_id="12473" orig_id="ID_maz-12473">
<graph root="s306_501">
<terminals>
<t id="s306_1" word="Und" lemma="--" pos="KON" morph="--"/>
<t id="s306_2" word="da" lemma="--" pos="ADV" morph="--"/>
<t id="s306_3" word="sieht" lemma="--" pos="VVFIN" morph="--"/>
<t id="s306_4" word="es" lemma="--" pos="PPER" morph="--"/>
<t id="s306_5" word="immer" lemma="--" pos="ADV" morph="--"/>
<t id="s306_6" word="schlechter" lemma="--" pos="ADJD" morph="--"/>
<t id="s306_7" word="aus" lemma="--" pos="PTKVZ" morph="--"/>
<t id="s306_8" word="." lemma="--" pos="$." morph="--"/>
</terminals>
<nonterminals>
<nt id="s306_500" cat="AP">
<edge label="MO" idref="s306_5"/>
<edge label="HD" idref="s306_6"/>
 </nt>
<nt id="s306_501" cat="S">
<edge label="JU" idref="s306_1"/>
<edge label="MO" idref="s306_2"/>
<edge label="HD" idref="s306_3"/>
<edge label="SB" idref="s306_4"/>
<edge label="SVP" idref="s306_7"/>
<edge label="MO" idref="s306_500"/>
 </nt>
</nonterminals>
</graph>
</s><s xmlns:xsi="http://www.w3.org/2001/XMLSchema-instance" id="s307" art_id="12473" orig_id="ID_maz-12473">
<graph root="s307_503">
<terminals>
<t id="s307_1" word="Denn" lemma="--" pos="KON" morph="--"/>
<t id="s307_2" word="inzwischen" lemma="--" pos="ADV" morph="--"/>
<t id="s307_3" word="haben" lemma="--" pos="VAFIN" morph="--"/>
<t id="s307_4" word="auch" lemma="--" pos="ADV" morph="--"/>
<t id="s307_5" word="die" lemma="--" pos="ART" morph="--"/>
<t id="s307_6" word="Unternehmer" lemma="--" pos="NN" morph="--"/>
<t id="s307_7" word="den" lemma="--" pos="ART" morph="--"/>
<t id="s307_8" word="Mut" lemma="--" pos="NN" morph="--"/>
<t id="s307_9" word="verloren" lemma="--" pos="VVPP" morph="--"/>
<t id="s307_10" word="." lemma="--" pos="$." morph="--"/>
</terminals>
<nonterminals>
<nt id="s307_500" cat="NP">
<edge label="MO" idref="s307_4"/>
<edge label="NK" idref="s307_5"/>
<edge label="NK" idref="s307_6"/>
 </nt>
<nt id="s307_501" cat="NP">
<edge label="NK" idref="s307_7"/>
<edge label="NK" idref="s307_8"/>
 </nt>
<nt id="s307_502" cat="VP">
<edge label="MO" idref="s307_2"/>
<edge label="HD" idref="s307_9"/>
<edge label="OA" idref="s307_501"/>
 </nt>
<nt id="s307_503" cat="S">
<edge label="JU" idref="s307_1"/>
<edge label="HD" idref="s307_3"/>
<edge label="SB" idref="s307_500"/>
<edge label="OC" idref="s307_502"/>
 </nt>
</nonterminals>
</graph>
</s><s xmlns:xsi="http://www.w3.org/2001/XMLSchema-instance" id="s308" art_id="12473" orig_id="ID_maz-12473">
<graph root="s308_505">
<terminals>
<t id="s308_1" word="Nach" lemma="--" pos="APPR" morph="--"/>
<t id="s308_2" word="dem" lemma="--" pos="ART" morph="--"/>
<t id="s308_3" word="Münchener" lemma="--" pos="ADJA" morph="--"/>
<t id="s308_4" word="Geschäftsklima-Index" lemma="--" pos="NN" morph="--"/>
<t id="s308_5" word="beurteilen" lemma="--" pos="VVFIN" morph="--"/>
<t id="s308_6" word="sie" lemma="--" pos="PPER" morph="--"/>
<t id="s308_7" word="die" lemma="--" pos="ART" morph="--"/>
<t id="s308_8" word="Aussichten" lemma="--" pos="NN" morph="--"/>
<t id="s308_9" word="der" lemma="--" pos="ART" morph="--"/>
<t id="s308_10" word="nächsten" lemma="--" pos="ADJA" morph="--"/>
<t id="s308_11" word="sechs" lemma="--" pos="CARD" morph="--"/>
<t id="s308_12" word="Monate" lemma="--" pos="NN" morph="--"/>
<t id="s308_13" word="schlechter" lemma="--" pos="ADJD" morph="--"/>
<t id="s308_14" word="als" lemma="--" pos="KOKOM" morph="--"/>
<t id="s308_15" word="noch" lemma="--" pos="ADV" morph="--"/>
<t id="s308_16" word="im" lemma="--" pos="APPRART" morph="--"/>
<t id="s308_17" word="September" lemma="--" pos="NN" morph="--"/>
<t id="s308_18" word="." lemma="--" pos="$." morph="--"/>
</terminals>
<nonterminals>
<nt id="s308_500" cat="PP">
<edge label="AC" idref="s308_1"/>
<edge label="NK" idref="s308_2"/>
<edge label="NK" idref="s308_3"/>
<edge label="NK" idref="s308_4"/>
 </nt>
<nt id="s308_501" cat="NP">
<edge label="NK" idref="s308_9"/>
<edge label="NK" idref="s308_10"/>
<edge label="NK" idref="s308_11"/>
<edge label="NK" idref="s308_12"/>
 </nt>
<nt id="s308_502" cat="PP">
<edge label="CM" idref="s308_14"/>
<edge label="MO" idref="s308_15"/>
<edge label="AC" idref="s308_16"/>
<edge label="NK" idref="s308_17"/>
 </nt>
<nt id="s308_503" cat="NP">
<edge label="NK" idref="s308_7"/>
<edge label="NK" idref="s308_8"/>
<edge label="AG" idref="s308_501"/>
 </nt>
<nt id="s308_504" cat="AP">
<edge label="HD" idref="s308_13"/>
<edge label="CC" idref="s308_502"/>
 </nt>
<nt id="s308_505" cat="S">
<edge label="HD" idref="s308_5"/>
<edge label="SB" idref="s308_6"/>
<edge label="MO" idref="s308_500"/>
<edge label="OA" idref="s308_503"/>
<edge label="MO" idref="s308_504"/>
 </nt>
</nonterminals>
</graph>
</s><s xmlns:xsi="http://www.w3.org/2001/XMLSchema-instance" id="s309" art_id="12473" orig_id="ID_maz-12473">
<graph root="s309_501">
<terminals>
<t id="s309_1" word="Wirtschaft" lemma="--" pos="NN" morph="--"/>
<t id="s309_2" word="basiert" lemma="--" pos="VVFIN" morph="--"/>
<t id="s309_3" word="aber" lemma="--" pos="ADV" morph="--"/>
<t id="s309_4" word="auf" lemma="--" pos="APPR" morph="--"/>
<t id="s309_5" word="Vertrauen" lemma="--" pos="NN" morph="--"/>
<t id="s309_6" word="." lemma="--" pos="$." morph="--"/>
</terminals>
<nonterminals>
<nt id="s309_500" cat="PP">
<edge label="AC" idref="s309_4"/>
<edge label="NK" idref="s309_5"/>
 </nt>
<nt id="s309_501" cat="S">
<edge label="SB" idref="s309_1"/>
<edge label="HD" idref="s309_2"/>
<edge label="MO" idref="s309_3"/>
<edge label="OP" idref="s309_500"/>
 </nt>
</nonterminals>
</graph>
</s><s xmlns:xsi="http://www.w3.org/2001/XMLSchema-instance" id="s310" art_id="12473" orig_id="ID_maz-12473">
<graph root="s310_504">
<terminals>
<t id="s310_1" word="Sehen" lemma="--" pos="VVFIN" morph="--"/>
<t id="s310_2" word="die" lemma="--" pos="ART" morph="--"/>
<t id="s310_3" word="Unternehmen" lemma="--" pos="NN" morph="--"/>
<t id="s310_4" word="keine" lemma="--" pos="PIAT" morph="--"/>
<t id="s310_5" word="Perspektive" lemma="--" pos="NN" morph="--"/>
<t id="s310_6" word="," lemma="--" pos="$," morph="--"/>
<t id="s310_7" word="schieben" lemma="--" pos="VVFIN" morph="--"/>
<t id="s310_8" word="sie" lemma="--" pos="PPER" morph="--"/>
<t id="s310_9" word="ihre" lemma="--" pos="PPOSAT" morph="--"/>
<t id="s310_10" word="Investitionen" lemma="--" pos="NN" morph="--"/>
<t id="s310_11" word="auf" lemma="--" pos="PTKVZ" morph="--"/>
<t id="s310_12" word="." lemma="--" pos="$." morph="--"/>
</terminals>
<nonterminals>
<nt id="s310_500" cat="NP">
<edge label="NK" idref="s310_2"/>
<edge label="NK" idref="s310_3"/>
 </nt>
<nt id="s310_501" cat="NP">
<edge label="NK" idref="s310_4"/>
<edge label="NK" idref="s310_5"/>
 </nt>
<nt id="s310_502" cat="NP">
<edge label="NK" idref="s310_9"/>
<edge label="NK" idref="s310_10"/>
 </nt>
<nt id="s310_503" cat="S">
<edge label="HD" idref="s310_1"/>
<edge label="SB" idref="s310_500"/>
<edge label="OA" idref="s310_501"/>
 </nt>
<nt id="s310_504" cat="S">
<edge label="HD" idref="s310_7"/>
<edge label="SB" idref="s310_8"/>
<edge label="SVP" idref="s310_11"/>
<edge label="OA" idref="s310_502"/>
<edge label="MO" idref="s310_503"/>
 </nt>
</nonterminals>
</graph>
</s><s xmlns:xsi="http://www.w3.org/2001/XMLSchema-instance" id="s311" art_id="12473" orig_id="ID_maz-12473">
<graph root="s311_505">
<terminals>
<t id="s311_1" word="Das" lemma="--" pos="PDS" morph="--"/>
<t id="s311_2" word="ist" lemma="--" pos="VAFIN" morph="--"/>
<t id="s311_3" word="alarmierend" lemma="--" pos="ADJD" morph="--"/>
<t id="s311_4" word="," lemma="--" pos="$," morph="--"/>
<t id="s311_5" word="zumal" lemma="--" pos="KOUS" morph="--"/>
<t id="s311_6" word="sich" lemma="--" pos="PRF" morph="--"/>
<t id="s311_7" word="auch" lemma="--" pos="ADV" morph="--"/>
<t id="s311_8" word="der" lemma="--" pos="ART" morph="--"/>
<t id="s311_9" word="im" lemma="--" pos="APPRART" morph="--"/>
<t id="s311_10" word="ersten" lemma="--" pos="ADJA" morph="--"/>
<t id="s311_11" word="Halbjahr" lemma="--" pos="NN" morph="--"/>
<t id="s311_12" word="noch" lemma="--" pos="ADV" morph="--"/>
<t id="s311_13" word="starke" lemma="--" pos="ADJA" morph="--"/>
<t id="s311_14" word="private" lemma="--" pos="ADJA" morph="--"/>
<t id="s311_15" word="Konsum" lemma="--" pos="NN" morph="--"/>
<t id="s311_16" word="abgeschwächt" lemma="--" pos="VVPP" morph="--"/>
<t id="s311_17" word="hat" lemma="--" pos="VAFIN" morph="--"/>
<t id="s311_18" word="." lemma="--" pos="$." morph="--"/>
</terminals>
<nonterminals>
<nt id="s311_500" cat="PP">
<edge label="AC" idref="s311_9"/>
<edge label="NK" idref="s311_10"/>
<edge label="NK" idref="s311_11"/>
 </nt>
<nt id="s311_501" cat="VP">
<edge label="OA" idref="s311_6"/>
<edge label="HD" idref="s311_16"/>
 </nt>
<nt id="s311_502" cat="AP">
<edge label="MO" idref="s311_12"/>
<edge label="HD" idref="s311_13"/>
<edge label="MO" idref="s311_500"/>
 </nt>
<nt id="s311_503" cat="NP">
<edge label="MO" idref="s311_7"/>
<edge label="NK" idref="s311_8"/>
<edge label="NK" idref="s311_14"/>
<edge label="NK" idref="s311_15"/>
<edge label="NK" idref="s311_502"/>
 </nt>
<nt id="s311_504" cat="S">
<edge label="CP" idref="s311_5"/>
<edge label="HD" idref="s311_17"/>
<edge label="OC" idref="s311_501"/>
<edge label="SB" idref="s311_503"/>
 </nt>
<nt id="s311_505" cat="S">
<edge label="SB" idref="s311_1"/>
<edge label="HD" idref="s311_2"/>
<edge label="PD" idref="s311_3"/>
<edge label="MO" idref="s311_504"/>
 </nt>
</nonterminals>
</graph>
</s><s xmlns:xsi="http://www.w3.org/2001/XMLSchema-instance" id="s312" art_id="12473" orig_id="ID_maz-12473">
<graph root="s312_505">
<terminals>
<t id="s312_1" word="Gleichzeitig" lemma="--" pos="ADJD" morph="--"/>
<t id="s312_2" word="ist" lemma="--" pos="VAFIN" morph="--"/>
<t id="s312_3" word="der" lemma="--" pos="ART" morph="--"/>
<t id="s312_4" word="Export" lemma="--" pos="NN" morph="--"/>
<t id="s312_5" word="eingebrochen" lemma="--" pos="VVPP" morph="--"/>
<t id="s312_6" word="," lemma="--" pos="$," morph="--"/>
<t id="s312_7" word="der" lemma="--" pos="PRELS" morph="--"/>
<t id="s312_8" word="traditionell" lemma="--" pos="ADJD" morph="--"/>
<t id="s312_9" word="die" lemma="--" pos="ART" morph="--"/>
<t id="s312_10" word="deutsche" lemma="--" pos="ADJA" morph="--"/>
<t id="s312_11" word="Konjunktur" lemma="--" pos="NN" morph="--"/>
<t id="s312_12" word="beflügelt" lemma="--" pos="VVPP" morph="--"/>
<t id="s312_13" word="hat" lemma="--" pos="VAFIN" morph="--"/>
<t id="s312_14" word="." lemma="--" pos="$." morph="--"/>
</terminals>
<nonterminals>
<nt id="s312_500" cat="VP">
<edge label="MO" idref="s312_1"/>
<edge label="HD" idref="s312_5"/>
 </nt>
<nt id="s312_501" cat="NP">
<edge label="NK" idref="s312_9"/>
<edge label="NK" idref="s312_10"/>
<edge label="NK" idref="s312_11"/>
 </nt>
<nt id="s312_502" cat="VP">
<edge label="MO" idref="s312_8"/>
<edge label="HD" idref="s312_12"/>
<edge label="OA" idref="s312_501"/>
 </nt>
<nt id="s312_503" cat="S">
<edge label="SB" idref="s312_7"/>
<edge label="HD" idref="s312_13"/>
<edge label="OC" idref="s312_502"/>
 </nt>
<nt id="s312_504" cat="NP">
<edge label="NK" idref="s312_3"/>
<edge label="NK" idref="s312_4"/>
<edge label="RC" idref="s312_503"/>
 </nt>
<nt id="s312_505" cat="S">
<edge label="HD" idref="s312_2"/>
<edge label="OC" idref="s312_500"/>
<edge label="SB" idref="s312_504"/>
 </nt>
</nonterminals>
</graph>
</s></body></corpus>
