<?xml version="1.0" encoding="utf-8" standalone="yes"?>
<corpus id="ID_maz-12666">
<body>
<s xmlns:xsi="http://www.w3.org/2001/XMLSchema-instance" id="s343" art_id="12666" orig_id="ID_maz-12666">
<graph root="s343_501">
<terminals>
<t id="s343_1" word="Spatz" lemma="--" pos="NN" morph="--"/>
<t id="s343_2" word="in" lemma="--" pos="APPR" morph="--"/>
<t id="s343_3" word="der" lemma="--" pos="ART" morph="--"/>
<t id="s343_4" word="Hand" lemma="--" pos="NN" morph="--"/>
</terminals>
<nonterminals>
<nt id="s343_500" cat="PP">
<edge label="AC" idref="s343_2"/>
<edge label="NK" idref="s343_3"/>
<edge label="NK" idref="s343_4"/>
 </nt>
<nt id="s343_501" cat="NP">
<edge label="NK" idref="s343_1"/>
<edge label="MNR" idref="s343_500"/>
 </nt>
</nonterminals>
</graph>
</s><s xmlns:xsi="http://www.w3.org/2001/XMLSchema-instance" id="s344" art_id="12666" orig_id="ID_maz-12666">
<graph root="s344_507">
<terminals>
<t id="s344_1" word="Rüdiger" lemma="--" pos="NE" morph="--"/>
<t id="s344_2" word="Kadatz" lemma="--" pos="NE" morph="--"/>
<t id="s344_3" word="hat" lemma="--" pos="VAFIN" morph="--"/>
<t id="s344_4" word="seine" lemma="--" pos="PPOSAT" morph="--"/>
<t id="s344_5" word="Meinung" lemma="--" pos="NN" morph="--"/>
<t id="s344_6" word="zum" lemma="--" pos="APPRART" morph="--"/>
<t id="s344_7" word="Rheinsberger" lemma="--" pos="ADJA" morph="--"/>
<t id="s344_8" word="Thermalbad" lemma="--" pos="NN" morph="--"/>
<t id="s344_9" word="," lemma="--" pos="$," morph="--"/>
<t id="s344_10" word="und" lemma="--" pos="KON" morph="--"/>
<t id="s344_11" word="er" lemma="--" pos="PPER" morph="--"/>
<t id="s344_12" word="will" lemma="--" pos="VMFIN" morph="--"/>
<t id="s344_13" word="sie" lemma="--" pos="PPER" morph="--"/>
<t id="s344_14" word="nicht" lemma="--" pos="PTKNEG" morph="--"/>
<t id="s344_15" word="in" lemma="--" pos="APPR" morph="--"/>
<t id="s344_16" word="Frage" lemma="--" pos="NN" morph="--"/>
<t id="s344_17" word="stellen" lemma="--" pos="VVINF" morph="--"/>
<t id="s344_18" word=":" lemma="--" pos="$." morph="--"/>
</terminals>
<nonterminals>
<nt id="s344_500" cat="PN">
<edge label="PNC" idref="s344_1"/>
<edge label="PNC" idref="s344_2"/>
 </nt>
<nt id="s344_501" cat="PP">
<edge label="AC" idref="s344_6"/>
<edge label="NK" idref="s344_7"/>
<edge label="NK" idref="s344_8"/>
 </nt>
<nt id="s344_502" cat="PP">
<edge label="AC" idref="s344_15"/>
<edge label="NK" idref="s344_16"/>
 </nt>
<nt id="s344_503" cat="NP">
<edge label="NK" idref="s344_4"/>
<edge label="NK" idref="s344_5"/>
<edge label="MNR" idref="s344_501"/>
 </nt>
<nt id="s344_504" cat="VP">
<edge label="OA" idref="s344_13"/>
<edge label="HD" idref="s344_17"/>
<edge label="CVC" idref="s344_502"/>
 </nt>
<nt id="s344_505" cat="S">
<edge label="HD" idref="s344_3"/>
<edge label="SB" idref="s344_500"/>
<edge label="OA" idref="s344_503"/>
 </nt>
<nt id="s344_506" cat="S">
<edge label="SB" idref="s344_11"/>
<edge label="HD" idref="s344_12"/>
<edge label="NG" idref="s344_14"/>
<edge label="OC" idref="s344_504"/>
 </nt>
<nt id="s344_507" cat="CS">
<edge label="CD" idref="s344_10"/>
<edge label="CJ" idref="s344_505"/>
<edge label="CJ" idref="s344_506"/>
 </nt>
</nonterminals>
</graph>
</s><s xmlns:xsi="http://www.w3.org/2001/XMLSchema-instance" id="s345" art_id="12666" orig_id="ID_maz-12666">
<graph root="s345_503">
<terminals>
<t id="s345_1" word="Nach" lemma="--" pos="APPR" morph="--"/>
<t id="s345_2" word="einem" lemma="--" pos="ART" morph="--"/>
<t id="s345_3" word="Jahr" lemma="--" pos="NN" morph="--"/>
<t id="s345_4" word="Verhandelns" lemma="--" pos="NN" morph="--"/>
<t id="s345_5" word="habe" lemma="--" pos="VAFIN" morph="--"/>
<t id="s345_6" word="Rheinsbergs" lemma="--" pos="NE" morph="--"/>
<t id="s345_7" word="Favorit" lemma="--" pos="NN" morph="--"/>
<t id="s345_8" word="Rogner" lemma="--" pos="NE" morph="--"/>
<t id="s345_9" word="verspielt" lemma="--" pos="VVPP" morph="--"/>
<t id="s345_10" word="." lemma="--" pos="$." morph="--"/>
</terminals>
<nonterminals>
<nt id="s345_500" cat="PP">
<edge label="AC" idref="s345_1"/>
<edge label="NK" idref="s345_2"/>
<edge label="NK" idref="s345_3"/>
<edge label="AG" idref="s345_4"/>
 </nt>
<nt id="s345_501" cat="NP">
<edge label="AG" idref="s345_6"/>
<edge label="NK" idref="s345_7"/>
<edge label="NK" idref="s345_8"/>
 </nt>
<nt id="s345_502" cat="VP">
<edge label="HD" idref="s345_9"/>
<edge label="MO" idref="s345_500"/>
 </nt>
<nt id="s345_503" cat="S">
<edge label="HD" idref="s345_5"/>
<edge label="SB" idref="s345_501"/>
<edge label="OC" idref="s345_502"/>
 </nt>
</nonterminals>
</graph>
</s><s xmlns:xsi="http://www.w3.org/2001/XMLSchema-instance" id="s346" art_id="12666" orig_id="ID_maz-12666">
<graph root="s346_507">
<terminals>
<t id="s346_1" word="Ein" lemma="--" pos="ART" morph="--"/>
<t id="s346_2" word="neuer" lemma="--" pos="ADJA" morph="--"/>
<t id="s346_3" word="Investor" lemma="--" pos="NN" morph="--"/>
<t id="s346_4" word="muss" lemma="--" pos="VMFIN" morph="--"/>
<t id="s346_5" word="her" lemma="--" pos="PTKVZ" morph="--"/>
<t id="s346_6" word="," lemma="--" pos="$," morph="--"/>
<t id="s346_7" word="und" lemma="--" pos="KON" morph="--"/>
<t id="s346_8" word="den" lemma="--" pos="PDS" morph="--"/>
<t id="s346_9" word="hatte" lemma="--" pos="VAFIN" morph="--"/>
<t id="s346_10" word="Kadatz" lemma="--" pos="NE" morph="--"/>
<t id="s346_11" word="am" lemma="--" pos="APPRART" morph="--"/>
<t id="s346_12" word="Mittwochabend" lemma="--" pos="NN" morph="--"/>
<t id="s346_13" word="in" lemma="--" pos="APPR" morph="--"/>
<t id="s346_14" word="der" lemma="--" pos="ART" morph="--"/>
<t id="s346_15" word="Stadtverordnetenversammlung" lemma="--" pos="NN" morph="--"/>
<t id="s346_16" word="parat" lemma="--" pos="ADJD" morph="--"/>
<t id="s346_17" word="-" lemma="--" pos="$(" morph="--"/>
<t id="s346_18" word="die" lemma="--" pos="ART" morph="--"/>
<t id="s346_19" word="Lielje-Gruppe" lemma="--" pos="NE" morph="--"/>
<t id="s346_20" word="." lemma="--" pos="$." morph="--"/>
</terminals>
<nonterminals>
<nt id="s346_500" cat="NP">
<edge label="NK" idref="s346_1"/>
<edge label="NK" idref="s346_2"/>
<edge label="NK" idref="s346_3"/>
 </nt>
<nt id="s346_501" cat="PP">
<edge label="AC" idref="s346_11"/>
<edge label="NK" idref="s346_12"/>
 </nt>
<nt id="s346_502" cat="PP">
<edge label="AC" idref="s346_13"/>
<edge label="NK" idref="s346_14"/>
<edge label="NK" idref="s346_15"/>
 </nt>
<nt id="s346_503" cat="NP">
<edge label="NK" idref="s346_18"/>
<edge label="NK" idref="s346_19"/>
 </nt>
<nt id="s346_504" cat="S">
<edge label="HD" idref="s346_4"/>
<edge label="SVP" idref="s346_5"/>
<edge label="SB" idref="s346_500"/>
 </nt>
<nt id="s346_505" cat="NP">
<edge label="NK" idref="s346_8"/>
<edge label="APP" idref="s346_503"/>
 </nt>
<nt id="s346_506" cat="S">
<edge label="HD" idref="s346_9"/>
<edge label="SB" idref="s346_10"/>
<edge label="MO" idref="s346_16"/>
<edge label="MO" idref="s346_501"/>
<edge label="MO" idref="s346_502"/>
<edge label="OA" idref="s346_505"/>
 </nt>
<nt id="s346_507" cat="CS">
<edge label="CD" idref="s346_7"/>
<edge label="CJ" idref="s346_504"/>
<edge label="CJ" idref="s346_506"/>
 </nt>
</nonterminals>
</graph>
</s><s xmlns:xsi="http://www.w3.org/2001/XMLSchema-instance" id="s347" art_id="12666" orig_id="ID_maz-12666">
<graph root="s347_505">
<terminals>
<t id="s347_1" word="Dass" lemma="--" pos="KOUS" morph="--"/>
<t id="s347_2" word="die" lemma="--" pos="PDS" morph="--"/>
<t id="s347_3" word="nur" lemma="--" pos="ADV" morph="--"/>
<t id="s347_4" word="ein" lemma="--" pos="ART" morph="--"/>
<t id="s347_5" word="Bad" lemma="--" pos="NN" morph="--"/>
<t id="s347_6" word="," lemma="--" pos="$," morph="--"/>
<t id="s347_7" word="kein" lemma="--" pos="PIAT" morph="--"/>
<t id="s347_8" word="Hotel" lemma="--" pos="NN" morph="--"/>
<t id="s347_9" word="bauen" lemma="--" pos="VVINF" morph="--"/>
<t id="s347_10" word="will" lemma="--" pos="VMFIN" morph="--"/>
<t id="s347_11" word="," lemma="--" pos="$," morph="--"/>
<t id="s347_12" word="interessierte" lemma="--" pos="VVFIN" morph="--"/>
<t id="s347_13" word="Kadatz" lemma="--" pos="NE" morph="--"/>
<t id="s347_14" word="weniger" lemma="--" pos="ADV" morph="--"/>
<t id="s347_15" word="." lemma="--" pos="$." morph="--"/>
</terminals>
<nonterminals>
<nt id="s347_500" cat="NP">
<edge label="MO" idref="s347_3"/>
<edge label="NK" idref="s347_4"/>
<edge label="NK" idref="s347_5"/>
 </nt>
<nt id="s347_501" cat="NP">
<edge label="NK" idref="s347_7"/>
<edge label="NK" idref="s347_8"/>
 </nt>
<nt id="s347_502" cat="CNP">
<edge label="CJ" idref="s347_500"/>
<edge label="CJ" idref="s347_501"/>
 </nt>
<nt id="s347_503" cat="VP">
<edge label="HD" idref="s347_9"/>
<edge label="OA" idref="s347_502"/>
 </nt>
<nt id="s347_504" cat="S">
<edge label="CP" idref="s347_1"/>
<edge label="SB" idref="s347_2"/>
<edge label="HD" idref="s347_10"/>
<edge label="OC" idref="s347_503"/>
 </nt>
<nt id="s347_505" cat="S">
<edge label="HD" idref="s347_12"/>
<edge label="OA" idref="s347_13"/>
<edge label="MO" idref="s347_14"/>
<edge label="SB" idref="s347_504"/>
 </nt>
</nonterminals>
</graph>
</s><s xmlns:xsi="http://www.w3.org/2001/XMLSchema-instance" id="s348" art_id="12666" orig_id="ID_maz-12666">
<graph root="s348_502">
<terminals>
<t id="s348_1" word="Auch" lemma="--" pos="ADV" morph="--"/>
<t id="s348_2" word="nicht" lemma="--" pos="PTKNEG" morph="--"/>
<t id="s348_3" word="die" lemma="--" pos="ART" morph="--"/>
<t id="s348_4" word="letzten" lemma="--" pos="ADJA" morph="--"/>
<t id="s348_5" word="Gespräche" lemma="--" pos="NN" morph="--"/>
<t id="s348_6" word="mit" lemma="--" pos="APPR" morph="--"/>
<t id="s348_7" word="Rogner" lemma="--" pos="NE" morph="--"/>
<t id="s348_8" word="." lemma="--" pos="$." morph="--"/>
</terminals>
<nonterminals>
<nt id="s348_500" cat="PP">
<edge label="AC" idref="s348_6"/>
<edge label="NK" idref="s348_7"/>
 </nt>
<nt id="s348_501" cat="NP">
<edge label="NK" idref="s348_3"/>
<edge label="NK" idref="s348_4"/>
<edge label="NK" idref="s348_5"/>
<edge label="OP" idref="s348_500"/>
 </nt>
<nt id="s348_502" cat="S">
<edge label="MO" idref="s348_1"/>
<edge label="NG" idref="s348_2"/>
<edge label="SB" idref="s348_501"/>
 </nt>
</nonterminals>
</graph>
</s><s xmlns:xsi="http://www.w3.org/2001/XMLSchema-instance" id="s349" art_id="12666" orig_id="ID_maz-12666">
<graph root="s349_500">
<terminals>
<t id="s349_1" word="Neue" lemma="--" pos="ADJA" morph="--"/>
<t id="s349_2" word="Entwicklungen" lemma="--" pos="NN" morph="--"/>
<t id="s349_3" word="?" lemma="--" pos="$." morph="--"/>
</terminals>
<nonterminals>
<nt id="s349_500" cat="NP">
<edge label="NK" idref="s349_1"/>
<edge label="NK" idref="s349_2"/>
 </nt>
</nonterminals>
</graph>
</s><s xmlns:xsi="http://www.w3.org/2001/XMLSchema-instance" id="s350" art_id="12666" orig_id="ID_maz-12666">
<graph root="s350_500">
<terminals>
<t id="s350_1" word="Wozu" lemma="--" pos="PWAV" morph="--"/>
<t id="s350_2" word="noch" lemma="--" pos="ADV" morph="--"/>
<t id="s350_3" word="?" lemma="--" pos="$." morph="--"/>
</terminals>
<nonterminals>
<nt id="s350_500" cat="S">
<edge label="MO" idref="s350_1"/>
<edge label="MO" idref="s350_2"/>
 </nt>
</nonterminals>
</graph>
</s><s xmlns:xsi="http://www.w3.org/2001/XMLSchema-instance" id="s351" art_id="12666" orig_id="ID_maz-12666">
<graph root="s351_501">
<terminals>
<t id="s351_1" word="Für" lemma="--" pos="APPR" morph="--"/>
<t id="s351_2" word="Kadatz" lemma="--" pos="NE" morph="--"/>
<t id="s351_3" word="war" lemma="--" pos="VAFIN" morph="--"/>
<t id="s351_4" word="klar" lemma="--" pos="ADJD" morph="--"/>
<t id="s351_5" word=":" lemma="--" pos="$." morph="--"/>
</terminals>
<nonterminals>
<nt id="s351_500" cat="PP">
<edge label="AC" idref="s351_1"/>
<edge label="NK" idref="s351_2"/>
 </nt>
<nt id="s351_501" cat="S">
<edge label="HD" idref="s351_3"/>
<edge label="PD" idref="s351_4"/>
<edge label="MO" idref="s351_500"/>
 </nt>
</nonterminals>
</graph>
</s><s xmlns:xsi="http://www.w3.org/2001/XMLSchema-instance" id="s352" art_id="12666" orig_id="ID_maz-12666">
<graph root="s352_505">
<terminals>
<t id="s352_1" word="Lieber" lemma="--" pos="ADV" morph="--"/>
<t id="s352_2" word="den" lemma="--" pos="ART" morph="--"/>
<t id="s352_3" word="Spatz" lemma="--" pos="NN" morph="--"/>
<t id="s352_4" word="in" lemma="--" pos="APPR" morph="--"/>
<t id="s352_5" word="der" lemma="--" pos="ART" morph="--"/>
<t id="s352_6" word="Hand" lemma="--" pos="NN" morph="--"/>
<t id="s352_7" word="als" lemma="--" pos="KOKOM" morph="--"/>
<t id="s352_8" word="die" lemma="--" pos="ART" morph="--"/>
<t id="s352_9" word="Taube" lemma="--" pos="NN" morph="--"/>
<t id="s352_10" word="auf" lemma="--" pos="APPR" morph="--"/>
<t id="s352_11" word="dem" lemma="--" pos="ART" morph="--"/>
<t id="s352_12" word="Dach" lemma="--" pos="NN" morph="--"/>
<t id="s352_13" word="." lemma="--" pos="$." morph="--"/>
</terminals>
<nonterminals>
<nt id="s352_500" cat="PP">
<edge label="AC" idref="s352_4"/>
<edge label="NK" idref="s352_5"/>
<edge label="NK" idref="s352_6"/>
 </nt>
<nt id="s352_501" cat="PP">
<edge label="AC" idref="s352_10"/>
<edge label="NK" idref="s352_11"/>
<edge label="NK" idref="s352_12"/>
 </nt>
<nt id="s352_502" cat="NP">
<edge label="NK" idref="s352_2"/>
<edge label="NK" idref="s352_3"/>
<edge label="MNR" idref="s352_500"/>
 </nt>
<nt id="s352_503" cat="NP">
<edge label="CM" idref="s352_7"/>
<edge label="NK" idref="s352_8"/>
<edge label="NK" idref="s352_9"/>
<edge label="MNR" idref="s352_501"/>
 </nt>
<nt id="s352_504" cat="AVP">
<edge label="HD" idref="s352_1"/>
<edge label="CC" idref="s352_503"/>
 </nt>
<nt id="s352_505" cat="S">
<edge label="OA" idref="s352_502"/>
<edge label="MO" idref="s352_504"/>
 </nt>
</nonterminals>
</graph>
</s><s xmlns:xsi="http://www.w3.org/2001/XMLSchema-instance" id="s353" art_id="12666" orig_id="ID_maz-12666">
<graph root="s353_503">
<terminals>
<t id="s353_1" word="Eine" lemma="--" pos="ART" morph="--"/>
<t id="s353_2" word="verständliche" lemma="--" pos="ADJA" morph="--"/>
<t id="s353_3" word="Einstellung" lemma="--" pos="NN" morph="--"/>
<t id="s353_4" word="-" lemma="--" pos="$(" morph="--"/>
<t id="s353_5" word="wenn" lemma="--" pos="KOUS" morph="--"/>
<t id="s353_6" word="es" lemma="--" pos="PPER" morph="--"/>
<t id="s353_7" word="denn" lemma="--" pos="ADV" morph="--"/>
<t id="s353_8" word="einen" lemma="--" pos="ART" morph="--"/>
<t id="s353_9" word="Spatz" lemma="--" pos="NN" morph="--"/>
<t id="s353_10" word="gäbe" lemma="--" pos="VVFIN" morph="--"/>
<t id="s353_11" word="." lemma="--" pos="$." morph="--"/>
</terminals>
<nonterminals>
<nt id="s353_500" cat="NP">
<edge label="NK" idref="s353_1"/>
<edge label="NK" idref="s353_2"/>
<edge label="NK" idref="s353_3"/>
 </nt>
<nt id="s353_501" cat="NP">
<edge label="NK" idref="s353_8"/>
<edge label="NK" idref="s353_9"/>
 </nt>
<nt id="s353_502" cat="S">
<edge label="CP" idref="s353_5"/>
<edge label="EP" idref="s353_6"/>
<edge label="MO" idref="s353_7"/>
<edge label="HD" idref="s353_10"/>
<edge label="OA" idref="s353_501"/>
 </nt>
<nt id="s353_503" cat="S">
<edge label="PD" idref="s353_500"/>
<edge label="MO" idref="s353_502"/>
 </nt>
</nonterminals>
</graph>
</s><s xmlns:xsi="http://www.w3.org/2001/XMLSchema-instance" id="s354" art_id="12666" orig_id="ID_maz-12666">
<graph root="s354_506">
<terminals>
<t id="s354_1" word="Wenn" lemma="--" pos="KOUS" morph="--"/>
<t id="s354_2" word="man" lemma="--" pos="PIS" morph="--"/>
<t id="s354_3" word="genauer" lemma="--" pos="ADJD" morph="--"/>
<t id="s354_4" word="hinsieht" lemma="--" pos="VVFIN" morph="--"/>
<t id="s354_5" word="," lemma="--" pos="$," morph="--"/>
<t id="s354_6" word="halten" lemma="--" pos="VVFIN" morph="--"/>
<t id="s354_7" word="die" lemma="--" pos="ART" morph="--"/>
<t id="s354_8" word="Rheinsberger" lemma="--" pos="NN" morph="--"/>
<t id="s354_9" word="vom" lemma="--" pos="APPRART" morph="--"/>
<t id="s354_10" word="zweiten" lemma="--" pos="ADJA" morph="--"/>
<t id="s354_11" word="Thermalbad-Bewerber" lemma="--" pos="NN" morph="--"/>
<t id="s354_12" word="nicht" lemma="--" pos="PTKNEG" morph="--"/>
<t id="s354_13" word="mehr" lemma="--" pos="PIS" morph="--"/>
<t id="s354_14" word="in" lemma="--" pos="APPR" morph="--"/>
<t id="s354_15" word="der" lemma="--" pos="ART" morph="--"/>
<t id="s354_16" word="Hand" lemma="--" pos="NN" morph="--"/>
<t id="s354_17" word="als" lemma="--" pos="KOKOM" morph="--"/>
<t id="s354_18" word="vom" lemma="--" pos="APPRART" morph="--"/>
<t id="s354_19" word="ersten" lemma="--" pos="ADJA" morph="--"/>
<t id="s354_20" word="." lemma="--" pos="$." morph="--"/>
</terminals>
<nonterminals>
<nt id="s354_500" cat="S">
<edge label="CP" idref="s354_1"/>
<edge label="SB" idref="s354_2"/>
<edge label="MO" idref="s354_3"/>
<edge label="HD" idref="s354_4"/>
 </nt>
<nt id="s354_501" cat="NP">
<edge label="NK" idref="s354_7"/>
<edge label="NK" idref="s354_8"/>
 </nt>
<nt id="s354_502" cat="PP">
<edge label="AC" idref="s354_9"/>
<edge label="NK" idref="s354_10"/>
<edge label="NK" idref="s354_11"/>
 </nt>
<nt id="s354_503" cat="PP">
<edge label="AC" idref="s354_14"/>
<edge label="NK" idref="s354_15"/>
<edge label="NK" idref="s354_16"/>
 </nt>
<nt id="s354_504" cat="PP">
<edge label="CM" idref="s354_17"/>
<edge label="AC" idref="s354_18"/>
<edge label="NK" idref="s354_19"/>
 </nt>
<nt id="s354_505" cat="NP">
<edge label="NG" idref="s354_12"/>
<edge label="NK" idref="s354_13"/>
<edge label="MNR" idref="s354_502"/>
<edge label="CC" idref="s354_504"/>
 </nt>
<nt id="s354_506" cat="S">
<edge label="HD" idref="s354_6"/>
<edge label="MO" idref="s354_500"/>
<edge label="SB" idref="s354_501"/>
<edge label="MO" idref="s354_503"/>
<edge label="OA" idref="s354_505"/>
 </nt>
</nonterminals>
</graph>
</s><s xmlns:xsi="http://www.w3.org/2001/XMLSchema-instance" id="s355" art_id="12666" orig_id="ID_maz-12666">
<graph root="s355_509">
<terminals>
<t id="s355_1" word="Ein" lemma="--" pos="ART" morph="--"/>
<t id="s355_2" word="paar" lemma="--" pos="PIAT" morph="--"/>
<t id="s355_3" word="vage" lemma="--" pos="ADJA" morph="--"/>
<t id="s355_4" word="mündliche" lemma="--" pos="ADJA" morph="--"/>
<t id="s355_5" word="Finanzierungs-Versprechen" lemma="--" pos="NN" morph="--"/>
<t id="s355_6" word="," lemma="--" pos="$," morph="--"/>
<t id="s355_7" word="die" lemma="--" pos="ART" morph="--"/>
<t id="s355_8" word="Skizze" lemma="--" pos="NN" morph="--"/>
<t id="s355_9" word="des" lemma="--" pos="ART" morph="--"/>
<t id="s355_10" word="einzigen" lemma="--" pos="ADJA" morph="--"/>
<t id="s355_11" word="anderen" lemma="--" pos="ADJA" morph="--"/>
<t id="s355_12" word="Bades" lemma="--" pos="NN" morph="--"/>
<t id="s355_13" word="," lemma="--" pos="$," morph="--"/>
<t id="s355_14" word="das" lemma="--" pos="PDS" morph="--"/>
<t id="s355_15" word="ist" lemma="--" pos="VAFIN" morph="--"/>
<t id="s355_16" word="alles" lemma="--" pos="PIS" morph="--"/>
<t id="s355_17" word="," lemma="--" pos="$," morph="--"/>
<t id="s355_18" word="was" lemma="--" pos="PRELS" morph="--"/>
<t id="s355_19" word="Lielje" lemma="--" pos="NE" morph="--"/>
<t id="s355_20" word="vorweisen" lemma="--" pos="VVINF" morph="--"/>
<t id="s355_21" word="kann" lemma="--" pos="VMFIN" morph="--"/>
<t id="s355_22" word="." lemma="--" pos="$." morph="--"/>
</terminals>
<nonterminals>
<nt id="s355_500" cat="NP">
<edge label="NK" idref="s355_1"/>
<edge label="NK" idref="s355_2"/>
 </nt>
<nt id="s355_501" cat="NP">
<edge label="NK" idref="s355_9"/>
<edge label="NK" idref="s355_10"/>
<edge label="NK" idref="s355_11"/>
<edge label="NK" idref="s355_12"/>
 </nt>
<nt id="s355_502" cat="VP">
<edge label="OA" idref="s355_18"/>
<edge label="HD" idref="s355_20"/>
 </nt>
<nt id="s355_503" cat="NP">
<edge label="NK" idref="s355_3"/>
<edge label="NK" idref="s355_4"/>
<edge label="NK" idref="s355_5"/>
<edge label="NK" idref="s355_500"/>
 </nt>
<nt id="s355_504" cat="NP">
<edge label="NK" idref="s355_7"/>
<edge label="NK" idref="s355_8"/>
<edge label="AG" idref="s355_501"/>
 </nt>
<nt id="s355_505" cat="S">
<edge label="SB" idref="s355_19"/>
<edge label="HD" idref="s355_21"/>
<edge label="OC" idref="s355_502"/>
 </nt>
<nt id="s355_506" cat="CNP">
<edge label="CJ" idref="s355_503"/>
<edge label="CJ" idref="s355_504"/>
 </nt>
<nt id="s355_507" cat="NP">
<edge label="NK" idref="s355_16"/>
<edge label="RC" idref="s355_505"/>
 </nt>
<nt id="s355_508" cat="NP">
<edge label="PH" idref="s355_14"/>
<edge label="RE" idref="s355_506"/>
 </nt>
<nt id="s355_509" cat="S">
<edge label="HD" idref="s355_15"/>
<edge label="PD" idref="s355_507"/>
<edge label="SB" idref="s355_508"/>
 </nt>
</nonterminals>
</graph>
</s><s xmlns:xsi="http://www.w3.org/2001/XMLSchema-instance" id="s356" art_id="12666" orig_id="ID_maz-12666">
<graph root="s356_501">
<terminals>
<t id="s356_1" word="Eine" lemma="--" pos="ART" morph="--"/>
<t id="s356_2" word="echte" lemma="--" pos="ADJA" morph="--"/>
<t id="s356_3" word="Alternative" lemma="--" pos="NN" morph="--"/>
<t id="s356_4" word="sieht" lemma="--" pos="VVFIN" morph="--"/>
<t id="s356_5" word="anders" lemma="--" pos="ADV" morph="--"/>
<t id="s356_6" word="aus" lemma="--" pos="PTKVZ" morph="--"/>
<t id="s356_7" word="." lemma="--" pos="$." morph="--"/>
</terminals>
<nonterminals>
<nt id="s356_500" cat="NP">
<edge label="NK" idref="s356_1"/>
<edge label="NK" idref="s356_2"/>
<edge label="NK" idref="s356_3"/>
 </nt>
<nt id="s356_501" cat="S">
<edge label="HD" idref="s356_4"/>
<edge label="MO" idref="s356_5"/>
<edge label="SVP" idref="s356_6"/>
<edge label="SB" idref="s356_500"/>
 </nt>
</nonterminals>
</graph>
</s><s xmlns:xsi="http://www.w3.org/2001/XMLSchema-instance" id="s357" art_id="12666" orig_id="ID_maz-12666">
<graph root="s357_501">
<terminals>
<t id="s357_1" word="Doch" lemma="--" pos="KON" morph="--"/>
<t id="s357_2" word="immerhin" lemma="--" pos="ADV" morph="--"/>
<t id="s357_3" word="bewegt" lemma="--" pos="VVFIN" morph="--"/>
<t id="s357_4" word="sich" lemma="--" pos="PRF" morph="--"/>
<t id="s357_5" word="etwas" lemma="--" pos="PIS" morph="--"/>
<t id="s357_6" word="im" lemma="--" pos="APPRART" morph="--"/>
<t id="s357_7" word="Rheinsberger" lemma="--" pos="ADJA" morph="--"/>
<t id="s357_8" word="Thermalbad-Rennen" lemma="--" pos="NN" morph="--"/>
<t id="s357_9" word="." lemma="--" pos="$." morph="--"/>
</terminals>
<nonterminals>
<nt id="s357_500" cat="PP">
<edge label="AC" idref="s357_6"/>
<edge label="NK" idref="s357_7"/>
<edge label="NK" idref="s357_8"/>
 </nt>
<nt id="s357_501" cat="S">
<edge label="JU" idref="s357_1"/>
<edge label="MO" idref="s357_2"/>
<edge label="HD" idref="s357_3"/>
<edge label="OA" idref="s357_4"/>
<edge label="SB" idref="s357_5"/>
<edge label="MO" idref="s357_500"/>
 </nt>
</nonterminals>
</graph>
</s><s xmlns:xsi="http://www.w3.org/2001/XMLSchema-instance" id="s358" art_id="12666" orig_id="ID_maz-12666">
<graph root="s358_502">
<terminals>
<t id="s358_1" word="Rogner" lemma="--" pos="NE" morph="--"/>
<t id="s358_2" word="ist" lemma="--" pos="VAFIN" morph="--"/>
<t id="s358_3" word="willig" lemma="--" pos="ADJD" morph="--"/>
<t id="s358_4" word="," lemma="--" pos="$," morph="--"/>
<t id="s358_5" word="Finanziers" lemma="--" pos="NN" morph="--"/>
<t id="s358_6" word="sind" lemma="--" pos="VAFIN" morph="--"/>
<t id="s358_7" word="gefunden" lemma="--" pos="VVPP" morph="--"/>
<t id="s358_8" word="." lemma="--" pos="$." morph="--"/>
</terminals>
<nonterminals>
<nt id="s358_500" cat="S">
<edge label="SB" idref="s358_1"/>
<edge label="HD" idref="s358_2"/>
<edge label="PD" idref="s358_3"/>
 </nt>
<nt id="s358_501" cat="S">
<edge label="SB" idref="s358_5"/>
<edge label="HD" idref="s358_6"/>
<edge label="PD" idref="s358_7"/>
 </nt>
<nt id="s358_502" cat="CS">
<edge label="CJ" idref="s358_500"/>
<edge label="CJ" idref="s358_501"/>
 </nt>
</nonterminals>
</graph>
</s><s xmlns:xsi="http://www.w3.org/2001/XMLSchema-instance" id="s359" art_id="12666" orig_id="ID_maz-12666">
<graph root="s359_507">
<terminals>
<t id="s359_1" word="Es" lemma="--" pos="PPER" morph="--"/>
<t id="s359_2" word="wäre" lemma="--" pos="VAFIN" morph="--"/>
<t id="s359_3" word="unverantwortlich" lemma="--" pos="ADJD" morph="--"/>
<t id="s359_4" word="," lemma="--" pos="$," morph="--"/>
<t id="s359_5" word="Rogner" lemma="--" pos="NE" morph="--"/>
<t id="s359_6" word="so" lemma="--" pos="ADV" morph="--"/>
<t id="s359_7" word="kurz" lemma="--" pos="ADJD" morph="--"/>
<t id="s359_8" word="vor" lemma="--" pos="APPR" morph="--"/>
<t id="s359_9" word="der" lemma="--" pos="ART" morph="--"/>
<t id="s359_10" word="Ziellinie" lemma="--" pos="NN" morph="--"/>
<t id="s359_11" word="die" lemma="--" pos="ART" morph="--"/>
<t id="s359_12" word="Luft" lemma="--" pos="NN" morph="--"/>
<t id="s359_13" word="aus" lemma="--" pos="APPR" morph="--"/>
<t id="s359_14" word="den" lemma="--" pos="ART" morph="--"/>
<t id="s359_15" word="Reifen" lemma="--" pos="NN" morph="--"/>
<t id="s359_16" word="zu" lemma="--" pos="PTKZU" morph="--"/>
<t id="s359_17" word="lassen" lemma="--" pos="VVINF" morph="--"/>
<t id="s359_18" word="." lemma="--" pos="$." morph="--"/>
</terminals>
<nonterminals>
<nt id="s359_500" cat="AP">
<edge label="MO" idref="s359_6"/>
<edge label="HD" idref="s359_7"/>
 </nt>
<nt id="s359_501" cat="NP">
<edge label="NK" idref="s359_11"/>
<edge label="NK" idref="s359_12"/>
 </nt>
<nt id="s359_502" cat="PP">
<edge label="AC" idref="s359_13"/>
<edge label="NK" idref="s359_14"/>
<edge label="NK" idref="s359_15"/>
 </nt>
<nt id="s359_503" cat="VZ">
<edge label="PM" idref="s359_16"/>
<edge label="HD" idref="s359_17"/>
 </nt>
<nt id="s359_504" cat="PP">
<edge label="AC" idref="s359_8"/>
<edge label="NK" idref="s359_9"/>
<edge label="NK" idref="s359_10"/>
<edge label="MO" idref="s359_500"/>
 </nt>
<nt id="s359_505" cat="VP">
<edge label="DA" idref="s359_5"/>
<edge label="OA" idref="s359_501"/>
<edge label="MO" idref="s359_502"/>
<edge label="HD" idref="s359_503"/>
<edge label="MO" idref="s359_504"/>
 </nt>
<nt id="s359_506" cat="NP">
<edge label="PH" idref="s359_1"/>
<edge label="RE" idref="s359_505"/>
 </nt>
<nt id="s359_507" cat="S">
<edge label="HD" idref="s359_2"/>
<edge label="PD" idref="s359_3"/>
<edge label="SB" idref="s359_506"/>
 </nt>
</nonterminals>
</graph>
</s><s xmlns:xsi="http://www.w3.org/2001/XMLSchema-instance" id="s360" art_id="12666" orig_id="ID_maz-12666">
<graph root="s360_502">
<terminals>
<t id="s360_1" word="Am" lemma="--" pos="APPRART" morph="--"/>
<t id="s360_2" word="Ende" lemma="--" pos="NN" morph="--"/>
<t id="s360_3" word="steht" lemma="--" pos="VVFIN" morph="--"/>
<t id="s360_4" word="Rheinsberg" lemma="--" pos="NE" morph="--"/>
<t id="s360_5" word="ohne" lemma="--" pos="APPR" morph="--"/>
<t id="s360_6" word="Investor" lemma="--" pos="NN" morph="--"/>
<t id="s360_7" word="da" lemma="--" pos="PTKVZ" morph="--"/>
<t id="s360_8" word="." lemma="--" pos="$." morph="--"/>
</terminals>
<nonterminals>
<nt id="s360_500" cat="PP">
<edge label="AC" idref="s360_1"/>
<edge label="NK" idref="s360_2"/>
 </nt>
<nt id="s360_501" cat="PP">
<edge label="AC" idref="s360_5"/>
<edge label="NK" idref="s360_6"/>
 </nt>
<nt id="s360_502" cat="S">
<edge label="HD" idref="s360_3"/>
<edge label="SB" idref="s360_4"/>
<edge label="SVP" idref="s360_7"/>
<edge label="MO" idref="s360_500"/>
<edge label="MO" idref="s360_501"/>
 </nt>
</nonterminals>
</graph>
</s></body></corpus>
