<?xml version="1.0" encoding="utf-8" standalone="yes"?>
<corpus id="ID_maz-11544">
<body>
<s xmlns:xsi="http://www.w3.org/2001/XMLSchema-instance" id="s199" art_id="11544" orig_id="ID_maz-11544">
<graph root="s199_1">
<terminals>
<t id="s199_1" word="Erfolgsverwöhnt" lemma="--" pos="ADJD" morph="--"/>
</terminals>
<nonterminals>
</nonterminals>
</graph>
</s><s xmlns:xsi="http://www.w3.org/2001/XMLSchema-instance" id="s200" art_id="11544" orig_id="ID_maz-11544">
<graph root="s200_503">
<terminals>
<t id="s200_1" word="Erneut" lemma="--" pos="ADJD" morph="--"/>
<t id="s200_2" word="sorgt" lemma="--" pos="VVFIN" morph="--"/>
<t id="s200_3" word="das" lemma="--" pos="ART" morph="--"/>
<t id="s200_4" word="renommierte" lemma="--" pos="ADJA" morph="--"/>
<t id="s200_5" word="Unternehmen" lemma="--" pos="NN" morph="--"/>
<t id="s200_6" word="Parmalat" lemma="--" pos="NE" morph="--"/>
<t id="s200_7" word="mit" lemma="--" pos="APPR" morph="--"/>
<t id="s200_8" word="einem" lemma="--" pos="ART" morph="--"/>
<t id="s200_9" word="Paukenschlag" lemma="--" pos="NN" morph="--"/>
<t id="s200_10" word="für" lemma="--" pos="APPR" morph="--"/>
<t id="s200_11" word="positive" lemma="--" pos="ADJA" morph="--"/>
<t id="s200_12" word="Schlagzeilen" lemma="--" pos="NN" morph="--"/>
<t id="s200_13" word="." lemma="--" pos="$." morph="--"/>
</terminals>
<nonterminals>
<nt id="s200_500" cat="NP">
<edge label="NK" idref="s200_3"/>
<edge label="NK" idref="s200_4"/>
<edge label="NK" idref="s200_5"/>
<edge label="NK" idref="s200_6"/>
 </nt>
<nt id="s200_501" cat="PP">
<edge label="AC" idref="s200_7"/>
<edge label="NK" idref="s200_8"/>
<edge label="NK" idref="s200_9"/>
 </nt>
<nt id="s200_502" cat="PP">
<edge label="AC" idref="s200_10"/>
<edge label="NK" idref="s200_11"/>
<edge label="NK" idref="s200_12"/>
 </nt>
<nt id="s200_503" cat="S">
<edge label="MO" idref="s200_1"/>
<edge label="HD" idref="s200_2"/>
<edge label="SB" idref="s200_500"/>
<edge label="MO" idref="s200_501"/>
<edge label="OP" idref="s200_502"/>
 </nt>
</nonterminals>
</graph>
</s><s xmlns:xsi="http://www.w3.org/2001/XMLSchema-instance" id="s201" art_id="11544" orig_id="ID_maz-11544">
<graph root="s201_510">
<terminals>
<t id="s201_1" word="Eine" lemma="--" pos="PIS" morph="--"/>
<t id="s201_2" word="der" lemma="--" pos="ART" morph="--"/>
<t id="s201_3" word="modernsten" lemma="--" pos="ADJA" morph="--"/>
<t id="s201_4" word="Produktionslinien" lemma="--" pos="NN" morph="--"/>
<t id="s201_5" word="ist" lemma="--" pos="VAFIN" morph="--"/>
<t id="s201_6" word="gestern" lemma="--" pos="ADV" morph="--"/>
<t id="s201_7" word="offiziell" lemma="--" pos="ADJD" morph="--"/>
<t id="s201_8" word="gestartet" lemma="--" pos="VVPP" morph="--"/>
<t id="s201_9" word="worden" lemma="--" pos="VAPP" morph="--"/>
<t id="s201_10" word="," lemma="--" pos="$," morph="--"/>
<t id="s201_11" word="mit" lemma="--" pos="APPR" morph="--"/>
<t id="s201_12" word="deren" lemma="--" pos="PRELAT" morph="--"/>
<t id="s201_13" word="Hilfe" lemma="--" pos="NN" morph="--"/>
<t id="s201_14" word="frische" lemma="--" pos="ADJA" morph="--"/>
<t id="s201_15" word="Milch" lemma="--" pos="NN" morph="--"/>
<t id="s201_16" word="aus" lemma="--" pos="APPR" morph="--"/>
<t id="s201_17" word="dem" lemma="--" pos="ART" morph="--"/>
<t id="s201_18" word="Brandenburgischen" lemma="--" pos="ADJA" morph="--"/>
<t id="s201_19" word="auf" lemma="--" pos="APPR" morph="--"/>
<t id="s201_20" word="dem" lemma="--" pos="ART" morph="--"/>
<t id="s201_21" word="Frühstückstisch" lemma="--" pos="NN" morph="--"/>
<t id="s201_22" word="italienischer" lemma="--" pos="ADJA" morph="--"/>
<t id="s201_23" word="Familien" lemma="--" pos="NN" morph="--"/>
<t id="s201_24" word="landet" lemma="--" pos="VVFIN" morph="--"/>
<t id="s201_25" word="." lemma="--" pos="$." morph="--"/>
</terminals>
<nonterminals>
<nt id="s201_500" cat="NP">
<edge label="NK" idref="s201_2"/>
<edge label="NK" idref="s201_3"/>
<edge label="NK" idref="s201_4"/>
 </nt>
<nt id="s201_501" cat="VP">
<edge label="MO" idref="s201_6"/>
<edge label="MO" idref="s201_7"/>
<edge label="HD" idref="s201_8"/>
 </nt>
<nt id="s201_502" cat="PP">
<edge label="AC" idref="s201_11"/>
<edge label="AG" idref="s201_12"/>
<edge label="NK" idref="s201_13"/>
 </nt>
<nt id="s201_503" cat="PP">
<edge label="AC" idref="s201_16"/>
<edge label="NK" idref="s201_17"/>
<edge label="NK" idref="s201_18"/>
 </nt>
<nt id="s201_504" cat="NP">
<edge label="NK" idref="s201_22"/>
<edge label="NK" idref="s201_23"/>
 </nt>
<nt id="s201_505" cat="VP">
<edge label="HD" idref="s201_9"/>
<edge label="OC" idref="s201_501"/>
 </nt>
<nt id="s201_506" cat="NP">
<edge label="NK" idref="s201_14"/>
<edge label="NK" idref="s201_15"/>
<edge label="MNR" idref="s201_503"/>
 </nt>
<nt id="s201_507" cat="PP">
<edge label="AC" idref="s201_19"/>
<edge label="NK" idref="s201_20"/>
<edge label="NK" idref="s201_21"/>
<edge label="AG" idref="s201_504"/>
 </nt>
<nt id="s201_508" cat="S">
<edge label="HD" idref="s201_24"/>
<edge label="MO" idref="s201_502"/>
<edge label="SB" idref="s201_506"/>
<edge label="MO" idref="s201_507"/>
 </nt>
<nt id="s201_509" cat="NP">
<edge label="NK" idref="s201_1"/>
<edge label="AG" idref="s201_500"/>
<edge label="RC" idref="s201_508"/>
 </nt>
<nt id="s201_510" cat="S">
<edge label="HD" idref="s201_5"/>
<edge label="OC" idref="s201_505"/>
<edge label="SB" idref="s201_509"/>
 </nt>
</nonterminals>
</graph>
</s><s xmlns:xsi="http://www.w3.org/2001/XMLSchema-instance" id="s202" art_id="11544" orig_id="ID_maz-11544">
<graph root="s202_503">
<terminals>
<t id="s202_1" word="Zu" lemma="--" pos="APPR" morph="--"/>
<t id="s202_2" word="Recht" lemma="--" pos="NN" morph="--"/>
<t id="s202_3" word="ist" lemma="--" pos="VAFIN" morph="--"/>
<t id="s202_4" word="die" lemma="--" pos="ART" morph="--"/>
<t id="s202_5" word="Chefetage" lemma="--" pos="NN" morph="--"/>
<t id="s202_6" word="des" lemma="--" pos="ART" morph="--"/>
<t id="s202_7" word="Milchgiganten" lemma="--" pos="NN" morph="--"/>
<t id="s202_8" word="zufrieden" lemma="--" pos="ADJD" morph="--"/>
<t id="s202_9" word="." lemma="--" pos="$." morph="--"/>
</terminals>
<nonterminals>
<nt id="s202_500" cat="PP">
<edge label="AC" idref="s202_1"/>
<edge label="NK" idref="s202_2"/>
 </nt>
<nt id="s202_501" cat="NP">
<edge label="NK" idref="s202_6"/>
<edge label="NK" idref="s202_7"/>
 </nt>
<nt id="s202_502" cat="NP">
<edge label="NK" idref="s202_4"/>
<edge label="NK" idref="s202_5"/>
<edge label="AG" idref="s202_501"/>
 </nt>
<nt id="s202_503" cat="S">
<edge label="HD" idref="s202_3"/>
<edge label="PD" idref="s202_8"/>
<edge label="MO" idref="s202_500"/>
<edge label="SB" idref="s202_502"/>
 </nt>
</nonterminals>
</graph>
</s><s xmlns:xsi="http://www.w3.org/2001/XMLSchema-instance" id="s203" art_id="11544" orig_id="ID_maz-11544">
<graph root="s203_504">
<terminals>
<t id="s203_1" word="Unbestritten" lemma="--" pos="ADJD" morph="--"/>
<t id="s203_2" word="ist" lemma="--" pos="VAFIN" morph="--"/>
<t id="s203_3" word="die" lemma="--" pos="ART" morph="--"/>
<t id="s203_4" word="Geschichte" lemma="--" pos="NN" morph="--"/>
<t id="s203_5" word="von" lemma="--" pos="APPR" morph="--"/>
<t id="s203_6" word="Parmalat" lemma="--" pos="NE" morph="--"/>
<t id="s203_7" word="in" lemma="--" pos="APPR" morph="--"/>
<t id="s203_8" word="Gransee" lemma="--" pos="NE" morph="--"/>
<t id="s203_9" word="eine" lemma="--" pos="ART" morph="--"/>
<t id="s203_10" word="Erfolgsstory" lemma="--" pos="NN" morph="--"/>
<t id="s203_11" word="." lemma="--" pos="$." morph="--"/>
</terminals>
<nonterminals>
<nt id="s203_500" cat="PP">
<edge label="AC" idref="s203_7"/>
<edge label="NK" idref="s203_8"/>
 </nt>
<nt id="s203_501" cat="NP">
<edge label="NK" idref="s203_9"/>
<edge label="NK" idref="s203_10"/>
 </nt>
<nt id="s203_502" cat="PP">
<edge label="AC" idref="s203_5"/>
<edge label="NK" idref="s203_6"/>
<edge label="MNR" idref="s203_500"/>
 </nt>
<nt id="s203_503" cat="NP">
<edge label="NK" idref="s203_3"/>
<edge label="NK" idref="s203_4"/>
<edge label="PG" idref="s203_502"/>
 </nt>
<nt id="s203_504" cat="S">
<edge label="MO" idref="s203_1"/>
<edge label="HD" idref="s203_2"/>
<edge label="PD" idref="s203_501"/>
<edge label="SB" idref="s203_503"/>
 </nt>
</nonterminals>
</graph>
</s><s xmlns:xsi="http://www.w3.org/2001/XMLSchema-instance" id="s204" art_id="11544" orig_id="ID_maz-11544">
<graph root="s204_508">
<terminals>
<t id="s204_1" word="Zu" lemma="--" pos="PTKZU" morph="--"/>
<t id="s204_2" word="danken" lemma="--" pos="VVINF" morph="--"/>
<t id="s204_3" word="ist" lemma="--" pos="VAFIN" morph="--"/>
<t id="s204_4" word="dies" lemma="--" pos="PDS" morph="--"/>
<t id="s204_5" word="natürlich" lemma="--" pos="ADV" morph="--"/>
<t id="s204_6" word="in" lemma="--" pos="APPR" morph="--"/>
<t id="s204_7" word="erster" lemma="--" pos="ADJA" morph="--"/>
<t id="s204_8" word="Linie" lemma="--" pos="NN" morph="--"/>
<t id="s204_9" word="den" lemma="--" pos="ART" morph="--"/>
<t id="s204_10" word="engagierten" lemma="--" pos="ADJA" morph="--"/>
<t id="s204_11" word="Mitarbeitern" lemma="--" pos="NN" morph="--"/>
<t id="s204_12" word="und" lemma="--" pos="KON" morph="--"/>
<t id="s204_13" word="der" lemma="--" pos="ART" morph="--"/>
<t id="s204_14" word="Investitionsfreudigkeit" lemma="--" pos="NN" morph="--"/>
<t id="s204_15" word="des" lemma="--" pos="ART" morph="--"/>
<t id="s204_16" word="Konzerns" lemma="--" pos="NN" morph="--"/>
<t id="s204_17" word="." lemma="--" pos="$." morph="--"/>
</terminals>
<nonterminals>
<nt id="s204_500" cat="VZ">
<edge label="PM" idref="s204_1"/>
<edge label="HD" idref="s204_2"/>
 </nt>
<nt id="s204_501" cat="PP">
<edge label="AC" idref="s204_6"/>
<edge label="NK" idref="s204_7"/>
<edge label="NK" idref="s204_8"/>
 </nt>
<nt id="s204_502" cat="NP">
<edge label="NK" idref="s204_9"/>
<edge label="NK" idref="s204_10"/>
<edge label="NK" idref="s204_11"/>
 </nt>
<nt id="s204_503" cat="NP">
<edge label="NK" idref="s204_15"/>
<edge label="NK" idref="s204_16"/>
 </nt>
<nt id="s204_504" cat="NP">
<edge label="NK" idref="s204_13"/>
<edge label="NK" idref="s204_14"/>
<edge label="AG" idref="s204_503"/>
 </nt>
<nt id="s204_505" cat="CNP">
<edge label="CD" idref="s204_12"/>
<edge label="CJ" idref="s204_502"/>
<edge label="CJ" idref="s204_504"/>
 </nt>
<nt id="s204_506" cat="NP">
<edge label="MO" idref="s204_501"/>
<edge label="NK" idref="s204_505"/>
 </nt>
<nt id="s204_507" cat="VP">
<edge label="MO" idref="s204_5"/>
<edge label="HD" idref="s204_500"/>
<edge label="DA" idref="s204_506"/>
 </nt>
<nt id="s204_508" cat="S">
<edge label="HD" idref="s204_3"/>
<edge label="SB" idref="s204_4"/>
<edge label="OC" idref="s204_507"/>
 </nt>
</nonterminals>
</graph>
</s><s xmlns:xsi="http://www.w3.org/2001/XMLSchema-instance" id="s205" art_id="11544" orig_id="ID_maz-11544">
<graph root="s205_504">
<terminals>
<t id="s205_1" word="Aber" lemma="--" pos="KON" morph="--"/>
<t id="s205_2" word="auch" lemma="--" pos="ADV" morph="--"/>
<t id="s205_3" word="Gransees" lemma="--" pos="NE" morph="--"/>
<t id="s205_4" word="Stadtväter" lemma="--" pos="NN" morph="--"/>
<t id="s205_5" word="trugen" lemma="--" pos="VVFIN" morph="--"/>
<t id="s205_6" word="als" lemma="--" pos="APPR" morph="--"/>
<t id="s205_7" word="unbürokratische" lemma="--" pos="ADJA" morph="--"/>
<t id="s205_8" word="Wegbereiter" lemma="--" pos="NN" morph="--"/>
<t id="s205_9" word="ihr" lemma="--" pos="PPOSAT" morph="--"/>
<t id="s205_10" word="Scherflein" lemma="--" pos="NN" morph="--"/>
<t id="s205_11" word="zum" lemma="--" pos="APPRART" morph="--"/>
<t id="s205_12" word="Erfolg" lemma="--" pos="NN" morph="--"/>
<t id="s205_13" word="bei" lemma="--" pos="PTKVZ" morph="--"/>
<t id="s205_14" word="." lemma="--" pos="$." morph="--"/>
</terminals>
<nonterminals>
<nt id="s205_500" cat="NP">
<edge label="MO" idref="s205_2"/>
<edge label="AG" idref="s205_3"/>
<edge label="NK" idref="s205_4"/>
 </nt>
<nt id="s205_501" cat="PP">
<edge label="AC" idref="s205_6"/>
<edge label="NK" idref="s205_7"/>
<edge label="NK" idref="s205_8"/>
 </nt>
<nt id="s205_502" cat="NP">
<edge label="NK" idref="s205_9"/>
<edge label="NK" idref="s205_10"/>
 </nt>
<nt id="s205_503" cat="PP">
<edge label="AC" idref="s205_11"/>
<edge label="NK" idref="s205_12"/>
 </nt>
<nt id="s205_504" cat="S">
<edge label="JU" idref="s205_1"/>
<edge label="HD" idref="s205_5"/>
<edge label="SVP" idref="s205_13"/>
<edge label="SB" idref="s205_500"/>
<edge label="MO" idref="s205_501"/>
<edge label="OA" idref="s205_502"/>
<edge label="OP" idref="s205_503"/>
 </nt>
</nonterminals>
</graph>
</s><s xmlns:xsi="http://www.w3.org/2001/XMLSchema-instance" id="s206" art_id="11544" orig_id="ID_maz-11544">
<graph root="s206_500">
<terminals>
<t id="s206_1" word="Und" lemma="--" pos="KON" morph="--"/>
<t id="s206_2" word="das" lemma="--" pos="PDS" morph="--"/>
<t id="s206_3" word="macht" lemma="--" pos="VVFIN" morph="--"/>
<t id="s206_4" word="Mut" lemma="--" pos="NN" morph="--"/>
<t id="s206_5" word="." lemma="--" pos="$." morph="--"/>
</terminals>
<nonterminals>
<nt id="s206_500" cat="S">
<edge label="JU" idref="s206_1"/>
<edge label="SB" idref="s206_2"/>
<edge label="HD" idref="s206_3"/>
<edge label="OA" idref="s206_4"/>
 </nt>
</nonterminals>
</graph>
</s><s xmlns:xsi="http://www.w3.org/2001/XMLSchema-instance" id="s207" art_id="11544" orig_id="ID_maz-11544">
<graph root="s207_507">
<terminals>
<t id="s207_1" word="Mut" lemma="--" pos="NN" morph="--">
 </t>
<t id="s207_2" word="," lemma="--" pos="$," morph="--">
 </t>
<t id="s207_3" word="mit" lemma="--" pos="APPR" morph="--">
 </t>
<t id="s207_4" word="dem" lemma="--" pos="PRELS" morph="--">
 </t>
<t id="s207_5" word="die" lemma="--" pos="ART" morph="--">
 </t>
<t id="s207_6" word="Milchverarbeiter" lemma="--" pos="NN" morph="--">
 </t>
<t id="s207_7" word="optimistisch" lemma="--" pos="ADJD" morph="--">
 </t>
<t id="s207_8" word="in" lemma="--" pos="APPR" morph="--">
 </t>
<t id="s207_9" word="die" lemma="--" pos="ART" morph="--">
 </t>
<t id="s207_10" word="Zukunft" lemma="--" pos="NN" morph="--">
 </t>
<t id="s207_11" word="blicken" lemma="--" pos="VVFIN" morph="--">
 </t>
<t id="s207_12" word="und" lemma="--" pos="KON" morph="--">
 </t>
<t id="s207_13" word="weitere" lemma="--" pos="ADJA" morph="--">
 </t>
<t id="s207_14" word="Investitionen" lemma="--" pos="NN" morph="--">
 </t>
<t id="s207_15" word="anvisieren" lemma="--" pos="VVFIN" morph="--">
 </t>
<t id="s207_16" word="." lemma="--" pos="$." morph="--">
 </t>
</terminals>
<nonterminals>
<nt id="s207_500" cat="PP">
<edge label="AC" idref="s207_3"/>
<edge label="NK" idref="s207_4"/>
<secedge label="MO" idref="s207_505"/>
 </nt>
<nt id="s207_501" cat="NP">
<edge label="NK" idref="s207_5"/>
<edge label="NK" idref="s207_6"/>
<secedge label="SB" idref="s207_505"/>
 </nt>
<nt id="s207_502" cat="PP">
<edge label="AC" idref="s207_8"/>
<edge label="NK" idref="s207_9"/>
<edge label="NK" idref="s207_10"/>
 </nt>
<nt id="s207_503" cat="NP">
<edge label="NK" idref="s207_13"/>
<edge label="NK" idref="s207_14"/>
 </nt>
<nt id="s207_504" cat="S">
<edge label="MO" idref="s207_7"/>
<edge label="HD" idref="s207_11"/>
<edge label="MO" idref="s207_500"/>
<edge label="SB" idref="s207_501"/>
<edge label="MO" idref="s207_502"/>
 </nt>
<nt id="s207_505" cat="S">
<edge label="HD" idref="s207_15"/>
<edge label="OA" idref="s207_503"/>
 </nt>
<nt id="s207_506" cat="CS">
<edge label="CD" idref="s207_12"/>
<edge label="CJ" idref="s207_504"/>
<edge label="CJ" idref="s207_505"/>
 </nt>
<nt id="s207_507" cat="NP">
<edge label="NK" idref="s207_1"/>
<edge label="RC" idref="s207_506"/>
 </nt>
</nonterminals>
</graph>
</s><s xmlns:xsi="http://www.w3.org/2001/XMLSchema-instance" id="s208" art_id="11544" orig_id="ID_maz-11544">
<graph root="s208_503">
<terminals>
<t id="s208_1" word="Natürlich" lemma="--" pos="ADV" morph="--"/>
<t id="s208_2" word="hoffen" lemma="--" pos="VVFIN" morph="--"/>
<t id="s208_3" word="die" lemma="--" pos="ART" morph="--"/>
<t id="s208_4" word="Mitarbeiter" lemma="--" pos="NN" morph="--"/>
<t id="s208_5" word="," lemma="--" pos="$," morph="--"/>
<t id="s208_6" word="dass" lemma="--" pos="KOUS" morph="--"/>
<t id="s208_7" word="sich" lemma="--" pos="PRF" morph="--"/>
<t id="s208_8" word="die" lemma="--" pos="ART" morph="--"/>
<t id="s208_9" word="millionenschweren" lemma="--" pos="ADJA" morph="--"/>
<t id="s208_10" word="Investionen" lemma="--" pos="NN" morph="--"/>
<t id="s208_11" word="bezahlt" lemma="--" pos="VVPP" morph="--"/>
<t id="s208_12" word="machen" lemma="--" pos="VVFIN" morph="--"/>
<t id="s208_13" word="." lemma="--" pos="$." morph="--"/>
</terminals>
<nonterminals>
<nt id="s208_500" cat="NP">
<edge label="NK" idref="s208_3"/>
<edge label="NK" idref="s208_4"/>
 </nt>
<nt id="s208_501" cat="NP">
<edge label="NK" idref="s208_8"/>
<edge label="NK" idref="s208_9"/>
<edge label="NK" idref="s208_10"/>
 </nt>
<nt id="s208_502" cat="S">
<edge label="CP" idref="s208_6"/>
<edge label="OA" idref="s208_7"/>
<edge label="MO" idref="s208_11"/>
<edge label="HD" idref="s208_12"/>
<edge label="SB" idref="s208_501"/>
 </nt>
<nt id="s208_503" cat="S">
<edge label="MO" idref="s208_1"/>
<edge label="HD" idref="s208_2"/>
<edge label="SB" idref="s208_500"/>
<edge label="OC" idref="s208_502"/>
 </nt>
</nonterminals>
</graph>
</s><s xmlns:xsi="http://www.w3.org/2001/XMLSchema-instance" id="s209" art_id="11544" orig_id="ID_maz-11544">
<graph root="s209_506">
<terminals>
<t id="s209_1" word="Und" lemma="--" pos="KON" morph="--"/>
<t id="s209_2" word="wer" lemma="--" pos="PWS" morph="--"/>
<t id="s209_3" word="weiß" lemma="--" pos="VVFIN" morph="--"/>
<t id="s209_4" word="," lemma="--" pos="$," morph="--"/>
<t id="s209_5" word="vielleicht" lemma="--" pos="ADV" morph="--"/>
<t id="s209_6" word="steht" lemma="--" pos="VVFIN" morph="--"/>
<t id="s209_7" word="frische" lemma="--" pos="ADJA" morph="--"/>
<t id="s209_8" word="Milch" lemma="--" pos="NN" morph="--"/>
<t id="s209_9" word="aus" lemma="--" pos="APPR" morph="--"/>
<t id="s209_10" word="Gransee" lemma="--" pos="NE" morph="--"/>
<t id="s209_11" word="eines" lemma="--" pos="ART" morph="--"/>
<t id="s209_12" word="Tages" lemma="--" pos="NN" morph="--"/>
<t id="s209_13" word="tatsächlich" lemma="--" pos="ADJD" morph="--"/>
<t id="s209_14" word="auf" lemma="--" pos="APPR" morph="--"/>
<t id="s209_15" word="dem" lemma="--" pos="ART" morph="--"/>
<t id="s209_16" word="Tisch" lemma="--" pos="NN" morph="--"/>
<t id="s209_17" word="von" lemma="--" pos="APPR" morph="--"/>
<t id="s209_18" word="Einheimischen" lemma="--" pos="NN" morph="--"/>
<t id="s209_19" word="." lemma="--" pos="$." morph="--"/>
</terminals>
<nonterminals>
<nt id="s209_500" cat="PP">
<edge label="AC" idref="s209_9"/>
<edge label="NK" idref="s209_10"/>
 </nt>
<nt id="s209_501" cat="NP">
<edge label="NK" idref="s209_11"/>
<edge label="NK" idref="s209_12"/>
 </nt>
<nt id="s209_502" cat="PP">
<edge label="AC" idref="s209_17"/>
<edge label="NK" idref="s209_18"/>
 </nt>
<nt id="s209_503" cat="NP">
<edge label="NK" idref="s209_7"/>
<edge label="NK" idref="s209_8"/>
<edge label="MNR" idref="s209_500"/>
 </nt>
<nt id="s209_504" cat="PP">
<edge label="MO" idref="s209_13"/>
<edge label="AC" idref="s209_14"/>
<edge label="NK" idref="s209_15"/>
<edge label="NK" idref="s209_16"/>
<edge label="PG" idref="s209_502"/>
 </nt>
<nt id="s209_505" cat="S">
<edge label="MO" idref="s209_5"/>
<edge label="HD" idref="s209_6"/>
<edge label="MO" idref="s209_501"/>
<edge label="SB" idref="s209_503"/>
<edge label="MO" idref="s209_504"/>
 </nt>
<nt id="s209_506" cat="S">
<edge label="JU" idref="s209_1"/>
<edge label="SB" idref="s209_2"/>
<edge label="HD" idref="s209_3"/>
<edge label="OC" idref="s209_505"/>
 </nt>
</nonterminals>
</graph>
</s><s xmlns:xsi="http://www.w3.org/2001/XMLSchema-instance" id="s210" art_id="11544" orig_id="ID_maz-11544">
<graph root="s210_503">
<terminals>
<t id="s210_1" word="Ob" lemma="--" pos="KOUS" morph="--"/>
<t id="s210_2" word="dies" lemma="--" pos="PDS" morph="--"/>
<t id="s210_3" word="aber" lemma="--" pos="ADV" morph="--"/>
<t id="s210_4" word="mehr" lemma="--" pos="PIS" morph="--"/>
<t id="s210_5" word="als" lemma="--" pos="APPR" morph="--"/>
<t id="s210_6" word="ein" lemma="--" pos="ART" morph="--"/>
<t id="s210_7" word="Wunschtraum" lemma="--" pos="NN" morph="--"/>
<t id="s210_8" word="ist" lemma="--" pos="VAFIN" morph="--"/>
<t id="s210_9" word="," lemma="--" pos="$," morph="--"/>
<t id="s210_10" word="bleibt" lemma="--" pos="VVFIN" morph="--"/>
<t id="s210_11" word="abzuwarten" lemma="--" pos="VVIZU" morph="--"/>
<t id="s210_12" word="." lemma="--" pos="$." morph="--"/>
</terminals>
<nonterminals>
<nt id="s210_500" cat="PP">
<edge label="AC" idref="s210_5"/>
<edge label="NK" idref="s210_6"/>
<edge label="NK" idref="s210_7"/>
 </nt>
<nt id="s210_501" cat="NP">
<edge label="NK" idref="s210_4"/>
<edge label="CC" idref="s210_500"/>
 </nt>
<nt id="s210_502" cat="S">
<edge label="CP" idref="s210_1"/>
<edge label="SB" idref="s210_2"/>
<edge label="MO" idref="s210_3"/>
<edge label="HD" idref="s210_8"/>
<edge label="PD" idref="s210_501"/>
 </nt>
<nt id="s210_503" cat="S">
<edge label="HD" idref="s210_10"/>
<edge label="OC" idref="s210_11"/>
<edge label="SB" idref="s210_502"/>
 </nt>
</nonterminals>
</graph>
</s><s xmlns:xsi="http://www.w3.org/2001/XMLSchema-instance" id="s211" art_id="11544" orig_id="ID_maz-11544">
<graph root="s211_505">
<terminals>
<t id="s211_1" word="Denn" lemma="--" pos="KON" morph="--"/>
<t id="s211_2" word="letztlich" lemma="--" pos="ADV" morph="--"/>
<t id="s211_3" word="liegt" lemma="--" pos="VVFIN" morph="--"/>
<t id="s211_4" word="die" lemma="--" pos="ART" morph="--"/>
<t id="s211_5" word="Entscheidung" lemma="--" pos="NN" morph="--"/>
<t id="s211_6" word="über" lemma="--" pos="APPR" morph="--"/>
<t id="s211_7" word="den" lemma="--" pos="ART" morph="--"/>
<t id="s211_8" word="Erfolg" lemma="--" pos="NN" morph="--"/>
<t id="s211_9" word="eines" lemma="--" pos="ART" morph="--"/>
<t id="s211_10" word="Produkts" lemma="--" pos="NN" morph="--"/>
<t id="s211_11" word="einzig" lemma="--" pos="ADJD" morph="--"/>
<t id="s211_12" word="und" lemma="--" pos="KON" morph="--"/>
<t id="s211_13" word="allein" lemma="--" pos="ADV" morph="--"/>
<t id="s211_14" word="beim" lemma="--" pos="APPRART" morph="--"/>
<t id="s211_15" word="Verbraucher" lemma="--" pos="NN" morph="--"/>
<t id="s211_16" word="." lemma="--" pos="$." morph="--"/>
</terminals>
<nonterminals>
<nt id="s211_500" cat="NP">
<edge label="NK" idref="s211_9"/>
<edge label="NK" idref="s211_10"/>
 </nt>
<nt id="s211_501" cat="CO">
<edge label="CJ" idref="s211_11"/>
<edge label="CD" idref="s211_12"/>
<edge label="CJ" idref="s211_13"/>
 </nt>
<nt id="s211_502" cat="PP">
<edge label="AC" idref="s211_6"/>
<edge label="NK" idref="s211_7"/>
<edge label="NK" idref="s211_8"/>
<edge label="AG" idref="s211_500"/>
 </nt>
<nt id="s211_503" cat="PP">
<edge label="AC" idref="s211_14"/>
<edge label="NK" idref="s211_15"/>
<edge label="MO" idref="s211_501"/>
 </nt>
<nt id="s211_504" cat="NP">
<edge label="NK" idref="s211_4"/>
<edge label="NK" idref="s211_5"/>
<edge label="OP" idref="s211_502"/>
 </nt>
<nt id="s211_505" cat="S">
<edge label="JU" idref="s211_1"/>
<edge label="MO" idref="s211_2"/>
<edge label="HD" idref="s211_3"/>
<edge label="MO" idref="s211_503"/>
<edge label="SB" idref="s211_504"/>
 </nt>
</nonterminals>
</graph>
</s></body></corpus>
