<?xml version="1.0" encoding="utf-8" standalone="yes"?>
<corpus id="ID_maz-9207">
<body>
<s xmlns:xsi="http://www.w3.org/2001/XMLSchema-instance" id="s2028" art_id="9207" orig_id="ID_maz-9207">
<graph root="s2028_500">
<terminals>
<t id="s2028_1" word="Fachliche" lemma="--" pos="ADJA" morph="--"/>
<t id="s2028_2" word="Leistung" lemma="--" pos="NN" morph="--"/>
</terminals>
<nonterminals>
<nt id="s2028_500" cat="NP">
<edge label="NK" idref="s2028_1"/>
<edge label="NK" idref="s2028_2"/>
 </nt>
</nonterminals>
</graph>
</s><s xmlns:xsi="http://www.w3.org/2001/XMLSchema-instance" id="s2029" art_id="9207" orig_id="ID_maz-9207">
<graph root="s2029_506">
<terminals>
<t id="s2029_1" word="Heute" lemma="--" pos="ADV" morph="--"/>
<t id="s2029_2" word="verleiht" lemma="--" pos="VVFIN" morph="--"/>
<t id="s2029_3" word="das" lemma="--" pos="ART" morph="--"/>
<t id="s2029_4" word="brandenburgische" lemma="--" pos="ADJA" morph="--"/>
<t id="s2029_5" word="Umweltministerium" lemma="--" pos="NN" morph="--"/>
<t id="s2029_6" word="den" lemma="--" pos="ART" morph="--"/>
<t id="s2029_7" word="mit" lemma="--" pos="APPR" morph="--"/>
<t id="s2029_8" word="10_000" lemma="--" pos="CARD" morph="--"/>
<t id="s2029_9" word="Mark" lemma="--" pos="NN" morph="--"/>
<t id="s2029_10" word="dotierten" lemma="--" pos="ADJA" morph="--"/>
<t id="s2029_11" word="Erwin-Strittmatter-Preis" lemma="--" pos="NE" morph="--"/>
<t id="s2029_12" word="an" lemma="--" pos="APPR" morph="--"/>
<t id="s2029_13" word="die" lemma="--" pos="ART" morph="--"/>
<t id="s2029_14" word="Schriftstellerin" lemma="--" pos="NN" morph="--"/>
<t id="s2029_15" word="Susanne" lemma="--" pos="NE" morph="--"/>
<t id="s2029_16" word="Paulsen" lemma="--" pos="NE" morph="--"/>
<t id="s2029_17" word="." lemma="--" pos="$." morph="--"/>
</terminals>
<nonterminals>
<nt id="s2029_500" cat="NP">
<edge label="NK" idref="s2029_3"/>
<edge label="NK" idref="s2029_4"/>
<edge label="NK" idref="s2029_5"/>
 </nt>
<nt id="s2029_501" cat="PP">
<edge label="AC" idref="s2029_7"/>
<edge label="NK" idref="s2029_8"/>
<edge label="NK" idref="s2029_9"/>
 </nt>
<nt id="s2029_502" cat="PN">
<edge label="PNC" idref="s2029_15"/>
<edge label="PNC" idref="s2029_16"/>
 </nt>
<nt id="s2029_503" cat="AP">
<edge label="HD" idref="s2029_10"/>
<edge label="MO" idref="s2029_501"/>
 </nt>
<nt id="s2029_504" cat="PP">
<edge label="AC" idref="s2029_12"/>
<edge label="NK" idref="s2029_13"/>
<edge label="NK" idref="s2029_14"/>
<edge label="NK" idref="s2029_502"/>
 </nt>
<nt id="s2029_505" cat="NP">
<edge label="NK" idref="s2029_6"/>
<edge label="NK" idref="s2029_11"/>
<edge label="NK" idref="s2029_503"/>
 </nt>
<nt id="s2029_506" cat="S">
<edge label="MO" idref="s2029_1"/>
<edge label="HD" idref="s2029_2"/>
<edge label="SB" idref="s2029_500"/>
<edge label="MO" idref="s2029_504"/>
<edge label="OA" idref="s2029_505"/>
 </nt>
</nonterminals>
</graph>
</s><s xmlns:xsi="http://www.w3.org/2001/XMLSchema-instance" id="s2030" art_id="9207" orig_id="ID_maz-9207">
<graph root="s2030_507">
<terminals>
<t id="s2030_1" word="Mit" lemma="--" pos="APPR" morph="--"/>
<t id="s2030_2" word="der" lemma="--" pos="ART" morph="--"/>
<t id="s2030_3" word="Auszeichnung" lemma="--" pos="NN" morph="--"/>
<t id="s2030_4" word="sollen" lemma="--" pos="VMFIN" morph="--"/>
<t id="s2030_5" word="&quot;" lemma="--" pos="$(" morph="--"/>
<t id="s2030_6" word="Literatur" lemma="--" pos="NN" morph="--"/>
<t id="s2030_7" word="und" lemma="--" pos="KON" morph="--"/>
<t id="s2030_8" word="Autoren" lemma="--" pos="NN" morph="--"/>
<t id="s2030_9" word="geehrt" lemma="--" pos="VVPP" morph="--"/>
<t id="s2030_10" word="werden" lemma="--" pos="VAINF" morph="--"/>
<t id="s2030_11" word="," lemma="--" pos="$," morph="--"/>
<t id="s2030_12" word="die" lemma="--" pos="PRELS" morph="--"/>
<t id="s2030_13" word="sich" lemma="--" pos="PRF" morph="--"/>
<t id="s2030_14" word="in" lemma="--" pos="APPR" morph="--"/>
<t id="s2030_15" word="Umweltbelange" lemma="--" pos="NN" morph="--"/>
<t id="s2030_16" word="einmischen" lemma="--" pos="VVFIN" morph="--"/>
<t id="s2030_17" word="&quot;" lemma="--" pos="$(" morph="--"/>
<t id="s2030_18" word="." lemma="--" pos="$." morph="--"/>
</terminals>
<nonterminals>
<nt id="s2030_500" cat="PP">
<edge label="AC" idref="s2030_1"/>
<edge label="NK" idref="s2030_2"/>
<edge label="NK" idref="s2030_3"/>
 </nt>
<nt id="s2030_501" cat="CNP">
<edge label="CJ" idref="s2030_6"/>
<edge label="CD" idref="s2030_7"/>
<edge label="CJ" idref="s2030_8"/>
 </nt>
<nt id="s2030_502" cat="PP">
<edge label="AC" idref="s2030_14"/>
<edge label="NK" idref="s2030_15"/>
 </nt>
<nt id="s2030_503" cat="VP">
<edge label="HD" idref="s2030_9"/>
<edge label="MO" idref="s2030_500"/>
 </nt>
<nt id="s2030_504" cat="S">
<edge label="SB" idref="s2030_12"/>
<edge label="OA" idref="s2030_13"/>
<edge label="HD" idref="s2030_16"/>
<edge label="MO" idref="s2030_502"/>
 </nt>
<nt id="s2030_505" cat="VP">
<edge label="HD" idref="s2030_10"/>
<edge label="OC" idref="s2030_503"/>
 </nt>
<nt id="s2030_506" cat="NP">
<edge label="NK" idref="s2030_501"/>
<edge label="RC" idref="s2030_504"/>
 </nt>
<nt id="s2030_507" cat="S">
<edge label="HD" idref="s2030_4"/>
<edge label="OC" idref="s2030_505"/>
<edge label="SB" idref="s2030_506"/>
 </nt>
</nonterminals>
</graph>
</s><s xmlns:xsi="http://www.w3.org/2001/XMLSchema-instance" id="s2031" art_id="9207" orig_id="ID_maz-9207">
<graph root="s2031_502">
<terminals>
<t id="s2031_1" word="Das" lemma="--" pos="PDS" morph="--"/>
<t id="s2031_2" word="klingt" lemma="--" pos="VVFIN" morph="--"/>
<t id="s2031_3" word="fast" lemma="--" pos="ADV" morph="--"/>
<t id="s2031_4" word="so" lemma="--" pos="ADV" morph="--"/>
<t id="s2031_5" word="," lemma="--" pos="$," morph="--"/>
<t id="s2031_6" word="als" lemma="--" pos="KOKOM" morph="--"/>
<t id="s2031_7" word="sei" lemma="--" pos="VAFIN" morph="--"/>
<t id="s2031_8" word="Gut-Gemeintes" lemma="--" pos="NN" morph="--"/>
<t id="s2031_9" word="preisverdächtig" lemma="--" pos="ADJD" morph="--"/>
<t id="s2031_10" word="." lemma="--" pos="$." morph="--"/>
</terminals>
<nonterminals>
<nt id="s2031_500" cat="S">
<edge label="CM" idref="s2031_6"/>
<edge label="HD" idref="s2031_7"/>
<edge label="SB" idref="s2031_8"/>
<edge label="PD" idref="s2031_9"/>
 </nt>
<nt id="s2031_501" cat="AVP">
<edge label="MO" idref="s2031_3"/>
<edge label="PH" idref="s2031_4"/>
<edge label="RE" idref="s2031_500"/>
 </nt>
<nt id="s2031_502" cat="S">
<edge label="SB" idref="s2031_1"/>
<edge label="HD" idref="s2031_2"/>
<edge label="MO" idref="s2031_501"/>
 </nt>
</nonterminals>
</graph>
</s><s xmlns:xsi="http://www.w3.org/2001/XMLSchema-instance" id="s2032" art_id="9207" orig_id="ID_maz-9207">
<graph root="s2032_505">
<terminals>
<t id="s2032_1" word="Eine" lemma="--" pos="ART" morph="--"/>
<t id="s2032_2" word="solche" lemma="--" pos="PIAT" morph="--"/>
<t id="s2032_3" word="Fördermaßnahme" lemma="--" pos="NN" morph="--"/>
<t id="s2032_4" word="für" lemma="--" pos="APPR" morph="--"/>
<t id="s2032_5" word="Öko-Literatur" lemma="--" pos="NN" morph="--"/>
<t id="s2032_6" word="verkennt" lemma="--" pos="VVFIN" morph="--"/>
<t id="s2032_7" word="," lemma="--" pos="$," morph="--"/>
<t id="s2032_8" word="dass" lemma="--" pos="KOUS" morph="--"/>
<t id="s2032_9" word="es" lemma="--" pos="PPER" morph="--"/>
<t id="s2032_10" word="immer" lemma="--" pos="ADV" morph="--"/>
<t id="s2032_11" word="nur" lemma="--" pos="ADV" morph="--"/>
<t id="s2032_12" word="gelungene" lemma="--" pos="ADJA" morph="--"/>
<t id="s2032_13" word="und" lemma="--" pos="KON" morph="--"/>
<t id="s2032_14" word="missratene" lemma="--" pos="ADJA" morph="--"/>
<t id="s2032_15" word="Texte" lemma="--" pos="NN" morph="--"/>
<t id="s2032_16" word="gibt" lemma="--" pos="VVFIN" morph="--"/>
<t id="s2032_17" word="." lemma="--" pos="$." morph="--"/>
</terminals>
<nonterminals>
<nt id="s2032_500" cat="PP">
<edge label="AC" idref="s2032_4"/>
<edge label="NK" idref="s2032_5"/>
 </nt>
<nt id="s2032_501" cat="CAP">
<edge label="CJ" idref="s2032_12"/>
<edge label="CD" idref="s2032_13"/>
<edge label="CJ" idref="s2032_14"/>
 </nt>
<nt id="s2032_502" cat="NP">
<edge label="NK" idref="s2032_1"/>
<edge label="NK" idref="s2032_2"/>
<edge label="NK" idref="s2032_3"/>
<edge label="MNR" idref="s2032_500"/>
 </nt>
<nt id="s2032_503" cat="NP">
<edge label="MO" idref="s2032_11"/>
<edge label="NK" idref="s2032_15"/>
<edge label="NK" idref="s2032_501"/>
 </nt>
<nt id="s2032_504" cat="S">
<edge label="CP" idref="s2032_8"/>
<edge label="EP" idref="s2032_9"/>
<edge label="MO" idref="s2032_10"/>
<edge label="HD" idref="s2032_16"/>
<edge label="OA" idref="s2032_503"/>
 </nt>
<nt id="s2032_505" cat="S">
<edge label="HD" idref="s2032_6"/>
<edge label="SB" idref="s2032_502"/>
<edge label="OC" idref="s2032_504"/>
 </nt>
</nonterminals>
</graph>
</s><s xmlns:xsi="http://www.w3.org/2001/XMLSchema-instance" id="s2033" art_id="9207" orig_id="ID_maz-9207">
<graph root="s2033_504">
<terminals>
<t id="s2033_1" word="Das" lemma="--" pos="ART" morph="--"/>
<t id="s2033_2" word="Verhältnis" lemma="--" pos="NN" morph="--"/>
<t id="s2033_3" word="zur" lemma="--" pos="APPRART" morph="--"/>
<t id="s2033_4" word="Natur" lemma="--" pos="NN" morph="--"/>
<t id="s2033_5" word="ist" lemma="--" pos="VAFIN" morph="--"/>
<t id="s2033_6" word="für" lemma="--" pos="APPR" morph="--"/>
<t id="s2033_7" word="viele" lemma="--" pos="PIAT" morph="--"/>
<t id="s2033_8" word="Dichter" lemma="--" pos="NN" morph="--"/>
<t id="s2033_9" word="ein" lemma="--" pos="ART" morph="--"/>
<t id="s2033_10" word="großes" lemma="--" pos="ADJA" morph="--"/>
<t id="s2033_11" word="Thema" lemma="--" pos="NN" morph="--"/>
<t id="s2033_12" word="." lemma="--" pos="$." morph="--"/>
</terminals>
<nonterminals>
<nt id="s2033_500" cat="PP">
<edge label="AC" idref="s2033_3"/>
<edge label="NK" idref="s2033_4"/>
 </nt>
<nt id="s2033_501" cat="PP">
<edge label="AC" idref="s2033_6"/>
<edge label="NK" idref="s2033_7"/>
<edge label="NK" idref="s2033_8"/>
 </nt>
<nt id="s2033_502" cat="NP">
<edge label="NK" idref="s2033_9"/>
<edge label="NK" idref="s2033_10"/>
<edge label="NK" idref="s2033_11"/>
 </nt>
<nt id="s2033_503" cat="NP">
<edge label="NK" idref="s2033_1"/>
<edge label="NK" idref="s2033_2"/>
<edge label="MNR" idref="s2033_500"/>
 </nt>
<nt id="s2033_504" cat="S">
<edge label="HD" idref="s2033_5"/>
<edge label="MO" idref="s2033_501"/>
<edge label="PD" idref="s2033_502"/>
<edge label="SB" idref="s2033_503"/>
 </nt>
</nonterminals>
</graph>
</s><s xmlns:xsi="http://www.w3.org/2001/XMLSchema-instance" id="s2034" art_id="9207" orig_id="ID_maz-9207">
<graph root="s2034_511">
<terminals>
<t id="s2034_1" word="Den" lemma="--" pos="ART" morph="--"/>
<t id="s2034_2" word="Literaturpreis" lemma="--" pos="NN" morph="--"/>
<t id="s2034_3" word="haben" lemma="--" pos="VAFIN" morph="--"/>
<t id="s2034_4" word="bisher" lemma="--" pos="ADV" morph="--"/>
<t id="s2034_5" word="Schöngeister" lemma="--" pos="NN" morph="--"/>
<t id="s2034_6" word="wie" lemma="--" pos="KOKOM" morph="--"/>
<t id="s2034_7" word="Hanns" lemma="--" pos="NE" morph="--"/>
<t id="s2034_8" word="Cibulka" lemma="--" pos="NE" morph="--"/>
<t id="s2034_9" word="und" lemma="--" pos="KON" morph="--"/>
<t id="s2034_10" word="Wulf" lemma="--" pos="NE" morph="--"/>
<t id="s2034_11" word="Kirsten" lemma="--" pos="NE" morph="--"/>
<t id="s2034_12" word="," lemma="--" pos="$," morph="--"/>
<t id="s2034_13" word="Volker" lemma="--" pos="NE" morph="--"/>
<t id="s2034_14" word="Braun" lemma="--" pos="NE" morph="--"/>
<t id="s2034_15" word="und" lemma="--" pos="KON" morph="--"/>
<t id="s2034_16" word="Thomas" lemma="--" pos="NE" morph="--"/>
<t id="s2034_17" word="Rosenlöcher" lemma="--" pos="NE" morph="--"/>
<t id="s2034_18" word="bekommen" lemma="--" pos="VVINF" morph="--"/>
<t id="s2034_19" word="." lemma="--" pos="$." morph="--"/>
</terminals>
<nonterminals>
<nt id="s2034_500" cat="NP">
<edge label="NK" idref="s2034_1"/>
<edge label="NK" idref="s2034_2"/>
 </nt>
<nt id="s2034_501" cat="PN">
<edge label="PNC" idref="s2034_7"/>
<edge label="PNC" idref="s2034_8"/>
 </nt>
<nt id="s2034_502" cat="PN">
<edge label="PNC" idref="s2034_10"/>
<edge label="PNC" idref="s2034_11"/>
 </nt>
<nt id="s2034_503" cat="PN">
<edge label="PNC" idref="s2034_13"/>
<edge label="PNC" idref="s2034_14"/>
 </nt>
<nt id="s2034_504" cat="PN">
<edge label="PNC" idref="s2034_16"/>
<edge label="PNC" idref="s2034_17"/>
 </nt>
<nt id="s2034_505" cat="CNP">
<edge label="CD" idref="s2034_9"/>
<edge label="CJ" idref="s2034_501"/>
<edge label="CJ" idref="s2034_502"/>
 </nt>
<nt id="s2034_506" cat="CNP">
<edge label="CD" idref="s2034_15"/>
<edge label="CJ" idref="s2034_503"/>
<edge label="CJ" idref="s2034_504"/>
 </nt>
<nt id="s2034_507" cat="VP">
<edge label="MO" idref="s2034_4"/>
<edge label="HD" idref="s2034_18"/>
<edge label="OA" idref="s2034_500"/>
 </nt>
<nt id="s2034_508" cat="CNP">
<edge label="CJ" idref="s2034_505"/>
<edge label="CJ" idref="s2034_506"/>
 </nt>
<nt id="s2034_509" cat="NP">
<edge label="CM" idref="s2034_6"/>
<edge label="NK" idref="s2034_508"/>
 </nt>
<nt id="s2034_510" cat="NP">
<edge label="NK" idref="s2034_5"/>
<edge label="CC" idref="s2034_509"/>
 </nt>
<nt id="s2034_511" cat="S">
<edge label="HD" idref="s2034_3"/>
<edge label="OC" idref="s2034_507"/>
<edge label="SB" idref="s2034_510"/>
 </nt>
</nonterminals>
</graph>
</s><s xmlns:xsi="http://www.w3.org/2001/XMLSchema-instance" id="s2035" art_id="9207" orig_id="ID_maz-9207">
<graph root="s2035_504">
<terminals>
<t id="s2035_1" word="Wer" lemma="--" pos="PWS" morph="--"/>
<t id="s2035_2" word="aus" lemma="--" pos="APPR" morph="--"/>
<t id="s2035_3" word="ihren" lemma="--" pos="PPOSAT" morph="--"/>
<t id="s2035_4" word="Gedichten" lemma="--" pos="NN" morph="--"/>
<t id="s2035_5" word="ein" lemma="--" pos="ART" morph="--"/>
<t id="s2035_6" word="umweltpolitisches" lemma="--" pos="ADJA" morph="--"/>
<t id="s2035_7" word="Engagement" lemma="--" pos="NN" morph="--"/>
<t id="s2035_8" word="ableitet" lemma="--" pos="VVFIN" morph="--"/>
<t id="s2035_9" word="," lemma="--" pos="$," morph="--"/>
<t id="s2035_10" word="instrumentalisiert" lemma="--" pos="VVFIN" morph="--"/>
<t id="s2035_11" word="die" lemma="--" pos="ART" morph="--"/>
<t id="s2035_12" word="Literatur" lemma="--" pos="NN" morph="--"/>
<t id="s2035_13" word="ideologisch" lemma="--" pos="ADJD" morph="--"/>
<t id="s2035_14" word="." lemma="--" pos="$." morph="--"/>
</terminals>
<nonterminals>
<nt id="s2035_500" cat="PP">
<edge label="AC" idref="s2035_2"/>
<edge label="NK" idref="s2035_3"/>
<edge label="NK" idref="s2035_4"/>
 </nt>
<nt id="s2035_501" cat="NP">
<edge label="NK" idref="s2035_5"/>
<edge label="NK" idref="s2035_6"/>
<edge label="NK" idref="s2035_7"/>
 </nt>
<nt id="s2035_502" cat="NP">
<edge label="NK" idref="s2035_11"/>
<edge label="NK" idref="s2035_12"/>
 </nt>
<nt id="s2035_503" cat="S">
<edge label="SB" idref="s2035_1"/>
<edge label="HD" idref="s2035_8"/>
<edge label="MO" idref="s2035_500"/>
<edge label="OA" idref="s2035_501"/>
 </nt>
<nt id="s2035_504" cat="S">
<edge label="HD" idref="s2035_10"/>
<edge label="MO" idref="s2035_13"/>
<edge label="OA" idref="s2035_502"/>
<edge label="SB" idref="s2035_503"/>
 </nt>
</nonterminals>
</graph>
</s><s xmlns:xsi="http://www.w3.org/2001/XMLSchema-instance" id="s2036" art_id="9207" orig_id="ID_maz-9207">
<graph root="s2036_506">
<terminals>
<t id="s2036_1" word="Die" lemma="--" pos="ART" morph="--"/>
<t id="s2036_2" word="Zeiten" lemma="--" pos="NN" morph="--"/>
<t id="s2036_3" word="," lemma="--" pos="$," morph="--"/>
<t id="s2036_4" word="da" lemma="--" pos="KOUS" morph="--"/>
<t id="s2036_5" word="die" lemma="--" pos="ART" morph="--"/>
<t id="s2036_6" word="Literatur" lemma="--" pos="NN" morph="--"/>
<t id="s2036_7" word="Aufklärungs-" lemma="--" pos="TRUNC" morph="--"/>
<t id="s2036_8" word="und" lemma="--" pos="KON" morph="--"/>
<t id="s2036_9" word="Bekenntnisarbeit" lemma="--" pos="NN" morph="--"/>
<t id="s2036_10" word="mitleisten" lemma="--" pos="VVINF" morph="--"/>
<t id="s2036_11" word="musste" lemma="--" pos="VMFIN" morph="--"/>
<t id="s2036_12" word="," lemma="--" pos="$," morph="--"/>
<t id="s2036_13" word="sind" lemma="--" pos="VAFIN" morph="--"/>
<t id="s2036_14" word="zum" lemma="--" pos="APPRART" morph="--"/>
<t id="s2036_15" word="Glück" lemma="--" pos="NN" morph="--"/>
<t id="s2036_16" word="vorbei" lemma="--" pos="ADV" morph="--"/>
<t id="s2036_17" word="." lemma="--" pos="$." morph="--"/>
</terminals>
<nonterminals>
<nt id="s2036_500" cat="NP">
<edge label="NK" idref="s2036_5"/>
<edge label="NK" idref="s2036_6"/>
 </nt>
<nt id="s2036_501" cat="CNP">
<edge label="CJ" idref="s2036_7"/>
<edge label="CD" idref="s2036_8"/>
<edge label="CJ" idref="s2036_9"/>
 </nt>
<nt id="s2036_502" cat="PP">
<edge label="AC" idref="s2036_14"/>
<edge label="NK" idref="s2036_15"/>
 </nt>
<nt id="s2036_503" cat="VP">
<edge label="HD" idref="s2036_10"/>
<edge label="OA" idref="s2036_501"/>
 </nt>
<nt id="s2036_504" cat="S">
<edge label="CP" idref="s2036_4"/>
<edge label="HD" idref="s2036_11"/>
<edge label="SB" idref="s2036_500"/>
<edge label="OC" idref="s2036_503"/>
 </nt>
<nt id="s2036_505" cat="NP">
<edge label="NK" idref="s2036_1"/>
<edge label="NK" idref="s2036_2"/>
<edge label="MNR" idref="s2036_504"/>
 </nt>
<nt id="s2036_506" cat="S">
<edge label="HD" idref="s2036_13"/>
<edge label="MO" idref="s2036_16"/>
<edge label="MO" idref="s2036_502"/>
<edge label="SB" idref="s2036_505"/>
 </nt>
</nonterminals>
</graph>
</s><s xmlns:xsi="http://www.w3.org/2001/XMLSchema-instance" id="s2037" art_id="9207" orig_id="ID_maz-9207">
<graph root="s2037_506">
<terminals>
<t id="s2037_1" word="Deshalb" lemma="--" pos="PROAV" morph="--"/>
<t id="s2037_2" word="ist" lemma="--" pos="VAFIN" morph="--"/>
<t id="s2037_3" word="es" lemma="--" pos="PPER" morph="--"/>
<t id="s2037_4" word="auch" lemma="--" pos="ADV" morph="--"/>
<t id="s2037_5" word="gut" lemma="--" pos="ADJD" morph="--"/>
<t id="s2037_6" word="," lemma="--" pos="$," morph="--"/>
<t id="s2037_7" word="dass" lemma="--" pos="KOUS" morph="--"/>
<t id="s2037_8" word="das" lemma="--" pos="ART" morph="--"/>
<t id="s2037_9" word="Umweltministerium" lemma="--" pos="NN" morph="--"/>
<t id="s2037_10" word="in" lemma="--" pos="APPR" morph="--"/>
<t id="s2037_11" word="diesem" lemma="--" pos="PDAT" morph="--"/>
<t id="s2037_12" word="Jahr" lemma="--" pos="NN" morph="--"/>
<t id="s2037_13" word="in" lemma="--" pos="APPR" morph="--"/>
<t id="s2037_14" word="engerem" lemma="--" pos="ADJA" morph="--"/>
<t id="s2037_15" word="Sinne" lemma="--" pos="NN" morph="--"/>
<t id="s2037_16" word="auf" lemma="--" pos="APPR" morph="--"/>
<t id="s2037_17" word="fachliche" lemma="--" pos="ADJA" morph="--"/>
<t id="s2037_18" word="Leistungen" lemma="--" pos="NN" morph="--"/>
<t id="s2037_19" word="setzt" lemma="--" pos="VVFIN" morph="--"/>
<t id="s2037_20" word="." lemma="--" pos="$." morph="--"/>
</terminals>
<nonterminals>
<nt id="s2037_500" cat="NP">
<edge label="NK" idref="s2037_8"/>
<edge label="NK" idref="s2037_9"/>
 </nt>
<nt id="s2037_501" cat="PP">
<edge label="AC" idref="s2037_10"/>
<edge label="NK" idref="s2037_11"/>
<edge label="NK" idref="s2037_12"/>
 </nt>
<nt id="s2037_502" cat="PP">
<edge label="AC" idref="s2037_13"/>
<edge label="NK" idref="s2037_14"/>
<edge label="NK" idref="s2037_15"/>
 </nt>
<nt id="s2037_503" cat="PP">
<edge label="AC" idref="s2037_16"/>
<edge label="NK" idref="s2037_17"/>
<edge label="NK" idref="s2037_18"/>
 </nt>
<nt id="s2037_504" cat="S">
<edge label="CP" idref="s2037_7"/>
<edge label="HD" idref="s2037_19"/>
<edge label="SB" idref="s2037_500"/>
<edge label="MO" idref="s2037_501"/>
<edge label="MO" idref="s2037_502"/>
<edge label="MO" idref="s2037_503"/>
 </nt>
<nt id="s2037_505" cat="NP">
<edge label="PH" idref="s2037_3"/>
<edge label="RE" idref="s2037_504"/>
 </nt>
<nt id="s2037_506" cat="S">
<edge label="MO" idref="s2037_1"/>
<edge label="HD" idref="s2037_2"/>
<edge label="MO" idref="s2037_4"/>
<edge label="PD" idref="s2037_5"/>
<edge label="SB" idref="s2037_505"/>
 </nt>
</nonterminals>
</graph>
</s><s xmlns:xsi="http://www.w3.org/2001/XMLSchema-instance" id="s2038" art_id="9207" orig_id="ID_maz-9207">
<graph root="s2038_507">
<terminals>
<t id="s2038_1" word="Susanne" lemma="--" pos="NE" morph="--"/>
<t id="s2038_2" word="Paulsen" lemma="--" pos="NE" morph="--"/>
<t id="s2038_3" word="bekommt" lemma="--" pos="VVFIN" morph="--"/>
<t id="s2038_4" word="den" lemma="--" pos="ART" morph="--"/>
<t id="s2038_5" word="Preis" lemma="--" pos="NN" morph="--"/>
<t id="s2038_6" word="für" lemma="--" pos="APPR" morph="--"/>
<t id="s2038_7" word="ein" lemma="--" pos="ART" morph="--"/>
<t id="s2038_8" word="erzählendes" lemma="--" pos="ADJA" morph="--"/>
<t id="s2038_9" word="Sachbuch" lemma="--" pos="NN" morph="--"/>
<t id="s2038_10" word="," lemma="--" pos="$," morph="--"/>
<t id="s2038_11" word="das" lemma="--" pos="PRELS" morph="--"/>
<t id="s2038_12" word="dem" lemma="--" pos="ART" morph="--"/>
<t id="s2038_13" word="Leser" lemma="--" pos="NN" morph="--"/>
<t id="s2038_14" word="die" lemma="--" pos="ART" morph="--"/>
<t id="s2038_15" word="rätselhafte" lemma="--" pos="ADJA" morph="--"/>
<t id="s2038_16" word="Welt" lemma="--" pos="NN" morph="--"/>
<t id="s2038_17" word="der" lemma="--" pos="ART" morph="--"/>
<t id="s2038_18" word="Pflanzen" lemma="--" pos="NN" morph="--"/>
<t id="s2038_19" word="näherbringt" lemma="--" pos="VVFIN" morph="--"/>
<t id="s2038_20" word="." lemma="--" pos="$." morph="--"/>
</terminals>
<nonterminals>
<nt id="s2038_500" cat="PN">
<edge label="PNC" idref="s2038_1"/>
<edge label="PNC" idref="s2038_2"/>
 </nt>
<nt id="s2038_501" cat="NP">
<edge label="NK" idref="s2038_4"/>
<edge label="NK" idref="s2038_5"/>
 </nt>
<nt id="s2038_502" cat="NP">
<edge label="NK" idref="s2038_12"/>
<edge label="NK" idref="s2038_13"/>
 </nt>
<nt id="s2038_503" cat="NP">
<edge label="NK" idref="s2038_17"/>
<edge label="NK" idref="s2038_18"/>
 </nt>
<nt id="s2038_504" cat="NP">
<edge label="NK" idref="s2038_14"/>
<edge label="NK" idref="s2038_15"/>
<edge label="NK" idref="s2038_16"/>
<edge label="AG" idref="s2038_503"/>
 </nt>
<nt id="s2038_505" cat="S">
<edge label="SB" idref="s2038_11"/>
<edge label="HD" idref="s2038_19"/>
<edge label="DA" idref="s2038_502"/>
<edge label="OA" idref="s2038_504"/>
 </nt>
<nt id="s2038_506" cat="PP">
<edge label="AC" idref="s2038_6"/>
<edge label="NK" idref="s2038_7"/>
<edge label="NK" idref="s2038_8"/>
<edge label="NK" idref="s2038_9"/>
<edge label="RC" idref="s2038_505"/>
 </nt>
<nt id="s2038_507" cat="S">
<edge label="HD" idref="s2038_3"/>
<edge label="SB" idref="s2038_500"/>
<edge label="OA" idref="s2038_501"/>
<edge label="MO" idref="s2038_506"/>
 </nt>
</nonterminals>
</graph>
</s></body></corpus>
