<?xml version="1.0" encoding="utf-8" standalone="yes"?>
<corpus id="ID_maz-9538">
<body>
<s xmlns:xsi="http://www.w3.org/2001/XMLSchema-instance" id="s2069" art_id="9538" orig_id="ID_maz-9538">
<graph root="s2069_501">
<terminals>
<t id="s2069_1" word="Reise" lemma="--" pos="NN" morph="--"/>
<t id="s2069_2" word="ins" lemma="--" pos="APPRART" morph="--"/>
<t id="s2069_3" word="Ungewisse" lemma="--" pos="NN" morph="--"/>
</terminals>
<nonterminals>
<nt id="s2069_500" cat="PP">
<edge label="AC" idref="s2069_2"/>
<edge label="NK" idref="s2069_3"/>
 </nt>
<nt id="s2069_501" cat="NP">
<edge label="NK" idref="s2069_1"/>
<edge label="MNR" idref="s2069_500"/>
 </nt>
</nonterminals>
</graph>
</s><s xmlns:xsi="http://www.w3.org/2001/XMLSchema-instance" id="s2070" art_id="9538" orig_id="ID_maz-9538">
<graph root="s2070_505">
<terminals>
<t id="s2070_1" word="Eine" lemma="--" pos="ART" morph="--"/>
<t id="s2070_2" word="Entscheidung" lemma="--" pos="NN" morph="--"/>
<t id="s2070_3" word="von" lemma="--" pos="APPR" morph="--"/>
<t id="s2070_4" word="einiger" lemma="--" pos="PIAT" morph="--"/>
<t id="s2070_5" word="Tragweite" lemma="--" pos="NN" morph="--"/>
<t id="s2070_6" word="müssen" lemma="--" pos="VMFIN" morph="--"/>
<t id="s2070_7" word="heute" lemma="--" pos="ADV" morph="--"/>
<t id="s2070_8" word="die" lemma="--" pos="ART" morph="--"/>
<t id="s2070_9" word="Mitglieder" lemma="--" pos="NN" morph="--"/>
<t id="s2070_10" word="des" lemma="--" pos="ART" morph="--"/>
<t id="s2070_11" word="Prignitzer" lemma="--" pos="ADJA" morph="--"/>
<t id="s2070_12" word="Kreistages" lemma="--" pos="NN" morph="--"/>
<t id="s2070_13" word="fällen" lemma="--" pos="VVINF" morph="--"/>
<t id="s2070_14" word="." lemma="--" pos="$." morph="--"/>
</terminals>
<nonterminals>
<nt id="s2070_500" cat="PP">
<edge label="AC" idref="s2070_3"/>
<edge label="NK" idref="s2070_4"/>
<edge label="NK" idref="s2070_5"/>
 </nt>
<nt id="s2070_501" cat="NP">
<edge label="NK" idref="s2070_10"/>
<edge label="NK" idref="s2070_11"/>
<edge label="NK" idref="s2070_12"/>
 </nt>
<nt id="s2070_502" cat="NP">
<edge label="NK" idref="s2070_1"/>
<edge label="NK" idref="s2070_2"/>
<edge label="MNR" idref="s2070_500"/>
 </nt>
<nt id="s2070_503" cat="NP">
<edge label="NK" idref="s2070_8"/>
<edge label="NK" idref="s2070_9"/>
<edge label="AG" idref="s2070_501"/>
 </nt>
<nt id="s2070_504" cat="VP">
<edge label="HD" idref="s2070_13"/>
<edge label="OA" idref="s2070_502"/>
 </nt>
<nt id="s2070_505" cat="S">
<edge label="HD" idref="s2070_6"/>
<edge label="MO" idref="s2070_7"/>
<edge label="SB" idref="s2070_503"/>
<edge label="OC" idref="s2070_504"/>
 </nt>
</nonterminals>
</graph>
</s><s xmlns:xsi="http://www.w3.org/2001/XMLSchema-instance" id="s2071" art_id="9538" orig_id="ID_maz-9538">
<graph root="s2071_503">
<terminals>
<t id="s2071_1" word="Denn" lemma="--" pos="KON" morph="--"/>
<t id="s2071_2" word="sie" lemma="--" pos="PPER" morph="--"/>
<t id="s2071_3" word="besetzen" lemma="--" pos="VVFIN" morph="--"/>
<t id="s2071_4" word="nichts" lemma="--" pos="PIS" morph="--"/>
<t id="s2071_5" word="weniger" lemma="--" pos="PIS" morph="--"/>
<t id="s2071_6" word="als" lemma="--" pos="KOKOM" morph="--"/>
<t id="s2071_7" word="die" lemma="--" pos="ART" morph="--"/>
<t id="s2071_8" word="oberste" lemma="--" pos="ADJA" morph="--"/>
<t id="s2071_9" word="Verwaltungsposition" lemma="--" pos="NN" morph="--"/>
<t id="s2071_10" word="im" lemma="--" pos="APPRART" morph="--"/>
<t id="s2071_11" word="Landkreis" lemma="--" pos="NN" morph="--"/>
<t id="s2071_12" word="." lemma="--" pos="$." morph="--"/>
</terminals>
<nonterminals>
<nt id="s2071_500" cat="PP">
<edge label="AC" idref="s2071_10"/>
<edge label="NK" idref="s2071_11"/>
 </nt>
<nt id="s2071_501" cat="NP">
<edge label="CM" idref="s2071_6"/>
<edge label="NK" idref="s2071_7"/>
<edge label="NK" idref="s2071_8"/>
<edge label="NK" idref="s2071_9"/>
<edge label="MNR" idref="s2071_500"/>
 </nt>
<nt id="s2071_502" cat="NP">
<edge label="NK" idref="s2071_4"/>
<edge label="NK" idref="s2071_5"/>
<edge label="CC" idref="s2071_501"/>
 </nt>
<nt id="s2071_503" cat="S">
<edge label="JU" idref="s2071_1"/>
<edge label="SB" idref="s2071_2"/>
<edge label="HD" idref="s2071_3"/>
<edge label="OA" idref="s2071_502"/>
 </nt>
</nonterminals>
</graph>
</s><s xmlns:xsi="http://www.w3.org/2001/XMLSchema-instance" id="s2072" art_id="9538" orig_id="ID_maz-9538">
<graph root="s2072_508">
<terminals>
<t id="s2072_1" word="Der" lemma="--" pos="ART" morph="--"/>
<t id="s2072_2" word="amtierende" lemma="--" pos="ADJA" morph="--"/>
<t id="s2072_3" word="Landrat" lemma="--" pos="NN" morph="--"/>
<t id="s2072_4" word="Hans" lemma="--" pos="NE" morph="--"/>
<t id="s2072_5" word="Lange" lemma="--" pos="NE" morph="--"/>
<t id="s2072_6" word="(" lemma="--" pos="$(" morph="--"/>
<t id="s2072_7" word="CDU" lemma="--" pos="NE" morph="--"/>
<t id="s2072_8" word=")" lemma="--" pos="$(" morph="--"/>
<t id="s2072_9" word="tritt" lemma="--" pos="VVFIN" morph="--"/>
<t id="s2072_10" word="gegen" lemma="--" pos="APPR" morph="--"/>
<t id="s2072_11" word="Margarete" lemma="--" pos="NE" morph="--"/>
<t id="s2072_12" word="Vierjahn" lemma="--" pos="NE" morph="--"/>
<t id="s2072_13" word="an" lemma="--" pos="PTKVZ" morph="--"/>
<t id="s2072_14" word="," lemma="--" pos="$," morph="--"/>
<t id="s2072_15" word="die" lemma="--" pos="PRELS" morph="--"/>
<t id="s2072_16" word="sich" lemma="--" pos="PRF" morph="--"/>
<t id="s2072_17" word="die" lemma="--" pos="ART" morph="--"/>
<t id="s2072_18" word="Unterstützung" lemma="--" pos="NN" morph="--"/>
<t id="s2072_19" word="der" lemma="--" pos="ART" morph="--"/>
<t id="s2072_20" word="SPD" lemma="--" pos="NE" morph="--"/>
<t id="s2072_21" word="erworben" lemma="--" pos="VVPP" morph="--"/>
<t id="s2072_22" word="hat" lemma="--" pos="VAFIN" morph="--"/>
<t id="s2072_23" word="." lemma="--" pos="$." morph="--"/>
</terminals>
<nonterminals>
<nt id="s2072_500" cat="PN">
<edge label="PNC" idref="s2072_4"/>
<edge label="PNC" idref="s2072_5"/>
 </nt>
<nt id="s2072_501" cat="PN">
<edge label="PNC" idref="s2072_11"/>
<edge label="PNC" idref="s2072_12"/>
 </nt>
<nt id="s2072_502" cat="NP">
<edge label="NK" idref="s2072_19"/>
<edge label="NK" idref="s2072_20"/>
 </nt>
<nt id="s2072_503" cat="NP">
<edge label="NK" idref="s2072_1"/>
<edge label="NK" idref="s2072_2"/>
<edge label="NK" idref="s2072_3"/>
<edge label="PAR" idref="s2072_7"/>
<edge label="NK" idref="s2072_500"/>
 </nt>
<nt id="s2072_504" cat="NP">
<edge label="NK" idref="s2072_17"/>
<edge label="NK" idref="s2072_18"/>
<edge label="AG" idref="s2072_502"/>
 </nt>
<nt id="s2072_505" cat="VP">
<edge label="DA" idref="s2072_16"/>
<edge label="HD" idref="s2072_21"/>
<edge label="OA" idref="s2072_504"/>
 </nt>
<nt id="s2072_506" cat="S">
<edge label="SB" idref="s2072_15"/>
<edge label="HD" idref="s2072_22"/>
<edge label="OC" idref="s2072_505"/>
 </nt>
<nt id="s2072_507" cat="PP">
<edge label="AC" idref="s2072_10"/>
<edge label="NK" idref="s2072_501"/>
<edge label="RC" idref="s2072_506"/>
 </nt>
<nt id="s2072_508" cat="S">
<edge label="HD" idref="s2072_9"/>
<edge label="SVP" idref="s2072_13"/>
<edge label="SB" idref="s2072_503"/>
<edge label="MO" idref="s2072_507"/>
 </nt>
</nonterminals>
</graph>
</s><s xmlns:xsi="http://www.w3.org/2001/XMLSchema-instance" id="s2073" art_id="9538" orig_id="ID_maz-9538">
<graph root="s2073_507">
<terminals>
<t id="s2073_1" word="Würde" lemma="--" pos="VAFIN" morph="--"/>
<t id="s2073_2" word="die" lemma="--" pos="ART" morph="--"/>
<t id="s2073_3" word="Position" lemma="--" pos="NN" morph="--"/>
<t id="s2073_4" word="wie" lemma="--" pos="KOKOM" morph="--"/>
<t id="s2073_5" word="die" lemma="--" pos="PDS" morph="--"/>
<t id="s2073_6" word="der" lemma="--" pos="ART" morph="--"/>
<t id="s2073_7" word="hauptamtlichen" lemma="--" pos="ADJA" morph="--"/>
<t id="s2073_8" word="Bürgermeister" lemma="--" pos="NN" morph="--"/>
<t id="s2073_9" word="per" lemma="--" pos="APPR" morph="--"/>
<t id="s2073_10" word="Volksabstimmung" lemma="--" pos="NN" morph="--"/>
<t id="s2073_11" word="besetzt" lemma="--" pos="VVPP" morph="--"/>
<t id="s2073_12" word="," lemma="--" pos="$," morph="--"/>
<t id="s2073_13" word="wäre" lemma="--" pos="VAFIN" morph="--"/>
<t id="s2073_14" word="das" lemma="--" pos="ART" morph="--"/>
<t id="s2073_15" word="Ergebnis" lemma="--" pos="NN" morph="--"/>
<t id="s2073_16" word="wohl" lemma="--" pos="ADV" morph="--"/>
<t id="s2073_17" word="klar" lemma="--" pos="ADJD" morph="--"/>
<t id="s2073_18" word="." lemma="--" pos="$." morph="--"/>
</terminals>
<nonterminals>
<nt id="s2073_500" cat="NP">
<edge label="NK" idref="s2073_2"/>
<edge label="NK" idref="s2073_3"/>
 </nt>
<nt id="s2073_501" cat="NP">
<edge label="NK" idref="s2073_6"/>
<edge label="NK" idref="s2073_7"/>
<edge label="NK" idref="s2073_8"/>
 </nt>
<nt id="s2073_502" cat="PP">
<edge label="AC" idref="s2073_9"/>
<edge label="NK" idref="s2073_10"/>
 </nt>
<nt id="s2073_503" cat="NP">
<edge label="NK" idref="s2073_14"/>
<edge label="NK" idref="s2073_15"/>
 </nt>
<nt id="s2073_504" cat="NP">
<edge label="CM" idref="s2073_4"/>
<edge label="NK" idref="s2073_5"/>
<edge label="AG" idref="s2073_501"/>
 </nt>
<nt id="s2073_505" cat="VP">
<edge label="HD" idref="s2073_11"/>
<edge label="MO" idref="s2073_502"/>
<edge label="MO" idref="s2073_504"/>
 </nt>
<nt id="s2073_506" cat="S">
<edge label="HD" idref="s2073_1"/>
<edge label="SB" idref="s2073_500"/>
<edge label="OC" idref="s2073_505"/>
 </nt>
<nt id="s2073_507" cat="S">
<edge label="HD" idref="s2073_13"/>
<edge label="MO" idref="s2073_16"/>
<edge label="PD" idref="s2073_17"/>
<edge label="SB" idref="s2073_503"/>
<edge label="MO" idref="s2073_506"/>
 </nt>
</nonterminals>
</graph>
</s><s xmlns:xsi="http://www.w3.org/2001/XMLSchema-instance" id="s2074" art_id="9538" orig_id="ID_maz-9538">
<graph root="s2074_507">
<terminals>
<t id="s2074_1" word="Denn" lemma="--" pos="KON" morph="--"/>
<t id="s2074_2" word="Hans" lemma="--" pos="NE" morph="--"/>
<t id="s2074_3" word="Lange" lemma="--" pos="NE" morph="--"/>
<t id="s2074_4" word="dürfte" lemma="--" pos="VMFIN" morph="--"/>
<t id="s2074_5" word="vor" lemma="--" pos="APPR" morph="--"/>
<t id="s2074_6" word="allem" lemma="--" pos="PIS" morph="--"/>
<t id="s2074_7" word="im" lemma="--" pos="APPRART" morph="--"/>
<t id="s2074_8" word="westlichen" lemma="--" pos="ADJA" morph="--"/>
<t id="s2074_9" word="Teil" lemma="--" pos="NN" morph="--"/>
<t id="s2074_10" word="des" lemma="--" pos="ART" morph="--"/>
<t id="s2074_11" word="Kreises" lemma="--" pos="NN" morph="--"/>
<t id="s2074_12" word="dann" lemma="--" pos="ADV" morph="--"/>
<t id="s2074_13" word="mit" lemma="--" pos="APPR" morph="--"/>
<t id="s2074_14" word="großer" lemma="--" pos="ADJA" morph="--"/>
<t id="s2074_15" word="Unterstützung" lemma="--" pos="NN" morph="--"/>
<t id="s2074_16" word="rechnen" lemma="--" pos="VVINF" morph="--"/>
<t id="s2074_17" word="dürfen" lemma="--" pos="VMINF" morph="--"/>
<t id="s2074_18" word="." lemma="--" pos="$." morph="--"/>
</terminals>
<nonterminals>
<nt id="s2074_500" cat="PN">
<edge label="PNC" idref="s2074_2"/>
<edge label="PNC" idref="s2074_3"/>
 </nt>
<nt id="s2074_501" cat="PP">
<edge label="AC" idref="s2074_5"/>
<edge label="NK" idref="s2074_6"/>
 </nt>
<nt id="s2074_502" cat="NP">
<edge label="NK" idref="s2074_10"/>
<edge label="NK" idref="s2074_11"/>
 </nt>
<nt id="s2074_503" cat="PP">
<edge label="AC" idref="s2074_13"/>
<edge label="NK" idref="s2074_14"/>
<edge label="NK" idref="s2074_15"/>
 </nt>
<nt id="s2074_504" cat="PP">
<edge label="AC" idref="s2074_7"/>
<edge label="NK" idref="s2074_8"/>
<edge label="NK" idref="s2074_9"/>
<edge label="MO" idref="s2074_501"/>
<edge label="AG" idref="s2074_502"/>
 </nt>
<nt id="s2074_505" cat="VP">
<edge label="HD" idref="s2074_16"/>
<edge label="MO" idref="s2074_503"/>
 </nt>
<nt id="s2074_506" cat="VP">
<edge label="MO" idref="s2074_12"/>
<edge label="HD" idref="s2074_17"/>
<edge label="MO" idref="s2074_504"/>
<edge label="OC" idref="s2074_505"/>
 </nt>
<nt id="s2074_507" cat="S">
<edge label="JU" idref="s2074_1"/>
<edge label="HD" idref="s2074_4"/>
<edge label="SB" idref="s2074_500"/>
<edge label="OC" idref="s2074_506"/>
 </nt>
</nonterminals>
</graph>
</s><s xmlns:xsi="http://www.w3.org/2001/XMLSchema-instance" id="s2075" art_id="9538" orig_id="ID_maz-9538">
<graph root="s2075_505">
<terminals>
<t id="s2075_1" word="Bei" lemma="--" pos="APPR" morph="--">
 </t>
<t id="s2075_2" word="ihm" lemma="--" pos="PPER" morph="--">
 </t>
<t id="s2075_3" word="weiß" lemma="--" pos="VVFIN" morph="--">
 </t>
<t id="s2075_4" word="der" lemma="--" pos="ART" morph="--">
 </t>
<t id="s2075_5" word="Bürger" lemma="--" pos="NN" morph="--">
 </t>
<t id="s2075_6" word="," lemma="--" pos="$," morph="--">
 </t>
<t id="s2075_7" word="was" lemma="--" pos="PWS" morph="--">
<secedge label="OA" idref="s2075_503"/>
 </t>
<t id="s2075_8" word="er" lemma="--" pos="PPER" morph="--">
<secedge label="SB" idref="s2075_503"/>
 </t>
<t id="s2075_9" word="hat" lemma="--" pos="VAFIN" morph="--">
<secedge label="HD" idref="s2075_503"/>
 </t>
<t id="s2075_10" word="-" lemma="--" pos="$(" morph="--">
 </t>
<t id="s2075_11" word="oder" lemma="--" pos="KON" morph="--">
 </t>
<t id="s2075_12" word="auch" lemma="--" pos="ADV" morph="--">
 </t>
<t id="s2075_13" word="nicht" lemma="--" pos="PTKNEG" morph="--">
 </t>
<t id="s2075_14" word="." lemma="--" pos="$." morph="--">
 </t>
</terminals>
<nonterminals>
<nt id="s2075_500" cat="PP">
<edge label="AC" idref="s2075_1"/>
<edge label="NK" idref="s2075_2"/>
 </nt>
<nt id="s2075_501" cat="NP">
<edge label="NK" idref="s2075_4"/>
<edge label="NK" idref="s2075_5"/>
 </nt>
<nt id="s2075_502" cat="S">
<edge label="OA" idref="s2075_7"/>
<edge label="SB" idref="s2075_8"/>
<edge label="HD" idref="s2075_9"/>
 </nt>
<nt id="s2075_503" cat="S">
<edge label="MO" idref="s2075_12"/>
<edge label="NG" idref="s2075_13"/>
 </nt>
<nt id="s2075_504" cat="CS">
<edge label="CD" idref="s2075_11"/>
<edge label="CJ" idref="s2075_502"/>
<edge label="CJ" idref="s2075_503"/>
 </nt>
<nt id="s2075_505" cat="S">
<edge label="HD" idref="s2075_3"/>
<edge label="MO" idref="s2075_500"/>
<edge label="SB" idref="s2075_501"/>
<edge label="OC" idref="s2075_504"/>
 </nt>
</nonterminals>
</graph>
</s><s xmlns:xsi="http://www.w3.org/2001/XMLSchema-instance" id="s2076" art_id="9538" orig_id="ID_maz-9538">
<graph root="s2076_505">
<terminals>
<t id="s2076_1" word="Mit" lemma="--" pos="APPR" morph="--"/>
<t id="s2076_2" word="einigem" lemma="--" pos="PIAT" morph="--"/>
<t id="s2076_3" word="Recht" lemma="--" pos="NN" morph="--"/>
<t id="s2076_4" word="kann" lemma="--" pos="VMFIN" morph="--"/>
<t id="s2076_5" word="man" lemma="--" pos="PIS" morph="--"/>
<t id="s2076_6" word="aber" lemma="--" pos="ADV" morph="--"/>
<t id="s2076_7" word="auch" lemma="--" pos="ADV" morph="--"/>
<t id="s2076_8" word="sagen" lemma="--" pos="VVINF" morph="--"/>
<t id="s2076_9" word="," lemma="--" pos="$," morph="--"/>
<t id="s2076_10" word="dass" lemma="--" pos="KOUS" morph="--"/>
<t id="s2076_11" word="er" lemma="--" pos="PPER" morph="--"/>
<t id="s2076_12" word="mit" lemma="--" pos="APPR" morph="--"/>
<t id="s2076_13" word="seinem" lemma="--" pos="PPOSAT" morph="--"/>
<t id="s2076_14" word="Amt" lemma="--" pos="NN" morph="--"/>
<t id="s2076_15" word="gewachsen" lemma="--" pos="VVPP" morph="--"/>
<t id="s2076_16" word="ist" lemma="--" pos="VAFIN" morph="--"/>
<t id="s2076_17" word="." lemma="--" pos="$." morph="--"/>
</terminals>
<nonterminals>
<nt id="s2076_500" cat="PP">
<edge label="AC" idref="s2076_1"/>
<edge label="NK" idref="s2076_2"/>
<edge label="NK" idref="s2076_3"/>
 </nt>
<nt id="s2076_501" cat="PP">
<edge label="AC" idref="s2076_12"/>
<edge label="NK" idref="s2076_13"/>
<edge label="NK" idref="s2076_14"/>
 </nt>
<nt id="s2076_502" cat="VP">
<edge label="HD" idref="s2076_15"/>
<edge label="MO" idref="s2076_501"/>
 </nt>
<nt id="s2076_503" cat="S">
<edge label="CP" idref="s2076_10"/>
<edge label="SB" idref="s2076_11"/>
<edge label="HD" idref="s2076_16"/>
<edge label="OC" idref="s2076_502"/>
 </nt>
<nt id="s2076_504" cat="VP">
<edge label="HD" idref="s2076_8"/>
<edge label="OC" idref="s2076_503"/>
 </nt>
<nt id="s2076_505" cat="S">
<edge label="HD" idref="s2076_4"/>
<edge label="SB" idref="s2076_5"/>
<edge label="MO" idref="s2076_6"/>
<edge label="MO" idref="s2076_7"/>
<edge label="MO" idref="s2076_500"/>
<edge label="OC" idref="s2076_504"/>
 </nt>
</nonterminals>
</graph>
</s><s xmlns:xsi="http://www.w3.org/2001/XMLSchema-instance" id="s2077" art_id="9538" orig_id="ID_maz-9538">
<graph root="s2077_505">
<terminals>
<t id="s2077_1" word="Margarete" lemma="--" pos="NE" morph="--"/>
<t id="s2077_2" word="Vierjahn" lemma="--" pos="NE" morph="--"/>
<t id="s2077_3" word="hingegen" lemma="--" pos="ADV" morph="--"/>
<t id="s2077_4" word="hat" lemma="--" pos="VAFIN" morph="--"/>
<t id="s2077_5" word="zwar" lemma="--" pos="ADV" morph="--"/>
<t id="s2077_6" word="ohne" lemma="--" pos="APPR" morph="--"/>
<t id="s2077_7" word="Zweifel" lemma="--" pos="NN" morph="--"/>
<t id="s2077_8" word="die" lemma="--" pos="ART" morph="--"/>
<t id="s2077_9" word="Qualifikation" lemma="--" pos="NN" morph="--"/>
<t id="s2077_10" word="für" lemma="--" pos="APPR" morph="--"/>
<t id="s2077_11" word="die" lemma="--" pos="ART" morph="--"/>
<t id="s2077_12" word="höhere" lemma="--" pos="ADJA" morph="--"/>
<t id="s2077_13" word="Verwaltungstätigkeit" lemma="--" pos="NN" morph="--"/>
<t id="s2077_14" word="." lemma="--" pos="$." morph="--"/>
</terminals>
<nonterminals>
<nt id="s2077_500" cat="PN">
<edge label="PNC" idref="s2077_1"/>
<edge label="PNC" idref="s2077_2"/>
 </nt>
<nt id="s2077_501" cat="PP">
<edge label="AC" idref="s2077_6"/>
<edge label="NK" idref="s2077_7"/>
 </nt>
<nt id="s2077_502" cat="PP">
<edge label="AC" idref="s2077_10"/>
<edge label="NK" idref="s2077_11"/>
<edge label="NK" idref="s2077_12"/>
<edge label="NK" idref="s2077_13"/>
 </nt>
<nt id="s2077_503" cat="NP">
<edge label="MNR" idref="s2077_3"/>
<edge label="NK" idref="s2077_500"/>
 </nt>
<nt id="s2077_504" cat="NP">
<edge label="NK" idref="s2077_8"/>
<edge label="NK" idref="s2077_9"/>
<edge label="MNR" idref="s2077_502"/>
 </nt>
<nt id="s2077_505" cat="S">
<edge label="HD" idref="s2077_4"/>
<edge label="MO" idref="s2077_5"/>
<edge label="MO" idref="s2077_501"/>
<edge label="SB" idref="s2077_503"/>
<edge label="OA" idref="s2077_504"/>
 </nt>
</nonterminals>
</graph>
</s><s xmlns:xsi="http://www.w3.org/2001/XMLSchema-instance" id="s2078" art_id="9538" orig_id="ID_maz-9538">
<graph root="s2078_505">
<terminals>
<t id="s2078_1" word="Wofür" lemma="--" pos="PWAV" morph="--"/>
<t id="s2078_2" word="sie" lemma="--" pos="PPER" morph="--"/>
<t id="s2078_3" word="aber" lemma="--" pos="ADV" morph="--"/>
<t id="s2078_4" word="letztlich" lemma="--" pos="ADV" morph="--"/>
<t id="s2078_5" word="steht" lemma="--" pos="VVFIN" morph="--"/>
<t id="s2078_6" word="," lemma="--" pos="$," morph="--"/>
<t id="s2078_7" word="ist" lemma="--" pos="VAFIN" morph="--"/>
<t id="s2078_8" word="zumindest" lemma="--" pos="ADV" morph="--"/>
<t id="s2078_9" word="öffentlich" lemma="--" pos="ADJD" morph="--"/>
<t id="s2078_10" word="noch" lemma="--" pos="ADV" morph="--"/>
<t id="s2078_11" word="nicht" lemma="--" pos="PTKNEG" morph="--"/>
<t id="s2078_12" word="ganz" lemma="--" pos="ADV" morph="--"/>
<t id="s2078_13" word="klar" lemma="--" pos="ADJD" morph="--"/>
<t id="s2078_14" word="geworden" lemma="--" pos="VAPP" morph="--"/>
<t id="s2078_15" word="." lemma="--" pos="$." morph="--"/>
</terminals>
<nonterminals>
<nt id="s2078_500" cat="S">
<edge label="MO" idref="s2078_1"/>
<edge label="SB" idref="s2078_2"/>
<edge label="MO" idref="s2078_3"/>
<edge label="MO" idref="s2078_4"/>
<edge label="HD" idref="s2078_5"/>
 </nt>
<nt id="s2078_501" cat="AP">
<edge label="MO" idref="s2078_8"/>
<edge label="HD" idref="s2078_9"/>
 </nt>
<nt id="s2078_502" cat="AVP">
<edge label="MO" idref="s2078_10"/>
<edge label="HD" idref="s2078_11"/>
 </nt>
<nt id="s2078_503" cat="AP">
<edge label="MO" idref="s2078_12"/>
<edge label="HD" idref="s2078_13"/>
 </nt>
<nt id="s2078_504" cat="VP">
<edge label="HD" idref="s2078_14"/>
<edge label="MO" idref="s2078_501"/>
<edge label="NG" idref="s2078_502"/>
<edge label="PD" idref="s2078_503"/>
 </nt>
<nt id="s2078_505" cat="S">
<edge label="HD" idref="s2078_7"/>
<edge label="SB" idref="s2078_500"/>
<edge label="OC" idref="s2078_504"/>
 </nt>
</nonterminals>
</graph>
</s><s xmlns:xsi="http://www.w3.org/2001/XMLSchema-instance" id="s2079" art_id="9538" orig_id="ID_maz-9538">
<graph root="s2079_507">
<terminals>
<t id="s2079_1" word="Die" lemma="--" pos="ART" morph="--">
 </t>
<t id="s2079_2" word="Entscheidung" lemma="--" pos="NN" morph="--">
 </t>
<t id="s2079_3" word="fällt" lemma="--" pos="VVFIN" morph="--">
 </t>
<t id="s2079_4" word="aber" lemma="--" pos="ADV" morph="--">
 </t>
<t id="s2079_5" word="nun" lemma="--" pos="ADV" morph="--">
 </t>
<t id="s2079_6" word="einmal" lemma="--" pos="ADV" morph="--">
 </t>
<t id="s2079_7" word="im" lemma="--" pos="APPRART" morph="--">
 </t>
<t id="s2079_8" word="Kreistag" lemma="--" pos="NN" morph="--">
 </t>
<t id="s2079_9" word="und" lemma="--" pos="KON" morph="--">
 </t>
<t id="s2079_10" word="ist" lemma="--" pos="VAFIN" morph="--">
 </t>
<t id="s2079_11" word="noch" lemma="--" pos="ADV" morph="--">
 </t>
<t id="s2079_12" word="offen" lemma="--" pos="ADJD" morph="--">
 </t>
<t id="s2079_13" word="," lemma="--" pos="$," morph="--">
 </t>
<t id="s2079_14" word="zumal" lemma="--" pos="ADV" morph="--">
 </t>
<t id="s2079_15" word="angesichts" lemma="--" pos="APPR" morph="--">
 </t>
<t id="s2079_16" word="geheimer" lemma="--" pos="ADJA" morph="--">
 </t>
<t id="s2079_17" word="Wahl" lemma="--" pos="NN" morph="--">
 </t>
<t id="s2079_18" word="." lemma="--" pos="$." morph="--">
 </t>
</terminals>
<nonterminals>
<nt id="s2079_500" cat="NP">
<edge label="NK" idref="s2079_1"/>
<edge label="NK" idref="s2079_2"/>
<secedge label="SB" idref="s2079_506"/>
 </nt>
<nt id="s2079_501" cat="AVP">
<edge label="HD" idref="s2079_5"/>
<edge label="MO" idref="s2079_6"/>
 </nt>
<nt id="s2079_502" cat="PP">
<edge label="AC" idref="s2079_7"/>
<edge label="NK" idref="s2079_8"/>
 </nt>
<nt id="s2079_503" cat="AP">
<edge label="MO" idref="s2079_11"/>
<edge label="HD" idref="s2079_12"/>
 </nt>
<nt id="s2079_504" cat="PP">
<edge label="MO" idref="s2079_14"/>
<edge label="AC" idref="s2079_15"/>
<edge label="NK" idref="s2079_16"/>
<edge label="NK" idref="s2079_17"/>
 </nt>
<nt id="s2079_505" cat="S">
<edge label="HD" idref="s2079_3"/>
<edge label="MO" idref="s2079_4"/>
<edge label="SB" idref="s2079_500"/>
<edge label="MO" idref="s2079_501"/>
<edge label="MO" idref="s2079_502"/>
 </nt>
<nt id="s2079_506" cat="S">
<edge label="HD" idref="s2079_10"/>
<edge label="PD" idref="s2079_503"/>
<edge label="MO" idref="s2079_504"/>
 </nt>
<nt id="s2079_507" cat="CS">
<edge label="CD" idref="s2079_9"/>
<edge label="CJ" idref="s2079_505"/>
<edge label="CJ" idref="s2079_506"/>
 </nt>
</nonterminals>
</graph>
</s><s xmlns:xsi="http://www.w3.org/2001/XMLSchema-instance" id="s2080" art_id="9538" orig_id="ID_maz-9538">
<graph root="s2080_503">
<terminals>
<t id="s2080_1" word="Dabei" lemma="--" pos="PROAV" morph="--"/>
<t id="s2080_2" word="kommt" lemma="--" pos="VVFIN" morph="--"/>
<t id="s2080_3" word="den" lemma="--" pos="ART" morph="--"/>
<t id="s2080_4" word="kleinen" lemma="--" pos="ADJA" morph="--"/>
<t id="s2080_5" word="Fraktionen" lemma="--" pos="NN" morph="--"/>
<t id="s2080_6" word="aufgrund" lemma="--" pos="APPR" morph="--"/>
<t id="s2080_7" word="der" lemma="--" pos="ART" morph="--"/>
<t id="s2080_8" word="obwaltenden" lemma="--" pos="ADJA" morph="--"/>
<t id="s2080_9" word="Konstellation" lemma="--" pos="NN" morph="--"/>
<t id="s2080_10" word="eine" lemma="--" pos="ART" morph="--"/>
<t id="s2080_11" word="Schlüsselrolle" lemma="--" pos="NN" morph="--"/>
<t id="s2080_12" word="zu" lemma="--" pos="PTKVZ" morph="--"/>
<t id="s2080_13" word="." lemma="--" pos="$." morph="--"/>
</terminals>
<nonterminals>
<nt id="s2080_500" cat="NP">
<edge label="NK" idref="s2080_3"/>
<edge label="NK" idref="s2080_4"/>
<edge label="NK" idref="s2080_5"/>
 </nt>
<nt id="s2080_501" cat="PP">
<edge label="AC" idref="s2080_6"/>
<edge label="NK" idref="s2080_7"/>
<edge label="NK" idref="s2080_8"/>
<edge label="NK" idref="s2080_9"/>
 </nt>
<nt id="s2080_502" cat="NP">
<edge label="NK" idref="s2080_10"/>
<edge label="NK" idref="s2080_11"/>
 </nt>
<nt id="s2080_503" cat="S">
<edge label="MO" idref="s2080_1"/>
<edge label="HD" idref="s2080_2"/>
<edge label="SVP" idref="s2080_12"/>
<edge label="DA" idref="s2080_500"/>
<edge label="MO" idref="s2080_501"/>
<edge label="SB" idref="s2080_502"/>
 </nt>
</nonterminals>
</graph>
</s><s xmlns:xsi="http://www.w3.org/2001/XMLSchema-instance" id="s2081" art_id="9538" orig_id="ID_maz-9538">
<graph root="s2081_506">
<terminals>
<t id="s2081_1" word="Und" lemma="--" pos="KON" morph="--"/>
<t id="s2081_2" word="so" lemma="--" pos="ADV" morph="--"/>
<t id="s2081_3" word="steht" lemma="--" pos="VVFIN" morph="--"/>
<t id="s2081_4" word="den" lemma="--" pos="ART" morph="--"/>
<t id="s2081_5" word="Prignitzern" lemma="--" pos="NN" morph="--"/>
<t id="s2081_6" word="vielleicht" lemma="--" pos="ADV" morph="--"/>
<t id="s2081_7" word="nicht" lemma="--" pos="PTKNEG" morph="--"/>
<t id="s2081_8" word="nur" lemma="--" pos="ADV" morph="--"/>
<t id="s2081_9" word="heute" lemma="--" pos="ADV" morph="--"/>
<t id="s2081_10" word="eine" lemma="--" pos="ART" morph="--"/>
<t id="s2081_11" word="Reise" lemma="--" pos="NN" morph="--"/>
<t id="s2081_12" word="ins" lemma="--" pos="APPRART" morph="--"/>
<t id="s2081_13" word="Ungewisse" lemma="--" pos="NN" morph="--"/>
<t id="s2081_14" word="ins" lemma="--" pos="APPRART" morph="--"/>
<t id="s2081_15" word="Haus" lemma="--" pos="NN" morph="--"/>
<t id="s2081_16" word="." lemma="--" pos="$." morph="--"/>
</terminals>
<nonterminals>
<nt id="s2081_500" cat="NP">
<edge label="NK" idref="s2081_4"/>
<edge label="NK" idref="s2081_5"/>
 </nt>
<nt id="s2081_501" cat="AVP">
<edge label="NG" idref="s2081_7"/>
<edge label="HD" idref="s2081_8"/>
 </nt>
<nt id="s2081_502" cat="PP">
<edge label="AC" idref="s2081_12"/>
<edge label="NK" idref="s2081_13"/>
 </nt>
<nt id="s2081_503" cat="PP">
<edge label="AC" idref="s2081_14"/>
<edge label="NK" idref="s2081_15"/>
 </nt>
<nt id="s2081_504" cat="AVP">
<edge label="HD" idref="s2081_9"/>
<edge label="MO" idref="s2081_501"/>
 </nt>
<nt id="s2081_505" cat="NP">
<edge label="NK" idref="s2081_10"/>
<edge label="NK" idref="s2081_11"/>
<edge label="MNR" idref="s2081_502"/>
 </nt>
<nt id="s2081_506" cat="S">
<edge label="JU" idref="s2081_1"/>
<edge label="MO" idref="s2081_2"/>
<edge label="HD" idref="s2081_3"/>
<edge label="MO" idref="s2081_6"/>
<edge label="DA" idref="s2081_500"/>
<edge label="MO" idref="s2081_503"/>
<edge label="MO" idref="s2081_504"/>
<edge label="SB" idref="s2081_505"/>
 </nt>
</nonterminals>
</graph>
</s></body></corpus>
