<?xml version="1.0" encoding="utf-8" standalone="yes"?>
<corpus id="ID_maz-5873">
<body>
<s xmlns:xsi="http://www.w3.org/2001/XMLSchema-instance" id="s1677" art_id="5873" orig_id="ID_maz-5873">
<graph root="s1677_500">
<terminals>
<t id="s1677_1" word="Ungemütliche" lemma="--" pos="ADJA" morph="--"/>
<t id="s1677_2" word="Jahreszeit" lemma="--" pos="NN" morph="--"/>
</terminals>
<nonterminals>
<nt id="s1677_500" cat="NP">
<edge label="NK" idref="s1677_1"/>
<edge label="NK" idref="s1677_2"/>
 </nt>
</nonterminals>
</graph>
</s><s xmlns:xsi="http://www.w3.org/2001/XMLSchema-instance" id="s1678" art_id="5873" orig_id="ID_maz-5873">
<graph root="s1678_504">
<terminals>
<t id="s1678_1" word="Jetzt" lemma="--" pos="ADV" morph="--"/>
<t id="s1678_2" word="steht" lemma="--" pos="VVFIN" morph="--"/>
<t id="s1678_3" word="es" lemma="--" pos="PPER" morph="--"/>
<t id="s1678_4" word="fest" lemma="--" pos="PTKVZ" morph="--"/>
<t id="s1678_5" word="," lemma="--" pos="$," morph="--"/>
<t id="s1678_6" word="das" lemma="--" pos="ART" morph="--"/>
<t id="s1678_7" word="&quot;Goldene-Oktober&quot;-Wetter" lemma="--" pos="NN" morph="--"/>
<t id="s1678_8" word="geht" lemma="--" pos="VVFIN" morph="--"/>
<t id="s1678_9" word="seinem" lemma="--" pos="PPOSAT" morph="--"/>
<t id="s1678_10" word="Ende" lemma="--" pos="NN" morph="--"/>
<t id="s1678_11" word="entgegen" lemma="--" pos="PTKVZ" morph="--"/>
<t id="s1678_12" word="." lemma="--" pos="$." morph="--"/>
</terminals>
<nonterminals>
<nt id="s1678_500" cat="NP">
<edge label="NK" idref="s1678_6"/>
<edge label="NK" idref="s1678_7"/>
 </nt>
<nt id="s1678_501" cat="NP">
<edge label="NK" idref="s1678_9"/>
<edge label="NK" idref="s1678_10"/>
 </nt>
<nt id="s1678_502" cat="S">
<edge label="HD" idref="s1678_8"/>
<edge label="SVP" idref="s1678_11"/>
<edge label="SB" idref="s1678_500"/>
<edge label="DA" idref="s1678_501"/>
 </nt>
<nt id="s1678_503" cat="NP">
<edge label="PH" idref="s1678_3"/>
<edge label="RE" idref="s1678_502"/>
 </nt>
<nt id="s1678_504" cat="S">
<edge label="MO" idref="s1678_1"/>
<edge label="HD" idref="s1678_2"/>
<edge label="SVP" idref="s1678_4"/>
<edge label="SB" idref="s1678_503"/>
 </nt>
</nonterminals>
</graph>
</s><s xmlns:xsi="http://www.w3.org/2001/XMLSchema-instance" id="s1679" art_id="5873" orig_id="ID_maz-5873">
<graph root="s1679_507">
<terminals>
<t id="s1679_1" word="Mit" lemma="--" pos="APPR" morph="--"/>
<t id="s1679_2" word="der" lemma="--" pos="ART" morph="--"/>
<t id="s1679_3" word="ungemütlichen" lemma="--" pos="ADJA" morph="--"/>
<t id="s1679_4" word="Jahreszeit" lemma="--" pos="NN" morph="--"/>
<t id="s1679_5" word="nehmen" lemma="--" pos="VVFIN" morph="--"/>
<t id="s1679_6" word="auch" lemma="--" pos="ADV" morph="--"/>
<t id="s1679_7" word="die" lemma="--" pos="ART" morph="--"/>
<t id="s1679_8" word="Gefahren" lemma="--" pos="NN" morph="--"/>
<t id="s1679_9" word="auf" lemma="--" pos="APPR" morph="--"/>
<t id="s1679_10" word="den" lemma="--" pos="ART" morph="--"/>
<t id="s1679_11" word="Straßen" lemma="--" pos="NN" morph="--"/>
<t id="s1679_12" word="zu" lemma="--" pos="PTKVZ" morph="--"/>
<t id="s1679_13" word="," lemma="--" pos="$," morph="--"/>
<t id="s1679_14" word="darauf" lemma="--" pos="PROAV" morph="--"/>
<t id="s1679_15" word="weist" lemma="--" pos="VVFIN" morph="--"/>
<t id="s1679_16" word="die" lemma="--" pos="ART" morph="--"/>
<t id="s1679_17" word="Polizei" lemma="--" pos="NN" morph="--"/>
<t id="s1679_18" word="mit" lemma="--" pos="APPR" morph="--"/>
<t id="s1679_19" word="Nachdruck" lemma="--" pos="NN" morph="--"/>
<t id="s1679_20" word="hin" lemma="--" pos="PTKVZ" morph="--"/>
<t id="s1679_21" word="." lemma="--" pos="$." morph="--"/>
</terminals>
<nonterminals>
<nt id="s1679_500" cat="PP">
<edge label="AC" idref="s1679_1"/>
<edge label="NK" idref="s1679_2"/>
<edge label="NK" idref="s1679_3"/>
<edge label="NK" idref="s1679_4"/>
 </nt>
<nt id="s1679_501" cat="PP">
<edge label="AC" idref="s1679_9"/>
<edge label="NK" idref="s1679_10"/>
<edge label="NK" idref="s1679_11"/>
 </nt>
<nt id="s1679_502" cat="NP">
<edge label="NK" idref="s1679_16"/>
<edge label="NK" idref="s1679_17"/>
 </nt>
<nt id="s1679_503" cat="PP">
<edge label="AC" idref="s1679_18"/>
<edge label="NK" idref="s1679_19"/>
 </nt>
<nt id="s1679_504" cat="NP">
<edge label="MO" idref="s1679_6"/>
<edge label="NK" idref="s1679_7"/>
<edge label="NK" idref="s1679_8"/>
<edge label="MNR" idref="s1679_501"/>
 </nt>
<nt id="s1679_505" cat="S">
<edge label="HD" idref="s1679_5"/>
<edge label="SVP" idref="s1679_12"/>
<edge label="MO" idref="s1679_500"/>
<edge label="SB" idref="s1679_504"/>
 </nt>
<nt id="s1679_506" cat="PP">
<edge label="PH" idref="s1679_14"/>
<edge label="RE" idref="s1679_505"/>
 </nt>
<nt id="s1679_507" cat="S">
<edge label="HD" idref="s1679_15"/>
<edge label="SVP" idref="s1679_20"/>
<edge label="SB" idref="s1679_502"/>
<edge label="MO" idref="s1679_503"/>
<edge label="OP" idref="s1679_506"/>
 </nt>
</nonterminals>
</graph>
</s><s xmlns:xsi="http://www.w3.org/2001/XMLSchema-instance" id="s1680" art_id="5873" orig_id="ID_maz-5873">
<graph root="s1680_507">
<terminals>
<t id="s1680_1" word="Die" lemma="--" pos="ART" morph="--"/>
<t id="s1680_2" word="Mitarbeiter" lemma="--" pos="NN" morph="--"/>
<t id="s1680_3" word="der" lemma="--" pos="ART" morph="--"/>
<t id="s1680_4" word="Verkehrsunfallbekämpfung" lemma="--" pos="NN" morph="--"/>
<t id="s1680_5" word="im" lemma="--" pos="APPRART" morph="--"/>
<t id="s1680_6" word="Schutzbereich" lemma="--" pos="NN" morph="--"/>
<t id="s1680_7" word="Teltow-Fläming" lemma="--" pos="NE" morph="--"/>
<t id="s1680_8" word="haben" lemma="--" pos="VAFIN" morph="--"/>
<t id="s1680_9" word="eine" lemma="--" pos="ART" morph="--"/>
<t id="s1680_10" word="Reihe" lemma="--" pos="NN" morph="--"/>
<t id="s1680_11" word="von" lemma="--" pos="APPR" morph="--"/>
<t id="s1680_12" word="Hinweisen" lemma="--" pos="NN" morph="--"/>
<t id="s1680_13" word="für" lemma="--" pos="APPR" morph="--"/>
<t id="s1680_14" word="eine" lemma="--" pos="ART" morph="--"/>
<t id="s1680_15" word="gute" lemma="--" pos="ADJA" morph="--"/>
<t id="s1680_16" word="Fahrt" lemma="--" pos="NN" morph="--"/>
<t id="s1680_17" word="durch" lemma="--" pos="APPR" morph="--"/>
<t id="s1680_18" word="den" lemma="--" pos="ART" morph="--"/>
<t id="s1680_19" word="Herbst" lemma="--" pos="NN" morph="--"/>
<t id="s1680_20" word="parat" lemma="--" pos="ADJD" morph="--"/>
<t id="s1680_21" word="." lemma="--" pos="$." morph="--"/>
</terminals>
<nonterminals>
<nt id="s1680_500" cat="PP">
<edge label="AC" idref="s1680_5"/>
<edge label="NK" idref="s1680_6"/>
<edge label="NK" idref="s1680_7"/>
 </nt>
<nt id="s1680_501" cat="PP">
<edge label="AC" idref="s1680_17"/>
<edge label="NK" idref="s1680_18"/>
<edge label="NK" idref="s1680_19"/>
 </nt>
<nt id="s1680_502" cat="NP">
<edge label="NK" idref="s1680_3"/>
<edge label="NK" idref="s1680_4"/>
<edge label="MNR" idref="s1680_500"/>
 </nt>
<nt id="s1680_503" cat="PP">
<edge label="AC" idref="s1680_13"/>
<edge label="NK" idref="s1680_14"/>
<edge label="NK" idref="s1680_15"/>
<edge label="NK" idref="s1680_16"/>
<edge label="MNR" idref="s1680_501"/>
 </nt>
<nt id="s1680_504" cat="NP">
<edge label="NK" idref="s1680_1"/>
<edge label="NK" idref="s1680_2"/>
<edge label="AG" idref="s1680_502"/>
 </nt>
<nt id="s1680_505" cat="PP">
<edge label="AC" idref="s1680_11"/>
<edge label="NK" idref="s1680_12"/>
<edge label="MNR" idref="s1680_503"/>
 </nt>
<nt id="s1680_506" cat="NP">
<edge label="NK" idref="s1680_9"/>
<edge label="NK" idref="s1680_10"/>
<edge label="PG" idref="s1680_505"/>
 </nt>
<nt id="s1680_507" cat="S">
<edge label="HD" idref="s1680_8"/>
<edge label="MO" idref="s1680_20"/>
<edge label="SB" idref="s1680_504"/>
<edge label="OA" idref="s1680_506"/>
 </nt>
</nonterminals>
</graph>
</s><s xmlns:xsi="http://www.w3.org/2001/XMLSchema-instance" id="s1681" art_id="5873" orig_id="ID_maz-5873">
<graph root="s1681_506">
<terminals>
<t id="s1681_1" word="Sie" lemma="--" pos="PPER" morph="--">
 </t>
<t id="s1681_2" word="wissen" lemma="--" pos="VVFIN" morph="--">
 </t>
<t id="s1681_3" word="beispielsweise" lemma="--" pos="ADV" morph="--">
 </t>
<t id="s1681_4" word="," lemma="--" pos="$," morph="--">
 </t>
<t id="s1681_5" word="dass" lemma="--" pos="KOUS" morph="--">
 </t>
<t id="s1681_6" word="jetzt" lemma="--" pos="ADV" morph="--">
 </t>
<t id="s1681_7" word="wieder" lemma="--" pos="ADV" morph="--">
 </t>
<t id="s1681_8" word="verstärkt" lemma="--" pos="ADJD" morph="--">
 </t>
<t id="s1681_9" word="Wild" lemma="--" pos="NN" morph="--">
<secedge label="SB" idref="s1681_504"/>
 </t>
<t id="s1681_10" word="die" lemma="--" pos="ART" morph="--">
 </t>
<t id="s1681_11" word="Straßen" lemma="--" pos="NN" morph="--">
 </t>
<t id="s1681_12" word="überquert" lemma="--" pos="VVFIN" morph="--">
 </t>
<t id="s1681_13" word="und" lemma="--" pos="KON" morph="--">
 </t>
<t id="s1681_14" word="plötzlich" lemma="--" pos="ADJD" morph="--">
 </t>
<t id="s1681_15" word="vor" lemma="--" pos="APPR" morph="--">
 </t>
<t id="s1681_16" word="Fahrzeugen" lemma="--" pos="NN" morph="--">
 </t>
<t id="s1681_17" word="auftauchen" lemma="--" pos="VVINF" morph="--">
 </t>
<t id="s1681_18" word="kann" lemma="--" pos="VMFIN" morph="--">
 </t>
<t id="s1681_19" word="." lemma="--" pos="$." morph="--">
 </t>
</terminals>
<nonterminals>
<nt id="s1681_500" cat="NP">
<edge label="NK" idref="s1681_10"/>
<edge label="NK" idref="s1681_11"/>
 </nt>
<nt id="s1681_501" cat="PP">
<edge label="AC" idref="s1681_15"/>
<edge label="NK" idref="s1681_16"/>
 </nt>
<nt id="s1681_502" cat="S">
<edge label="CP" idref="s1681_5"/>
<edge label="MO" idref="s1681_6"/>
<edge label="MO" idref="s1681_7"/>
<edge label="MO" idref="s1681_8"/>
<edge label="SB" idref="s1681_9"/>
<edge label="HD" idref="s1681_12"/>
<edge label="OA" idref="s1681_500"/>
 </nt>
<nt id="s1681_503" cat="VP">
<edge label="HD" idref="s1681_17"/>
<edge label="MO" idref="s1681_501"/>
 </nt>
<nt id="s1681_504" cat="S">
<edge label="MO" idref="s1681_14"/>
<edge label="HD" idref="s1681_18"/>
<edge label="OC" idref="s1681_503"/>
 </nt>
<nt id="s1681_505" cat="CS">
<edge label="CD" idref="s1681_13"/>
<edge label="CJ" idref="s1681_502"/>
<edge label="CJ" idref="s1681_504"/>
 </nt>
<nt id="s1681_506" cat="S">
<edge label="SB" idref="s1681_1"/>
<edge label="HD" idref="s1681_2"/>
<edge label="MO" idref="s1681_3"/>
<edge label="OC" idref="s1681_505"/>
 </nt>
</nonterminals>
</graph>
</s><s xmlns:xsi="http://www.w3.org/2001/XMLSchema-instance" id="s1682" art_id="5873" orig_id="ID_maz-5873">
<graph root="s1682_505">
<terminals>
<t id="s1682_1" word="Vor" lemma="--" pos="APPR" morph="--"/>
<t id="s1682_2" word="allem" lemma="--" pos="PIS" morph="--"/>
<t id="s1682_3" word="beim" lemma="--" pos="APPRART" morph="--"/>
<t id="s1682_4" word="Durchfahren" lemma="--" pos="NN" morph="--"/>
<t id="s1682_5" word="von" lemma="--" pos="APPR" morph="--"/>
<t id="s1682_6" word="Waldstücken" lemma="--" pos="NN" morph="--"/>
<t id="s1682_7" word="sollte" lemma="--" pos="VMFIN" morph="--"/>
<t id="s1682_8" word="darauf" lemma="--" pos="PROAV" morph="--"/>
<t id="s1682_9" word="geachtet" lemma="--" pos="VVPP" morph="--"/>
<t id="s1682_10" word="werden" lemma="--" pos="VAINF" morph="--"/>
<t id="s1682_11" word="." lemma="--" pos="$." morph="--"/>
</terminals>
<nonterminals>
<nt id="s1682_500" cat="PP">
<edge label="AC" idref="s1682_1"/>
<edge label="NK" idref="s1682_2"/>
 </nt>
<nt id="s1682_501" cat="PP">
<edge label="AC" idref="s1682_5"/>
<edge label="NK" idref="s1682_6"/>
 </nt>
<nt id="s1682_502" cat="VP">
<edge label="OP" idref="s1682_8"/>
<edge label="HD" idref="s1682_9"/>
 </nt>
<nt id="s1682_503" cat="PP">
<edge label="AC" idref="s1682_3"/>
<edge label="NK" idref="s1682_4"/>
<edge label="MO" idref="s1682_500"/>
<edge label="PG" idref="s1682_501"/>
 </nt>
<nt id="s1682_504" cat="VP">
<edge label="HD" idref="s1682_10"/>
<edge label="OC" idref="s1682_502"/>
 </nt>
<nt id="s1682_505" cat="S">
<edge label="HD" idref="s1682_7"/>
<edge label="MO" idref="s1682_503"/>
<edge label="OC" idref="s1682_504"/>
 </nt>
</nonterminals>
</graph>
</s><s xmlns:xsi="http://www.w3.org/2001/XMLSchema-instance" id="s1683" art_id="5873" orig_id="ID_maz-5873">
<graph root="s1683_507">
<terminals>
<t id="s1683_1" word="Auch" lemma="--" pos="ADV" morph="--"/>
<t id="s1683_2" word="bei" lemma="--" pos="APPR" morph="--"/>
<t id="s1683_3" word="Laub-&quot;Matten&quot;" lemma="--" pos="NN" morph="--"/>
<t id="s1683_4" word="auf" lemma="--" pos="APPR" morph="--"/>
<t id="s1683_5" word="der" lemma="--" pos="ART" morph="--"/>
<t id="s1683_6" word="Fahrbahn" lemma="--" pos="NN" morph="--"/>
<t id="s1683_7" word="ist" lemma="--" pos="VAFIN" morph="--"/>
<t id="s1683_8" word="Vorsicht" lemma="--" pos="NN" morph="--"/>
<t id="s1683_9" word="angesagt" lemma="--" pos="VVPP" morph="--"/>
<t id="s1683_10" word="," lemma="--" pos="$," morph="--"/>
<t id="s1683_11" word="vor" lemma="--" pos="APPR" morph="--"/>
<t id="s1683_12" word="allem" lemma="--" pos="PIS" morph="--"/>
<t id="s1683_13" word="," lemma="--" pos="$," morph="--"/>
<t id="s1683_14" word="wenn" lemma="--" pos="KOUS" morph="--"/>
<t id="s1683_15" word="sie" lemma="--" pos="PPER" morph="--"/>
<t id="s1683_16" word="durch" lemma="--" pos="APPR" morph="--"/>
<t id="s1683_17" word="Regen" lemma="--" pos="NN" morph="--"/>
<t id="s1683_18" word="oder" lemma="--" pos="KON" morph="--"/>
<t id="s1683_19" word="Tau" lemma="--" pos="NN" morph="--"/>
<t id="s1683_20" word="nass" lemma="--" pos="ADJD" morph="--"/>
<t id="s1683_21" word="sind" lemma="--" pos="VAFIN" morph="--"/>
<t id="s1683_22" word="." lemma="--" pos="$." morph="--"/>
</terminals>
<nonterminals>
<nt id="s1683_500" cat="PP">
<edge label="AC" idref="s1683_4"/>
<edge label="NK" idref="s1683_5"/>
<edge label="NK" idref="s1683_6"/>
 </nt>
<nt id="s1683_501" cat="PP">
<edge label="AC" idref="s1683_11"/>
<edge label="NK" idref="s1683_12"/>
 </nt>
<nt id="s1683_502" cat="CNP">
<edge label="CJ" idref="s1683_17"/>
<edge label="CD" idref="s1683_18"/>
<edge label="CJ" idref="s1683_19"/>
 </nt>
<nt id="s1683_503" cat="PP">
<edge label="MO" idref="s1683_1"/>
<edge label="AC" idref="s1683_2"/>
<edge label="NK" idref="s1683_3"/>
<edge label="MNR" idref="s1683_500"/>
 </nt>
<nt id="s1683_504" cat="PP">
<edge label="AC" idref="s1683_16"/>
<edge label="NK" idref="s1683_502"/>
 </nt>
<nt id="s1683_505" cat="S">
<edge label="CP" idref="s1683_14"/>
<edge label="SB" idref="s1683_15"/>
<edge label="PD" idref="s1683_20"/>
<edge label="HD" idref="s1683_21"/>
<edge label="MO" idref="s1683_501"/>
<edge label="MO" idref="s1683_504"/>
 </nt>
<nt id="s1683_506" cat="VP">
<edge label="HD" idref="s1683_9"/>
<edge label="MO" idref="s1683_503"/>
<edge label="MO" idref="s1683_505"/>
 </nt>
<nt id="s1683_507" cat="S">
<edge label="HD" idref="s1683_7"/>
<edge label="SB" idref="s1683_8"/>
<edge label="OC" idref="s1683_506"/>
 </nt>
</nonterminals>
</graph>
</s><s xmlns:xsi="http://www.w3.org/2001/XMLSchema-instance" id="s1684" art_id="5873" orig_id="ID_maz-5873">
<graph root="s1684_506">
<terminals>
<t id="s1684_1" word="Besonders" lemma="--" pos="ADV" morph="--"/>
<t id="s1684_2" word="in" lemma="--" pos="APPR" morph="--"/>
<t id="s1684_3" word="Kurven" lemma="--" pos="NN" morph="--"/>
<t id="s1684_4" word="kann" lemma="--" pos="VMFIN" morph="--"/>
<t id="s1684_5" word="zu" lemma="--" pos="PTKA" morph="--"/>
<t id="s1684_6" word="schnelles" lemma="--" pos="ADJA" morph="--"/>
<t id="s1684_7" word="Fahren" lemma="--" pos="NN" morph="--"/>
<t id="s1684_8" word="dann" lemma="--" pos="ADV" morph="--"/>
<t id="s1684_9" word="dazu" lemma="--" pos="PROAV" morph="--"/>
<t id="s1684_10" word="führen" lemma="--" pos="VVINF" morph="--"/>
<t id="s1684_11" word="," lemma="--" pos="$," morph="--"/>
<t id="s1684_12" word="dass" lemma="--" pos="KOUS" morph="--"/>
<t id="s1684_13" word="Fahrzeuge" lemma="--" pos="NN" morph="--"/>
<t id="s1684_14" word="ausbrechen" lemma="--" pos="VVFIN" morph="--"/>
<t id="s1684_15" word="." lemma="--" pos="$." morph="--"/>
</terminals>
<nonterminals>
<nt id="s1684_500" cat="PP">
<edge label="MO" idref="s1684_1"/>
<edge label="AC" idref="s1684_2"/>
<edge label="NK" idref="s1684_3"/>
 </nt>
<nt id="s1684_501" cat="AP">
<edge label="MO" idref="s1684_5"/>
<edge label="HD" idref="s1684_6"/>
 </nt>
<nt id="s1684_502" cat="S">
<edge label="CP" idref="s1684_12"/>
<edge label="SB" idref="s1684_13"/>
<edge label="HD" idref="s1684_14"/>
 </nt>
<nt id="s1684_503" cat="NP">
<edge label="NK" idref="s1684_7"/>
<edge label="NK" idref="s1684_501"/>
 </nt>
<nt id="s1684_504" cat="PP">
<edge label="PH" idref="s1684_9"/>
<edge label="RE" idref="s1684_502"/>
 </nt>
<nt id="s1684_505" cat="VP">
<edge label="HD" idref="s1684_10"/>
<edge label="MO" idref="s1684_504"/>
 </nt>
<nt id="s1684_506" cat="S">
<edge label="HD" idref="s1684_4"/>
<edge label="MO" idref="s1684_8"/>
<edge label="MO" idref="s1684_500"/>
<edge label="SB" idref="s1684_503"/>
<edge label="OC" idref="s1684_505"/>
 </nt>
</nonterminals>
</graph>
</s><s xmlns:xsi="http://www.w3.org/2001/XMLSchema-instance" id="s1685" art_id="5873" orig_id="ID_maz-5873">
<graph root="s1685_503">
<terminals>
<t id="s1685_1" word="Besondere" lemma="--" pos="ADJA" morph="--"/>
<t id="s1685_2" word="Aufmerksamkeit" lemma="--" pos="NN" morph="--"/>
<t id="s1685_3" word="ist" lemma="--" pos="VAFIN" morph="--"/>
<t id="s1685_4" word="bei" lemma="--" pos="APPR" morph="--"/>
<t id="s1685_5" word="Nebel" lemma="--" pos="NN" morph="--"/>
<t id="s1685_6" word="geboten" lemma="--" pos="VVPP" morph="--"/>
<t id="s1685_7" word="." lemma="--" pos="$." morph="--"/>
</terminals>
<nonterminals>
<nt id="s1685_500" cat="NP">
<edge label="NK" idref="s1685_1"/>
<edge label="NK" idref="s1685_2"/>
 </nt>
<nt id="s1685_501" cat="PP">
<edge label="AC" idref="s1685_4"/>
<edge label="NK" idref="s1685_5"/>
 </nt>
<nt id="s1685_502" cat="VP">
<edge label="HD" idref="s1685_6"/>
<edge label="MO" idref="s1685_501"/>
 </nt>
<nt id="s1685_503" cat="S">
<edge label="HD" idref="s1685_3"/>
<edge label="SB" idref="s1685_500"/>
<edge label="OC" idref="s1685_502"/>
 </nt>
</nonterminals>
</graph>
</s><s xmlns:xsi="http://www.w3.org/2001/XMLSchema-instance" id="s1686" art_id="5873" orig_id="ID_maz-5873">
<graph root="s1686_509">
<terminals>
<t id="s1686_1" word="&quot;" lemma="--" pos="$(" morph="--">
 </t>
<t id="s1686_2" word="Dicke" lemma="--" pos="ADJA" morph="--">
 </t>
<t id="s1686_3" word="Suppe" lemma="--" pos="NN" morph="--">
 </t>
<t id="s1686_4" word="&quot;" lemma="--" pos="$(" morph="--">
 </t>
<t id="s1686_5" word="ist" lemma="--" pos="VAFIN" morph="--">
 </t>
<t id="s1686_6" word="immer" lemma="--" pos="ADV" morph="--">
 </t>
<t id="s1686_7" word="ein" lemma="--" pos="ART" morph="--">
 </t>
<t id="s1686_8" word="Zeichen" lemma="--" pos="NN" morph="--">
 </t>
<t id="s1686_9" word="dafür" lemma="--" pos="PROAV" morph="--">
 </t>
<t id="s1686_10" word="," lemma="--" pos="$," morph="--">
 </t>
<t id="s1686_11" word="die" lemma="--" pos="ART" morph="--">
 </t>
<t id="s1686_12" word="Geschwindigkeit" lemma="--" pos="NN" morph="--">
 </t>
<t id="s1686_13" word="zu" lemma="--" pos="PTKZU" morph="--">
 </t>
<t id="s1686_14" word="drosseln" lemma="--" pos="VVINF" morph="--">
 </t>
<t id="s1686_15" word="und" lemma="--" pos="KON" morph="--">
 </t>
<t id="s1686_16" word="den" lemma="--" pos="ART" morph="--">
 </t>
<t id="s1686_17" word="Sichtverhältnissen" lemma="--" pos="NN" morph="--">
 </t>
<t id="s1686_18" word="anzupassen" lemma="--" pos="VVIZU" morph="--">
 </t>
<t id="s1686_19" word="." lemma="--" pos="$." morph="--">
 </t>
</terminals>
<nonterminals>
<nt id="s1686_500" cat="NP">
<edge label="NK" idref="s1686_2"/>
<edge label="NK" idref="s1686_3"/>
 </nt>
<nt id="s1686_501" cat="NP">
<edge label="NK" idref="s1686_11"/>
<edge label="NK" idref="s1686_12"/>
<secedge label="OA" idref="s1686_505"/>
 </nt>
<nt id="s1686_502" cat="VZ">
<edge label="PM" idref="s1686_13"/>
<edge label="HD" idref="s1686_14"/>
 </nt>
<nt id="s1686_503" cat="NP">
<edge label="NK" idref="s1686_16"/>
<edge label="NK" idref="s1686_17"/>
 </nt>
<nt id="s1686_504" cat="VP">
<edge label="OA" idref="s1686_501"/>
<edge label="HD" idref="s1686_502"/>
 </nt>
<nt id="s1686_505" cat="VP">
<edge label="HD" idref="s1686_18"/>
<edge label="DA" idref="s1686_503"/>
 </nt>
<nt id="s1686_506" cat="CVP">
<edge label="CD" idref="s1686_15"/>
<edge label="CJ" idref="s1686_504"/>
<edge label="CJ" idref="s1686_505"/>
 </nt>
<nt id="s1686_507" cat="PP">
<edge label="PH" idref="s1686_9"/>
<edge label="RE" idref="s1686_506"/>
 </nt>
<nt id="s1686_508" cat="NP">
<edge label="NK" idref="s1686_7"/>
<edge label="NK" idref="s1686_8"/>
<edge label="MNR" idref="s1686_507"/>
 </nt>
<nt id="s1686_509" cat="S">
<edge label="HD" idref="s1686_5"/>
<edge label="MO" idref="s1686_6"/>
<edge label="SB" idref="s1686_500"/>
<edge label="PD" idref="s1686_508"/>
 </nt>
</nonterminals>
</graph>
</s><s xmlns:xsi="http://www.w3.org/2001/XMLSchema-instance" id="s1687" art_id="5873" orig_id="ID_maz-5873">
<graph root="s1687_506">
<terminals>
<t id="s1687_1" word="Bei" lemma="--" pos="APPR" morph="--"/>
<t id="s1687_2" word="weiter" lemma="--" pos="ADV" morph="--"/>
<t id="s1687_3" word="fortschreitender" lemma="--" pos="ADJA" morph="--"/>
<t id="s1687_4" word="Jahreszeit" lemma="--" pos="NN" morph="--"/>
<t id="s1687_5" word="ist" lemma="--" pos="VAFIN" morph="--"/>
<t id="s1687_6" word="dann" lemma="--" pos="ADV" morph="--"/>
<t id="s1687_7" word="auch" lemma="--" pos="ADV" morph="--"/>
<t id="s1687_8" word="schon" lemma="--" pos="ADV" morph="--"/>
<t id="s1687_9" word="mit" lemma="--" pos="APPR" morph="--"/>
<t id="s1687_10" word="Bodenfrösten" lemma="--" pos="NN" morph="--"/>
<t id="s1687_11" word="und" lemma="--" pos="KON" morph="--"/>
<t id="s1687_12" word="Straßenglätte" lemma="--" pos="NN" morph="--"/>
<t id="s1687_13" word="zu" lemma="--" pos="PTKZU" morph="--"/>
<t id="s1687_14" word="rechnen" lemma="--" pos="VVINF" morph="--"/>
<t id="s1687_15" word="." lemma="--" pos="$." morph="--"/>
</terminals>
<nonterminals>
<nt id="s1687_500" cat="AP">
<edge label="MO" idref="s1687_2"/>
<edge label="HD" idref="s1687_3"/>
 </nt>
<nt id="s1687_501" cat="CNP">
<edge label="CJ" idref="s1687_10"/>
<edge label="CD" idref="s1687_11"/>
<edge label="CJ" idref="s1687_12"/>
 </nt>
<nt id="s1687_502" cat="VZ">
<edge label="PM" idref="s1687_13"/>
<edge label="HD" idref="s1687_14"/>
 </nt>
<nt id="s1687_503" cat="PP">
<edge label="AC" idref="s1687_1"/>
<edge label="NK" idref="s1687_4"/>
<edge label="NK" idref="s1687_500"/>
 </nt>
<nt id="s1687_504" cat="PP">
<edge label="AC" idref="s1687_9"/>
<edge label="NK" idref="s1687_501"/>
 </nt>
<nt id="s1687_505" cat="VP">
<edge label="MO" idref="s1687_6"/>
<edge label="MO" idref="s1687_7"/>
<edge label="MO" idref="s1687_8"/>
<edge label="HD" idref="s1687_502"/>
<edge label="MO" idref="s1687_503"/>
<edge label="MO" idref="s1687_504"/>
 </nt>
<nt id="s1687_506" cat="S">
<edge label="HD" idref="s1687_5"/>
<edge label="OC" idref="s1687_505"/>
 </nt>
</nonterminals>
</graph>
</s><s xmlns:xsi="http://www.w3.org/2001/XMLSchema-instance" id="s1688" art_id="5873" orig_id="ID_maz-5873">
<graph root="s1688_510">
<terminals>
<t id="s1688_1" word="Sicher" lemma="--" pos="ADV" morph="--">
 </t>
<t id="s1688_2" word="," lemma="--" pos="$," morph="--">
 </t>
<t id="s1688_3" word="wir" lemma="--" pos="PPER" morph="--">
<secedge label="SB" idref="s1688_501"/>
 </t>
<t id="s1688_4" word="haben" lemma="--" pos="VAFIN" morph="--">
 </t>
<t id="s1688_5" word="das" lemma="--" pos="PDS" morph="--">
 </t>
<t id="s1688_6" word="alles" lemma="--" pos="PIS" morph="--">
 </t>
<t id="s1688_7" word="schon" lemma="--" pos="ADV" morph="--">
 </t>
<t id="s1688_8" word="gehört" lemma="--" pos="VVPP" morph="--">
 </t>
<t id="s1688_9" word="und" lemma="--" pos="KON" morph="--">
 </t>
<t id="s1688_10" word="wissen" lemma="--" pos="VVFIN" morph="--">
 </t>
<t id="s1688_11" word="theoretisch" lemma="--" pos="ADJD" morph="--">
 </t>
<t id="s1688_12" word="Bescheid" lemma="--" pos="NN" morph="--">
 </t>
<t id="s1688_13" word="-" lemma="--" pos="$(" morph="--">
 </t>
<t id="s1688_14" word="in" lemma="--" pos="APPR" morph="--">
 </t>
<t id="s1688_15" word="der" lemma="--" pos="ART" morph="--">
 </t>
<t id="s1688_16" word="Realität" lemma="--" pos="NN" morph="--">
 </t>
<t id="s1688_17" word="aber" lemma="--" pos="ADV" morph="--">
 </t>
<t id="s1688_18" word="enden" lemma="--" pos="VVFIN" morph="--">
 </t>
<t id="s1688_19" word="leider" lemma="--" pos="ADV" morph="--">
 </t>
<t id="s1688_20" word="zu" lemma="--" pos="PTKA" morph="--">
 </t>
<t id="s1688_21" word="viele" lemma="--" pos="PIAT" morph="--">
 </t>
<t id="s1688_22" word="Fahrten" lemma="--" pos="NN" morph="--">
 </t>
<t id="s1688_23" word="aus" lemma="--" pos="APPR" morph="--">
 </t>
<t id="s1688_24" word="den" lemma="--" pos="ART" morph="--">
 </t>
<t id="s1688_25" word="genannten" lemma="--" pos="ADJA" morph="--">
 </t>
<t id="s1688_26" word="Gründen" lemma="--" pos="NN" morph="--">
 </t>
<t id="s1688_27" word="verhängnisvoll" lemma="--" pos="ADJD" morph="--">
 </t>
<t id="s1688_28" word="." lemma="--" pos="$." morph="--">
 </t>
</terminals>
<nonterminals>
<nt id="s1688_500" cat="NP">
<edge label="NK" idref="s1688_5"/>
<edge label="NK" idref="s1688_6"/>
 </nt>
<nt id="s1688_501" cat="S">
<edge label="HD" idref="s1688_10"/>
<edge label="MO" idref="s1688_11"/>
<edge label="OA" idref="s1688_12"/>
 </nt>
<nt id="s1688_502" cat="PP">
<edge label="AC" idref="s1688_14"/>
<edge label="NK" idref="s1688_15"/>
<edge label="NK" idref="s1688_16"/>
<edge label="MO" idref="s1688_17"/>
 </nt>
<nt id="s1688_503" cat="AP">
<edge label="MO" idref="s1688_20"/>
<edge label="HD" idref="s1688_21"/>
 </nt>
<nt id="s1688_504" cat="PP">
<edge label="AC" idref="s1688_23"/>
<edge label="NK" idref="s1688_24"/>
<edge label="NK" idref="s1688_25"/>
<edge label="NK" idref="s1688_26"/>
 </nt>
<nt id="s1688_505" cat="VP">
<edge label="MO" idref="s1688_7"/>
<edge label="HD" idref="s1688_8"/>
<edge label="OA" idref="s1688_500"/>
 </nt>
<nt id="s1688_506" cat="NP">
<edge label="NK" idref="s1688_22"/>
<edge label="NK" idref="s1688_503"/>
 </nt>
<nt id="s1688_507" cat="S">
<edge label="PAR" idref="s1688_1"/>
<edge label="SB" idref="s1688_3"/>
<edge label="HD" idref="s1688_4"/>
<edge label="OC" idref="s1688_505"/>
 </nt>
<nt id="s1688_508" cat="S">
<edge label="HD" idref="s1688_18"/>
<edge label="MO" idref="s1688_19"/>
<edge label="MO" idref="s1688_27"/>
<edge label="MO" idref="s1688_502"/>
<edge label="MO" idref="s1688_504"/>
<edge label="SB" idref="s1688_506"/>
 </nt>
<nt id="s1688_509" cat="CS">
<edge label="CD" idref="s1688_9"/>
<edge label="CJ" idref="s1688_501"/>
<edge label="CJ" idref="s1688_507"/>
 </nt>
<nt id="s1688_510" cat="CS">
<edge label="CJ" idref="s1688_508"/>
<edge label="CJ" idref="s1688_509"/>
 </nt>
</nonterminals>
</graph>
</s></body></corpus>
