<?xml version="1.0" encoding="utf-8" standalone="yes"?>
<corpus id="ID_maz-8981">
<body>
<s xmlns:xsi="http://www.w3.org/2001/XMLSchema-instance" id="s2016" art_id="8981" orig_id="ID_maz-8981">
<graph root="s2016_1">
<terminals>
<t id="s2016_1" word="Überfällig" lemma="--" pos="ADJD" morph="--"/>
</terminals>
<nonterminals>
</nonterminals>
</graph>
</s><s xmlns:xsi="http://www.w3.org/2001/XMLSchema-instance" id="s2017" art_id="8981" orig_id="ID_maz-8981">
<graph root="s2017_504">
<terminals>
<t id="s2017_1" word="Frischluftfans" lemma="--" pos="NN" morph="--"/>
<t id="s2017_2" word="ist" lemma="--" pos="VAFIN" morph="--"/>
<t id="s2017_3" word="der" lemma="--" pos="ART" morph="--"/>
<t id="s2017_4" word="Donau-Radwanderweg" lemma="--" pos="NE" morph="--"/>
<t id="s2017_5" word="genauso" lemma="--" pos="ADV" morph="--"/>
<t id="s2017_6" word="ein" lemma="--" pos="ART" morph="--"/>
<t id="s2017_7" word="Begriff" lemma="--" pos="NN" morph="--"/>
<t id="s2017_8" word="wie" lemma="--" pos="KOKOM" morph="--"/>
<t id="s2017_9" word="auch" lemma="--" pos="ADV" morph="--"/>
<t id="s2017_10" word="der" lemma="--" pos="ART" morph="--"/>
<t id="s2017_11" word="Münsterland-Radwanderweg" lemma="--" pos="NE" morph="--"/>
<t id="s2017_12" word="." lemma="--" pos="$." morph="--"/>
</terminals>
<nonterminals>
<nt id="s2017_500" cat="NP">
<edge label="NK" idref="s2017_3"/>
<edge label="NK" idref="s2017_4"/>
 </nt>
<nt id="s2017_501" cat="NP">
<edge label="NK" idref="s2017_6"/>
<edge label="NK" idref="s2017_7"/>
 </nt>
<nt id="s2017_502" cat="NP">
<edge label="CM" idref="s2017_8"/>
<edge label="MO" idref="s2017_9"/>
<edge label="NK" idref="s2017_10"/>
<edge label="NK" idref="s2017_11"/>
 </nt>
<nt id="s2017_503" cat="AVP">
<edge label="HD" idref="s2017_5"/>
<edge label="CC" idref="s2017_502"/>
 </nt>
<nt id="s2017_504" cat="S">
<edge label="DA" idref="s2017_1"/>
<edge label="HD" idref="s2017_2"/>
<edge label="SB" idref="s2017_500"/>
<edge label="PD" idref="s2017_501"/>
<edge label="MO" idref="s2017_503"/>
 </nt>
</nonterminals>
</graph>
</s><s xmlns:xsi="http://www.w3.org/2001/XMLSchema-instance" id="s2018" art_id="8981" orig_id="ID_maz-8981">
<graph root="s2018_507">
<terminals>
<t id="s2018_1" word="Warum" lemma="--" pos="PWAV" morph="--"/>
<t id="s2018_2" word="sollte" lemma="--" pos="VMFIN" morph="--"/>
<t id="s2018_3" word="da" lemma="--" pos="ADV" morph="--"/>
<t id="s2018_4" word="nicht" lemma="--" pos="PTKNEG" morph="--"/>
<t id="s2018_5" word="der" lemma="--" pos="ART" morph="--"/>
<t id="s2018_6" word="Landkreis" lemma="--" pos="NN" morph="--"/>
<t id="s2018_7" word="Teltow-Fläming" lemma="--" pos="NE" morph="--"/>
<t id="s2018_8" word="für" lemma="--" pos="APPR" morph="--"/>
<t id="s2018_9" word="alle" lemma="--" pos="PIAT" morph="--"/>
<t id="s2018_10" word="Sportbegeisterten" lemma="--" pos="NN" morph="--"/>
<t id="s2018_11" word="Brandenburgs" lemma="--" pos="NE" morph="--"/>
<t id="s2018_12" word="oder" lemma="--" pos="KON" morph="--"/>
<t id="s2018_13" word="gar" lemma="--" pos="ADV" morph="--"/>
<t id="s2018_14" word="Deutschlands" lemma="--" pos="NE" morph="--"/>
<t id="s2018_15" word="einmal" lemma="--" pos="ADV" morph="--"/>
<t id="s2018_16" word="der" lemma="--" pos="ART" morph="--"/>
<t id="s2018_17" word="Inbegriff" lemma="--" pos="NN" morph="--"/>
<t id="s2018_18" word="für" lemma="--" pos="APPR" morph="--"/>
<t id="s2018_19" word="Inline-Skaten" lemma="--" pos="NN" morph="--"/>
<t id="s2018_20" word="werden" lemma="--" pos="VAINF" morph="--"/>
<t id="s2018_21" word="?" lemma="--" pos="$." morph="--"/>
</terminals>
<nonterminals>
<nt id="s2018_500" cat="NP">
<edge label="NK" idref="s2018_5"/>
<edge label="NK" idref="s2018_6"/>
<edge label="NK" idref="s2018_7"/>
 </nt>
<nt id="s2018_501" cat="NP">
<edge label="MO" idref="s2018_13"/>
<edge label="NK" idref="s2018_14"/>
 </nt>
<nt id="s2018_502" cat="PP">
<edge label="AC" idref="s2018_18"/>
<edge label="NK" idref="s2018_19"/>
 </nt>
<nt id="s2018_503" cat="CNP">
<edge label="CJ" idref="s2018_11"/>
<edge label="CD" idref="s2018_12"/>
<edge label="CJ" idref="s2018_501"/>
 </nt>
<nt id="s2018_504" cat="NP">
<edge label="NK" idref="s2018_16"/>
<edge label="NK" idref="s2018_17"/>
<edge label="MNR" idref="s2018_502"/>
 </nt>
<nt id="s2018_505" cat="PP">
<edge label="AC" idref="s2018_8"/>
<edge label="NK" idref="s2018_9"/>
<edge label="NK" idref="s2018_10"/>
<edge label="AG" idref="s2018_503"/>
 </nt>
<nt id="s2018_506" cat="VP">
<edge label="MO" idref="s2018_15"/>
<edge label="HD" idref="s2018_20"/>
<edge label="PD" idref="s2018_504"/>
<edge label="MO" idref="s2018_505"/>
 </nt>
<nt id="s2018_507" cat="S">
<edge label="MO" idref="s2018_1"/>
<edge label="HD" idref="s2018_2"/>
<edge label="MO" idref="s2018_3"/>
<edge label="NG" idref="s2018_4"/>
<edge label="SB" idref="s2018_500"/>
<edge label="OC" idref="s2018_506"/>
 </nt>
</nonterminals>
</graph>
</s><s xmlns:xsi="http://www.w3.org/2001/XMLSchema-instance" id="s2019" art_id="8981" orig_id="ID_maz-8981">
<graph root="s2019_502">
<terminals>
<t id="s2019_1" word="Dieser" lemma="--" pos="PDAT" morph="--"/>
<t id="s2019_2" word="Anspruch" lemma="--" pos="NN" morph="--"/>
<t id="s2019_3" word="besteht" lemma="--" pos="VVFIN" morph="--"/>
<t id="s2019_4" word="jetzt" lemma="--" pos="ADV" morph="--"/>
<t id="s2019_5" word="(" lemma="--" pos="$(" morph="--"/>
<t id="s2019_6" word="noch" lemma="--" pos="ADV" morph="--"/>
<t id="s2019_7" word=")" lemma="--" pos="$(" morph="--"/>
<t id="s2019_8" word="nicht" lemma="--" pos="PTKNEG" morph="--"/>
<t id="s2019_9" word="." lemma="--" pos="$." morph="--"/>
</terminals>
<nonterminals>
<nt id="s2019_500" cat="NP">
<edge label="NK" idref="s2019_1"/>
<edge label="NK" idref="s2019_2"/>
 </nt>
<nt id="s2019_501" cat="AVP">
<edge label="MO" idref="s2019_6"/>
<edge label="HD" idref="s2019_8"/>
 </nt>
<nt id="s2019_502" cat="S">
<edge label="HD" idref="s2019_3"/>
<edge label="MO" idref="s2019_4"/>
<edge label="SB" idref="s2019_500"/>
<edge label="NG" idref="s2019_501"/>
 </nt>
</nonterminals>
</graph>
</s><s xmlns:xsi="http://www.w3.org/2001/XMLSchema-instance" id="s2020" art_id="8981" orig_id="ID_maz-8981">
<graph root="s2020_510">
<terminals>
<t id="s2020_1" word="Zum" lemma="--" pos="APPRART" morph="--"/>
<t id="s2020_2" word="einen" lemma="--" pos="PIS" morph="--"/>
<t id="s2020_3" word="würden" lemma="--" pos="VAFIN" morph="--"/>
<t id="s2020_4" word="dafür" lemma="--" pos="PROAV" morph="--"/>
<t id="s2020_5" word="die" lemma="--" pos="ART" morph="--"/>
<t id="s2020_6" word="rund" lemma="--" pos="ADJD" morph="--"/>
<t id="s2020_7" word="100" lemma="--" pos="CARD" morph="--"/>
<t id="s2020_8" word="Kilometer" lemma="--" pos="NN" morph="--"/>
<t id="s2020_9" word="langen" lemma="--" pos="ADJA" morph="--"/>
<t id="s2020_10" word="Rad-" lemma="--" pos="TRUNC" morph="--"/>
<t id="s2020_11" word="und" lemma="--" pos="KON" morph="--"/>
<t id="s2020_12" word="Skatewege" lemma="--" pos="NN" morph="--"/>
<t id="s2020_13" word="im" lemma="--" pos="APPRART" morph="--"/>
<t id="s2020_14" word="Süden" lemma="--" pos="NN" morph="--"/>
<t id="s2020_15" word="des" lemma="--" pos="ART" morph="--"/>
<t id="s2020_16" word="Kreises" lemma="--" pos="NN" morph="--"/>
<t id="s2020_17" word="lange" lemma="--" pos="ADV" morph="--"/>
<t id="s2020_18" word="nicht" lemma="--" pos="PTKNEG" morph="--"/>
<t id="s2020_19" word="reichen" lemma="--" pos="VVINF" morph="--"/>
<t id="s2020_20" word="." lemma="--" pos="$." morph="--"/>
</terminals>
<nonterminals>
<nt id="s2020_500" cat="PP">
<edge label="AC" idref="s2020_1"/>
<edge label="NK" idref="s2020_2"/>
 </nt>
<nt id="s2020_501" cat="AP">
<edge label="MO" idref="s2020_6"/>
<edge label="HD" idref="s2020_7"/>
 </nt>
<nt id="s2020_502" cat="CNP">
<edge label="CJ" idref="s2020_10"/>
<edge label="CD" idref="s2020_11"/>
<edge label="CJ" idref="s2020_12"/>
 </nt>
<nt id="s2020_503" cat="NP">
<edge label="NK" idref="s2020_15"/>
<edge label="NK" idref="s2020_16"/>
 </nt>
<nt id="s2020_504" cat="AVP">
<edge label="MO" idref="s2020_17"/>
<edge label="HD" idref="s2020_18"/>
 </nt>
<nt id="s2020_505" cat="NP">
<edge label="NK" idref="s2020_8"/>
<edge label="NK" idref="s2020_501"/>
 </nt>
<nt id="s2020_506" cat="PP">
<edge label="AC" idref="s2020_13"/>
<edge label="NK" idref="s2020_14"/>
<edge label="AG" idref="s2020_503"/>
 </nt>
<nt id="s2020_507" cat="VP">
<edge label="MO" idref="s2020_4"/>
<edge label="HD" idref="s2020_19"/>
<edge label="MO" idref="s2020_500"/>
<edge label="NG" idref="s2020_504"/>
 </nt>
<nt id="s2020_508" cat="AP">
<edge label="HD" idref="s2020_9"/>
<edge label="AMS" idref="s2020_505"/>
 </nt>
<nt id="s2020_509" cat="NP">
<edge label="NK" idref="s2020_5"/>
<edge label="NK" idref="s2020_502"/>
<edge label="MNR" idref="s2020_506"/>
<edge label="NK" idref="s2020_508"/>
 </nt>
<nt id="s2020_510" cat="S">
<edge label="HD" idref="s2020_3"/>
<edge label="OC" idref="s2020_507"/>
<edge label="SB" idref="s2020_509"/>
 </nt>
</nonterminals>
</graph>
</s><s xmlns:xsi="http://www.w3.org/2001/XMLSchema-instance" id="s2021" art_id="8981" orig_id="ID_maz-8981">
<graph root="s2021_504">
<terminals>
<t id="s2021_1" word="Außerdem" lemma="--" pos="PROAV" morph="--"/>
<t id="s2021_2" word="müsste" lemma="--" pos="VMFIN" morph="--"/>
<t id="s2021_3" word="hinter" lemma="--" pos="APPR" morph="--"/>
<t id="s2021_4" word="solch" lemma="--" pos="PIAT" morph="--"/>
<t id="s2021_5" word="einem" lemma="--" pos="ART" morph="--"/>
<t id="s2021_6" word="Angebot" lemma="--" pos="NN" morph="--"/>
<t id="s2021_7" word="die" lemma="--" pos="ART" morph="--"/>
<t id="s2021_8" word="gesamte" lemma="--" pos="ADJA" morph="--"/>
<t id="s2021_9" word="Region" lemma="--" pos="NN" morph="--"/>
<t id="s2021_10" word="in" lemma="--" pos="APPR" morph="--"/>
<t id="s2021_11" word="aller" lemma="--" pos="PIAT" morph="--"/>
<t id="s2021_12" word="Konsequenz" lemma="--" pos="NN" morph="--"/>
<t id="s2021_13" word="stehen" lemma="--" pos="VVINF" morph="--"/>
<t id="s2021_14" word="." lemma="--" pos="$." morph="--"/>
</terminals>
<nonterminals>
<nt id="s2021_500" cat="PP">
<edge label="AC" idref="s2021_3"/>
<edge label="NK" idref="s2021_4"/>
<edge label="NK" idref="s2021_5"/>
<edge label="NK" idref="s2021_6"/>
 </nt>
<nt id="s2021_501" cat="NP">
<edge label="NK" idref="s2021_7"/>
<edge label="NK" idref="s2021_8"/>
<edge label="NK" idref="s2021_9"/>
 </nt>
<nt id="s2021_502" cat="PP">
<edge label="AC" idref="s2021_10"/>
<edge label="NK" idref="s2021_11"/>
<edge label="NK" idref="s2021_12"/>
 </nt>
<nt id="s2021_503" cat="VP">
<edge label="HD" idref="s2021_13"/>
<edge label="MO" idref="s2021_500"/>
 </nt>
<nt id="s2021_504" cat="S">
<edge label="MO" idref="s2021_1"/>
<edge label="HD" idref="s2021_2"/>
<edge label="SB" idref="s2021_501"/>
<edge label="MO" idref="s2021_502"/>
<edge label="OC" idref="s2021_503"/>
 </nt>
</nonterminals>
</graph>
</s><s xmlns:xsi="http://www.w3.org/2001/XMLSchema-instance" id="s2022" art_id="8981" orig_id="ID_maz-8981">
<graph root="s2022_510">
<terminals>
<t id="s2022_1" word="Denn" lemma="--" pos="KON" morph="--"/>
<t id="s2022_2" word="sollte" lemma="--" pos="VMFIN" morph="--"/>
<t id="s2022_3" word="wirklich" lemma="--" pos="ADJD" morph="--"/>
<t id="s2022_4" word="einmal" lemma="--" pos="ADV" morph="--"/>
<t id="s2022_5" word="Inline-Skaten" lemma="--" pos="NN" morph="--"/>
<t id="s2022_6" word="den" lemma="--" pos="ART" morph="--"/>
<t id="s2022_7" word="Kreis" lemma="--" pos="NN" morph="--"/>
<t id="s2022_8" word="Teltow-Fläming" lemma="--" pos="NE" morph="--"/>
<t id="s2022_9" word="über" lemma="--" pos="APPR" morph="--"/>
<t id="s2022_10" word="die" lemma="--" pos="ART" morph="--"/>
<t id="s2022_11" word="Grenzen" lemma="--" pos="NN" morph="--"/>
<t id="s2022_12" word="hinaus" lemma="--" pos="APZR" morph="--"/>
<t id="s2022_13" word="anziehend" lemma="--" pos="ADJD" morph="--"/>
<t id="s2022_14" word="machen" lemma="--" pos="VVINF" morph="--"/>
<t id="s2022_15" word="," lemma="--" pos="$," morph="--"/>
<t id="s2022_16" word="so" lemma="--" pos="ADV" morph="--"/>
<t id="s2022_17" word="müsste" lemma="--" pos="VMFIN" morph="--"/>
<t id="s2022_18" word="man" lemma="--" pos="PIS" morph="--"/>
<t id="s2022_19" word="vorher" lemma="--" pos="ADV" morph="--"/>
<t id="s2022_20" word="die" lemma="--" pos="ART" morph="--"/>
<t id="s2022_21" word="gesamte" lemma="--" pos="ADJA" morph="--"/>
<t id="s2022_22" word="Infrastruktur" lemma="--" pos="NN" morph="--"/>
<t id="s2022_23" word="darauf" lemma="--" pos="PROAV" morph="--"/>
<t id="s2022_24" word="ausrichten" lemma="--" pos="VVINF" morph="--"/>
<t id="s2022_25" word="," lemma="--" pos="$," morph="--"/>
<t id="s2022_26" word="um" lemma="--" pos="KOUI" morph="--"/>
<t id="s2022_27" word="diese" lemma="--" pos="PDAT" morph="--"/>
<t id="s2022_28" word="Sportart" lemma="--" pos="NN" morph="--"/>
<t id="s2022_29" word="als" lemma="--" pos="APPR" morph="--"/>
<t id="s2022_30" word="eine" lemma="--" pos="ART" morph="--"/>
<t id="s2022_31" word="touristische" lemma="--" pos="ADJA" morph="--"/>
<t id="s2022_32" word="Attraktion" lemma="--" pos="NN" morph="--"/>
<t id="s2022_33" word="anzubieten" lemma="--" pos="VVIZU" morph="--"/>
<t id="s2022_34" word="." lemma="--" pos="$." morph="--"/>
</terminals>
<nonterminals>
<nt id="s2022_500" cat="NP">
<edge label="NK" idref="s2022_6"/>
<edge label="NK" idref="s2022_7"/>
<edge label="NK" idref="s2022_8"/>
 </nt>
<nt id="s2022_501" cat="PP">
<edge label="AC" idref="s2022_9"/>
<edge label="NK" idref="s2022_10"/>
<edge label="NK" idref="s2022_11"/>
<edge label="AC" idref="s2022_12"/>
 </nt>
<nt id="s2022_502" cat="NP">
<edge label="NK" idref="s2022_20"/>
<edge label="NK" idref="s2022_21"/>
<edge label="NK" idref="s2022_22"/>
 </nt>
<nt id="s2022_503" cat="NP">
<edge label="NK" idref="s2022_27"/>
<edge label="NK" idref="s2022_28"/>
 </nt>
<nt id="s2022_504" cat="PP">
<edge label="AC" idref="s2022_29"/>
<edge label="NK" idref="s2022_30"/>
<edge label="NK" idref="s2022_31"/>
<edge label="NK" idref="s2022_32"/>
 </nt>
<nt id="s2022_505" cat="VP">
<edge label="MO" idref="s2022_13"/>
<edge label="HD" idref="s2022_14"/>
<edge label="OA" idref="s2022_500"/>
<edge label="MO" idref="s2022_501"/>
 </nt>
<nt id="s2022_506" cat="VP">
<edge label="CP" idref="s2022_26"/>
<edge label="HD" idref="s2022_33"/>
<edge label="OA" idref="s2022_503"/>
<edge label="MO" idref="s2022_504"/>
 </nt>
<nt id="s2022_507" cat="S">
<edge label="JU" idref="s2022_1"/>
<edge label="HD" idref="s2022_2"/>
<edge label="MO" idref="s2022_3"/>
<edge label="MO" idref="s2022_4"/>
<edge label="SB" idref="s2022_5"/>
<edge label="OC" idref="s2022_505"/>
 </nt>
<nt id="s2022_508" cat="VP">
<edge label="MO" idref="s2022_23"/>
<edge label="HD" idref="s2022_24"/>
<edge label="OA" idref="s2022_502"/>
<edge label="MO" idref="s2022_506"/>
 </nt>
<nt id="s2022_509" cat="AVP">
<edge label="PH" idref="s2022_16"/>
<edge label="RE" idref="s2022_507"/>
 </nt>
<nt id="s2022_510" cat="S">
<edge label="HD" idref="s2022_17"/>
<edge label="SB" idref="s2022_18"/>
<edge label="MO" idref="s2022_19"/>
<edge label="OC" idref="s2022_508"/>
<edge label="MO" idref="s2022_509"/>
 </nt>
</nonterminals>
</graph>
</s><s xmlns:xsi="http://www.w3.org/2001/XMLSchema-instance" id="s2023" art_id="8981" orig_id="ID_maz-8981">
<graph root="s2023_509">
<terminals>
<t id="s2023_1" word="Im" lemma="--" pos="APPRART" morph="--"/>
<t id="s2023_2" word="Moment" lemma="--" pos="NN" morph="--"/>
<t id="s2023_3" word="sollte" lemma="--" pos="VMFIN" morph="--"/>
<t id="s2023_4" word="man" lemma="--" pos="PIS" morph="--"/>
<t id="s2023_5" word="sich" lemma="--" pos="PRF" morph="--"/>
<t id="s2023_6" word="erst" lemma="--" pos="ADV" morph="--"/>
<t id="s2023_7" word="einmal" lemma="--" pos="ADV" morph="--"/>
<t id="s2023_8" word="über" lemma="--" pos="APPR" morph="--"/>
<t id="s2023_9" word="die" lemma="--" pos="ART" morph="--"/>
<t id="s2023_10" word="zaghaften" lemma="--" pos="ADJA" morph="--"/>
<t id="s2023_11" word="Versuche" lemma="--" pos="NN" morph="--"/>
<t id="s2023_12" word="im" lemma="--" pos="APPRART" morph="--"/>
<t id="s2023_13" word="Norden" lemma="--" pos="NN" morph="--"/>
<t id="s2023_14" word="freuen" lemma="--" pos="VVINF" morph="--"/>
<t id="s2023_15" word="," lemma="--" pos="$," morph="--"/>
<t id="s2023_16" word="Radwege" lemma="--" pos="NN" morph="--"/>
<t id="s2023_17" word="im" lemma="--" pos="APPRART" morph="--"/>
<t id="s2023_18" word="Verbund" lemma="--" pos="NN" morph="--"/>
<t id="s2023_19" word="auf" lemma="--" pos="APPR" morph="--"/>
<t id="s2023_20" word="die" lemma="--" pos="ART" morph="--"/>
<t id="s2023_21" word="Reihe" lemma="--" pos="NN" morph="--"/>
<t id="s2023_22" word="zu" lemma="--" pos="PTKZU" morph="--"/>
<t id="s2023_23" word="bringen" lemma="--" pos="VVINF" morph="--"/>
<t id="s2023_24" word="." lemma="--" pos="$." morph="--"/>
</terminals>
<nonterminals>
<nt id="s2023_500" cat="PP">
<edge label="AC" idref="s2023_1"/>
<edge label="NK" idref="s2023_2"/>
 </nt>
<nt id="s2023_501" cat="AVP">
<edge label="MO" idref="s2023_6"/>
<edge label="HD" idref="s2023_7"/>
 </nt>
<nt id="s2023_502" cat="PP">
<edge label="AC" idref="s2023_12"/>
<edge label="NK" idref="s2023_13"/>
 </nt>
<nt id="s2023_503" cat="PP">
<edge label="AC" idref="s2023_17"/>
<edge label="NK" idref="s2023_18"/>
 </nt>
<nt id="s2023_504" cat="PP">
<edge label="AC" idref="s2023_19"/>
<edge label="NK" idref="s2023_20"/>
<edge label="NK" idref="s2023_21"/>
 </nt>
<nt id="s2023_505" cat="VZ">
<edge label="PM" idref="s2023_22"/>
<edge label="HD" idref="s2023_23"/>
 </nt>
<nt id="s2023_506" cat="VP">
<edge label="OA" idref="s2023_16"/>
<edge label="MO" idref="s2023_503"/>
<edge label="MO" idref="s2023_504"/>
<edge label="HD" idref="s2023_505"/>
 </nt>
<nt id="s2023_507" cat="PP">
<edge label="AC" idref="s2023_8"/>
<edge label="NK" idref="s2023_9"/>
<edge label="NK" idref="s2023_10"/>
<edge label="NK" idref="s2023_11"/>
<edge label="MNR" idref="s2023_502"/>
<edge label="OC" idref="s2023_506"/>
 </nt>
<nt id="s2023_508" cat="VP">
<edge label="OA" idref="s2023_5"/>
<edge label="HD" idref="s2023_14"/>
<edge label="OP" idref="s2023_507"/>
 </nt>
<nt id="s2023_509" cat="S">
<edge label="HD" idref="s2023_3"/>
<edge label="SB" idref="s2023_4"/>
<edge label="MO" idref="s2023_500"/>
<edge label="MO" idref="s2023_501"/>
<edge label="OC" idref="s2023_508"/>
 </nt>
</nonterminals>
</graph>
</s><s xmlns:xsi="http://www.w3.org/2001/XMLSchema-instance" id="s2024" art_id="8981" orig_id="ID_maz-8981">
<graph root="s2024_505">
<terminals>
<t id="s2024_1" word="Die" lemma="--" pos="PDS" morph="--">
<secedge label="SB" idref="s2024_504"/>
 </t>
<t id="s2024_2" word="sind" lemma="--" pos="VAFIN" morph="--">
 </t>
<t id="s2024_3" word="längst" lemma="--" pos="ADV" morph="--">
 </t>
<t id="s2024_4" word="überfällig" lemma="--" pos="ADJD" morph="--">
 </t>
<t id="s2024_5" word="und" lemma="--" pos="KON" morph="--">
 </t>
<t id="s2024_6" word="würden" lemma="--" pos="VAFIN" morph="--">
 </t>
<t id="s2024_7" word="den" lemma="--" pos="ART" morph="--">
 </t>
<t id="s2024_8" word="Einwohnern" lemma="--" pos="NN" morph="--">
 </t>
<t id="s2024_9" word="endlich" lemma="--" pos="ADV" morph="--">
 </t>
<t id="s2024_10" word="den" lemma="--" pos="ART" morph="--">
 </t>
<t id="s2024_11" word="Alltag" lemma="--" pos="NN" morph="--">
 </t>
<t id="s2024_12" word="leichter" lemma="--" pos="ADJD" morph="--">
 </t>
<t id="s2024_13" word="machen" lemma="--" pos="VVINF" morph="--">
 </t>
<t id="s2024_14" word="." lemma="--" pos="$." morph="--">
 </t>
</terminals>
<nonterminals>
<nt id="s2024_500" cat="S">
<edge label="SB" idref="s2024_1"/>
<edge label="HD" idref="s2024_2"/>
<edge label="MO" idref="s2024_3"/>
<edge label="PD" idref="s2024_4"/>
 </nt>
<nt id="s2024_501" cat="NP">
<edge label="NK" idref="s2024_7"/>
<edge label="NK" idref="s2024_8"/>
 </nt>
<nt id="s2024_502" cat="NP">
<edge label="NK" idref="s2024_10"/>
<edge label="NK" idref="s2024_11"/>
 </nt>
<nt id="s2024_503" cat="VP">
<edge label="MO" idref="s2024_9"/>
<edge label="MO" idref="s2024_12"/>
<edge label="HD" idref="s2024_13"/>
<edge label="DA" idref="s2024_501"/>
<edge label="OA" idref="s2024_502"/>
 </nt>
<nt id="s2024_504" cat="S">
<edge label="HD" idref="s2024_6"/>
<edge label="OC" idref="s2024_503"/>
 </nt>
<nt id="s2024_505" cat="CS">
<edge label="CD" idref="s2024_5"/>
<edge label="CJ" idref="s2024_500"/>
<edge label="CJ" idref="s2024_504"/>
 </nt>
</nonterminals>
</graph>
</s><s xmlns:xsi="http://www.w3.org/2001/XMLSchema-instance" id="s2025" art_id="8981" orig_id="ID_maz-8981">
<graph root="s2025_505">
<terminals>
<t id="s2025_1" word="Wenn" lemma="--" pos="KOUS" morph="--"/>
<t id="s2025_2" word="damit" lemma="--" pos="PROAV" morph="--"/>
<t id="s2025_3" word="auch" lemma="--" pos="ADV" morph="--"/>
<t id="s2025_4" word="gleichzeitig" lemma="--" pos="ADJD" morph="--"/>
<t id="s2025_5" word="den" lemma="--" pos="ART" morph="--"/>
<t id="s2025_6" word="Touristen" lemma="--" pos="NN" morph="--"/>
<t id="s2025_7" word="mehr" lemma="--" pos="PIAT" morph="--"/>
<t id="s2025_8" word="Wege" lemma="--" pos="NN" morph="--"/>
<t id="s2025_9" word="erschlossen" lemma="--" pos="VVPP" morph="--"/>
<t id="s2025_10" word="werden" lemma="--" pos="VAFIN" morph="--"/>
<t id="s2025_11" word="," lemma="--" pos="$," morph="--"/>
<t id="s2025_12" word="ist" lemma="--" pos="VAFIN" morph="--"/>
<t id="s2025_13" word="das" lemma="--" pos="PDS" morph="--"/>
<t id="s2025_14" word="nur" lemma="--" pos="ADV" morph="--"/>
<t id="s2025_15" word="gut" lemma="--" pos="ADJD" morph="--"/>
<t id="s2025_16" word="." lemma="--" pos="$." morph="--"/>
</terminals>
<nonterminals>
<nt id="s2025_500" cat="NP">
<edge label="NK" idref="s2025_5"/>
<edge label="NK" idref="s2025_6"/>
 </nt>
<nt id="s2025_501" cat="NP">
<edge label="NK" idref="s2025_7"/>
<edge label="NK" idref="s2025_8"/>
 </nt>
<nt id="s2025_502" cat="AP">
<edge label="MO" idref="s2025_14"/>
<edge label="HD" idref="s2025_15"/>
 </nt>
<nt id="s2025_503" cat="VP">
<edge label="MO" idref="s2025_2"/>
<edge label="MO" idref="s2025_3"/>
<edge label="MO" idref="s2025_4"/>
<edge label="HD" idref="s2025_9"/>
<edge label="DA" idref="s2025_500"/>
 </nt>
<nt id="s2025_504" cat="S">
<edge label="CP" idref="s2025_1"/>
<edge label="HD" idref="s2025_10"/>
<edge label="SB" idref="s2025_501"/>
<edge label="OC" idref="s2025_503"/>
 </nt>
<nt id="s2025_505" cat="S">
<edge label="HD" idref="s2025_12"/>
<edge label="SB" idref="s2025_13"/>
<edge label="PD" idref="s2025_502"/>
<edge label="MO" idref="s2025_504"/>
 </nt>
</nonterminals>
</graph>
</s><s xmlns:xsi="http://www.w3.org/2001/XMLSchema-instance" id="s2026" art_id="8981" orig_id="ID_maz-8981">
<graph root="s2026_502">
<terminals>
<t id="s2026_1" word="Denn" lemma="--" pos="KON" morph="--"/>
<t id="s2026_2" word="es" lemma="--" pos="PPER" morph="--"/>
<t id="s2026_3" word="wäre" lemma="--" pos="VAFIN" morph="--"/>
<t id="s2026_4" word="wenigstens" lemma="--" pos="ADV" morph="--"/>
<t id="s2026_5" word="erst" lemma="--" pos="ADV" morph="--"/>
<t id="s2026_6" word="einmal" lemma="--" pos="ADV" morph="--"/>
<t id="s2026_7" word="ein" lemma="--" pos="ART" morph="--"/>
<t id="s2026_8" word="Anfang" lemma="--" pos="NN" morph="--"/>
<t id="s2026_9" word="." lemma="--" pos="$." morph="--"/>
</terminals>
<nonterminals>
<nt id="s2026_500" cat="AVP">
<edge label="MO" idref="s2026_5"/>
<edge label="HD" idref="s2026_6"/>
 </nt>
<nt id="s2026_501" cat="NP">
<edge label="NK" idref="s2026_7"/>
<edge label="NK" idref="s2026_8"/>
 </nt>
<nt id="s2026_502" cat="S">
<edge label="JU" idref="s2026_1"/>
<edge label="SB" idref="s2026_2"/>
<edge label="HD" idref="s2026_3"/>
<edge label="MO" idref="s2026_4"/>
<edge label="MO" idref="s2026_500"/>
<edge label="PD" idref="s2026_501"/>
 </nt>
</nonterminals>
</graph>
</s><s xmlns:xsi="http://www.w3.org/2001/XMLSchema-instance" id="s2027" art_id="8981" orig_id="ID_maz-8981">
<graph root="s2027_505">
<terminals>
<t id="s2027_1" word="Ein" lemma="--" pos="ART" morph="--"/>
<t id="s2027_2" word="kleiner" lemma="--" pos="ADJA" morph="--"/>
<t id="s2027_3" word="Stein" lemma="--" pos="NN" morph="--"/>
<t id="s2027_4" word="," lemma="--" pos="$," morph="--"/>
<t id="s2027_5" word="in" lemma="--" pos="APPR" morph="--"/>
<t id="s2027_6" word="Bewegung" lemma="--" pos="NN" morph="--"/>
<t id="s2027_7" word="gesetzt" lemma="--" pos="VVPP" morph="--"/>
<t id="s2027_8" word="," lemma="--" pos="$," morph="--"/>
<t id="s2027_9" word="kann" lemma="--" pos="VMFIN" morph="--"/>
<t id="s2027_10" word="ja" lemma="--" pos="ADV" morph="--"/>
<t id="s2027_11" word="durchaus" lemma="--" pos="ADV" morph="--"/>
<t id="s2027_12" word="eine" lemma="--" pos="ART" morph="--"/>
<t id="s2027_13" word="Lawine" lemma="--" pos="NN" morph="--"/>
<t id="s2027_14" word="auslösen" lemma="--" pos="VVINF" morph="--"/>
<t id="s2027_15" word="." lemma="--" pos="$." morph="--"/>
</terminals>
<nonterminals>
<nt id="s2027_500" cat="PP">
<edge label="AC" idref="s2027_5"/>
<edge label="NK" idref="s2027_6"/>
 </nt>
<nt id="s2027_501" cat="NP">
<edge label="NK" idref="s2027_12"/>
<edge label="NK" idref="s2027_13"/>
 </nt>
<nt id="s2027_502" cat="VP">
<edge label="HD" idref="s2027_7"/>
<edge label="CVC" idref="s2027_500"/>
 </nt>
<nt id="s2027_503" cat="VP">
<edge label="HD" idref="s2027_14"/>
<edge label="OA" idref="s2027_501"/>
 </nt>
<nt id="s2027_504" cat="NP">
<edge label="NK" idref="s2027_1"/>
<edge label="NK" idref="s2027_2"/>
<edge label="NK" idref="s2027_3"/>
<edge label="PAR" idref="s2027_502"/>
 </nt>
<nt id="s2027_505" cat="S">
<edge label="HD" idref="s2027_9"/>
<edge label="MO" idref="s2027_10"/>
<edge label="MO" idref="s2027_11"/>
<edge label="OC" idref="s2027_503"/>
<edge label="SB" idref="s2027_504"/>
 </nt>
</nonterminals>
</graph>
</s></body></corpus>
