<?xml version="1.0" encoding="utf-8" standalone="yes"?>
<corpus id="ID_maz-7969">
<body>
<s xmlns:xsi="http://www.w3.org/2001/XMLSchema-instance" id="s1890" art_id="7969" orig_id="ID_maz-7969">
<graph root="s1890_500">
<terminals>
<t id="s1890_1" word="Schwierige" lemma="--" pos="ADJA" morph="--"/>
<t id="s1890_2" word="Geburt" lemma="--" pos="NN" morph="--"/>
</terminals>
<nonterminals>
<nt id="s1890_500" cat="NP">
<edge label="NK" idref="s1890_1"/>
<edge label="NK" idref="s1890_2"/>
 </nt>
</nonterminals>
</graph>
</s><s xmlns:xsi="http://www.w3.org/2001/XMLSchema-instance" id="s1891" art_id="7969" orig_id="ID_maz-7969">
<graph root="s1891_506">
<terminals>
<t id="s1891_1" word="Die" lemma="--" pos="ART" morph="--"/>
<t id="s1891_2" word="Geburt" lemma="--" pos="NN" morph="--"/>
<t id="s1891_3" word="war" lemma="--" pos="VAFIN" morph="--"/>
<t id="s1891_4" word="denkbar" lemma="--" pos="ADJD" morph="--"/>
<t id="s1891_5" word="schwer" lemma="--" pos="ADJD" morph="--"/>
<t id="s1891_6" word="," lemma="--" pos="$," morph="--"/>
<t id="s1891_7" word="doch" lemma="--" pos="KON" morph="--"/>
<t id="s1891_8" word="jetzt" lemma="--" pos="ADV" morph="--"/>
<t id="s1891_9" word="hat" lemma="--" pos="VAFIN" morph="--"/>
<t id="s1891_10" word="das" lemma="--" pos="ART" morph="--"/>
<t id="s1891_11" word="Kind" lemma="--" pos="NN" morph="--"/> <!-- replaced soft-hyphen // AN 20131101 -->
<t id="s1891_12" word="sogar" lemma="--" pos="ADV" morph="--"/>
<t id="s1891_13" word="schon" lemma="--" pos="ADV" morph="--"/>
<t id="s1891_14" word="einen" lemma="--" pos="ART" morph="--"/>
<t id="s1891_15" word="Namen" lemma="--" pos="NN" morph="--"/>
<t id="s1891_16" word=":" lemma="--" pos="$." morph="--"/>
</terminals>
<nonterminals>
<nt id="s1891_500" cat="NP">
<edge label="NK" idref="s1891_1"/>
<edge label="NK" idref="s1891_2"/>
 </nt>
<nt id="s1891_501" cat="AP">
<edge label="MO" idref="s1891_4"/>
<edge label="HD" idref="s1891_5"/>
 </nt>
<nt id="s1891_502" cat="NP">
<edge label="NK" idref="s1891_10"/>
<edge label="NK" idref="s1891_11"/>
 </nt>
<nt id="s1891_503" cat="NP">
<edge label="MO" idref="s1891_13"/>
<edge label="NK" idref="s1891_14"/>
<edge label="NK" idref="s1891_15"/>
 </nt>
<nt id="s1891_504" cat="S">
<edge label="HD" idref="s1891_3"/>
<edge label="SB" idref="s1891_500"/>
<edge label="PD" idref="s1891_501"/>
 </nt>
<nt id="s1891_505" cat="S">
<edge label="MO" idref="s1891_8"/>
<edge label="HD" idref="s1891_9"/>
<edge label="MO" idref="s1891_12"/>
<edge label="SB" idref="s1891_502"/>
<edge label="OA" idref="s1891_503"/>
 </nt>
<nt id="s1891_506" cat="CS">
<edge label="CD" idref="s1891_7"/>
<edge label="CJ" idref="s1891_504"/>
<edge label="CJ" idref="s1891_505"/>
 </nt>
</nonterminals>
</graph>
</s><s xmlns:xsi="http://www.w3.org/2001/XMLSchema-instance" id="s1892" art_id="7969" orig_id="ID_maz-7969">
<graph root="s1892_505">
<terminals>
<t id="s1892_1" word="Ein" lemma="--" pos="ART" morph="--"/>
<t id="s1892_2" word="&quot;" lemma="--" pos="$(" morph="--"/>
<t id="s1892_3" word="Humboldt-Forum" lemma="--" pos="NE" morph="--"/>
<t id="s1892_4" word="&quot;" lemma="--" pos="$(" morph="--"/>
<t id="s1892_5" word="soll" lemma="--" pos="VMFIN" morph="--"/>
<t id="s1892_6" word="anstelle" lemma="--" pos="APPR" morph="--"/>
<t id="s1892_7" word="des" lemma="--" pos="ART" morph="--"/>
<t id="s1892_8" word="einstigen" lemma="--" pos="ADJA" morph="--"/>
<t id="s1892_9" word="Berliner" lemma="--" pos="ADJA" morph="--"/>
<t id="s1892_10" word="Stadtschlosses" lemma="--" pos="NN" morph="--"/>
<t id="s1892_11" word="entstehen" lemma="--" pos="VVINF" morph="--"/>
<t id="s1892_12" word="." lemma="--" pos="$." morph="--"/>
</terminals>
<nonterminals>
<nt id="s1892_500" cat="NP">
<edge label="NK" idref="s1892_1"/>
<edge label="NK" idref="s1892_3"/>
 </nt>
<nt id="s1892_501" cat="NP">
<edge label="NK" idref="s1892_9"/>
<edge label="NK" idref="s1892_10"/>
 </nt>
<nt id="s1892_502" cat="PN">
<edge label="PNC" idref="s1892_501"/>
 </nt>
<nt id="s1892_503" cat="PP">
<edge label="AC" idref="s1892_6"/>
<edge label="NK" idref="s1892_7"/>
<edge label="NK" idref="s1892_8"/>
<edge label="NK" idref="s1892_502"/>
 </nt>
<nt id="s1892_504" cat="VP">
<edge label="HD" idref="s1892_11"/>
<edge label="MO" idref="s1892_503"/>
 </nt>
<nt id="s1892_505" cat="S">
<edge label="HD" idref="s1892_5"/>
<edge label="SB" idref="s1892_500"/>
<edge label="OC" idref="s1892_504"/>
 </nt>
</nonterminals>
</graph>
</s><s xmlns:xsi="http://www.w3.org/2001/XMLSchema-instance" id="s1893" art_id="7969" orig_id="ID_maz-7969">
<graph root="s1893_504">
<terminals>
<t id="s1893_1" word="Diese" lemma="--" pos="PDAT" morph="--"/>
<t id="s1893_2" word="Empfehlung" lemma="--" pos="NN" morph="--"/>
<t id="s1893_3" word="sprach" lemma="--" pos="VVFIN" morph="--"/>
<t id="s1893_4" word="gestern" lemma="--" pos="ADV" morph="--"/>
<t id="s1893_5" word="die" lemma="--" pos="ART" morph="--"/>
<t id="s1893_6" word="Expertenkomission" lemma="--" pos="NN" morph="--"/>
<t id="s1893_7" word="&quot;" lemma="--" pos="$(" morph="--"/>
<t id="s1893_8" word="Historische" lemma="--" pos="ADJA" morph="--"/>
<t id="s1893_9" word="Mitte" lemma="--" pos="NN" morph="--"/>
<t id="s1893_10" word="Berlins" lemma="--" pos="NE" morph="--"/>
<t id="s1893_11" word="&quot;" lemma="--" pos="$(" morph="--"/>
<t id="s1893_12" word="aus" lemma="--" pos="PTKVZ" morph="--"/>
<t id="s1893_13" word="." lemma="--" pos="$." morph="--"/>
</terminals>
<nonterminals>
<nt id="s1893_500" cat="NP">
<edge label="NK" idref="s1893_1"/>
<edge label="NK" idref="s1893_2"/>
 </nt>
<nt id="s1893_501" cat="NP">
<edge label="NK" idref="s1893_8"/>
<edge label="NK" idref="s1893_9"/>
<edge label="AG" idref="s1893_10"/>
 </nt>
<nt id="s1893_502" cat="PN">
<edge label="PNC" idref="s1893_501"/>
 </nt>
<nt id="s1893_503" cat="NP">
<edge label="NK" idref="s1893_5"/>
<edge label="NK" idref="s1893_6"/>
<edge label="NK" idref="s1893_502"/>
 </nt>
<nt id="s1893_504" cat="S">
<edge label="HD" idref="s1893_3"/>
<edge label="MO" idref="s1893_4"/>
<edge label="SVP" idref="s1893_12"/>
<edge label="OA" idref="s1893_500"/>
<edge label="SB" idref="s1893_503"/>
 </nt>
</nonterminals>
</graph>
</s><s xmlns:xsi="http://www.w3.org/2001/XMLSchema-instance" id="s1894" art_id="7969" orig_id="ID_maz-7969">
<graph root="s1894_512">
<terminals>
<t id="s1894_1" word="Das" lemma="--" pos="ART" morph="--"/>
<t id="s1894_2" word="Forum" lemma="--" pos="NN" morph="--"/>
<t id="s1894_3" word="soll" lemma="--" pos="VMFIN" morph="--"/>
<t id="s1894_4" word="die" lemma="--" pos="ART" morph="--"/>
<t id="s1894_5" word="Fassade" lemma="--" pos="NN" morph="--"/>
<t id="s1894_6" word="und" lemma="--" pos="KON" morph="--"/>
<t id="s1894_7" word="die" lemma="--" pos="ART" morph="--"/>
<t id="s1894_8" word="Dimensionen" lemma="--" pos="NN" morph="--"/>
<t id="s1894_9" word="des" lemma="--" pos="ART" morph="--"/>
<t id="s1894_10" word="1950" lemma="--" pos="CARD" morph="--"/>
<t id="s1894_11" word="gesprengten" lemma="--" pos="ADJA" morph="--"/>
<t id="s1894_12" word="Schlosses" lemma="--" pos="NN" morph="--"/>
<t id="s1894_13" word="erhalten" lemma="--" pos="VVINF" morph="--"/>
<t id="s1894_14" word="und" lemma="--" pos="KON" morph="--"/>
<t id="s1894_15" word="die" lemma="--" pos="ART" morph="--"/>
<t id="s1894_16" word="Berliner" lemma="--" pos="ADJA" morph="--"/>
<t id="s1894_17" word="Landesbibliothek" lemma="--" pos="NN" morph="--"/>
<t id="s1894_18" word="," lemma="--" pos="$," morph="--"/>
<t id="s1894_19" word="Museen" lemma="--" pos="NN" morph="--"/>
<t id="s1894_20" word="und" lemma="--" pos="KON" morph="--"/>
<t id="s1894_21" word="Konzertsäle" lemma="--" pos="NN" morph="--"/>
<t id="s1894_22" word="aufnehmen" lemma="--" pos="VVINF" morph="--"/>
<t id="s1894_23" word="." lemma="--" pos="$." morph="--"/>
</terminals>
<nonterminals>
<nt id="s1894_500" cat="NP">
<edge label="NK" idref="s1894_1"/>
<edge label="NK" idref="s1894_2"/>
 </nt>
<nt id="s1894_501" cat="NP">
<edge label="NK" idref="s1894_4"/>
<edge label="NK" idref="s1894_5"/>
 </nt>
<nt id="s1894_502" cat="NP">
<edge label="NK" idref="s1894_7"/>
<edge label="NK" idref="s1894_8"/>
 </nt>
<nt id="s1894_503" cat="AP">
<edge label="MO" idref="s1894_10"/>
<edge label="HD" idref="s1894_11"/>
 </nt>
<nt id="s1894_504" cat="CNP">
<edge label="CJ" idref="s1894_17"/>
<edge label="CJ" idref="s1894_19"/>
<edge label="CD" idref="s1894_20"/>
<edge label="CJ" idref="s1894_21"/>
 </nt>
<nt id="s1894_505" cat="CNP">
<edge label="CD" idref="s1894_6"/>
<edge label="CJ" idref="s1894_501"/>
<edge label="CJ" idref="s1894_502"/>
 </nt>
<nt id="s1894_506" cat="NP">
<edge label="NK" idref="s1894_9"/>
<edge label="NK" idref="s1894_12"/>
<edge label="NK" idref="s1894_503"/>
 </nt>
<nt id="s1894_507" cat="NP">
<edge label="NK" idref="s1894_15"/>
<edge label="NK" idref="s1894_16"/>
<edge label="NK" idref="s1894_504"/>
 </nt>
<nt id="s1894_508" cat="NP">
<edge label="NK" idref="s1894_505"/>
<edge label="AG" idref="s1894_506"/>
 </nt>
<nt id="s1894_509" cat="VP">
<edge label="HD" idref="s1894_22"/>
<edge label="OA" idref="s1894_507"/>
 </nt>
<nt id="s1894_510" cat="VP">
<edge label="HD" idref="s1894_13"/>
<edge label="OA" idref="s1894_508"/>
 </nt>
<nt id="s1894_511" cat="CVP">
<edge label="CD" idref="s1894_14"/>
<edge label="CJ" idref="s1894_509"/>
<edge label="CJ" idref="s1894_510"/>
 </nt>
<nt id="s1894_512" cat="S">
<edge label="HD" idref="s1894_3"/>
<edge label="SB" idref="s1894_500"/>
<edge label="OC" idref="s1894_511"/>
 </nt>
</nonterminals>
</graph>
</s><s xmlns:xsi="http://www.w3.org/2001/XMLSchema-instance" id="s1895" art_id="7969" orig_id="ID_maz-7969">
<graph root="s1895_506">
<terminals>
<t id="s1895_1" word="Endlich" lemma="--" pos="ADV" morph="--"/>
<t id="s1895_2" word="eine" lemma="--" pos="ART" morph="--"/>
<t id="s1895_3" word="Perspektive" lemma="--" pos="NN" morph="--"/>
<t id="s1895_4" word="für" lemma="--" pos="APPR" morph="--"/>
<t id="s1895_5" word="den" lemma="--" pos="ART" morph="--"/>
<t id="s1895_6" word="Schlossplatz" lemma="--" pos="NN" morph="--"/>
<t id="s1895_7" word="nach" lemma="--" pos="APPR" morph="--"/>
<t id="s1895_8" word="einem" lemma="--" pos="ART" morph="--"/>
<t id="s1895_9" word="Jahrzehnt" lemma="--" pos="NN" morph="--"/>
<t id="s1895_10" word="der" lemma="--" pos="ART" morph="--"/>
<t id="s1895_11" word="Agonie" lemma="--" pos="NN" morph="--"/>
<t id="s1895_12" word="," lemma="--" pos="$," morph="--"/>
<t id="s1895_13" word="möchte" lemma="--" pos="VMFIN" morph="--"/>
<t id="s1895_14" word="man" lemma="--" pos="PIS" morph="--"/>
<t id="s1895_15" word="aufseufzen" lemma="--" pos="VVINF" morph="--"/>
<t id="s1895_16" word="." lemma="--" pos="$." morph="--"/>
</terminals>
<nonterminals>
<nt id="s1895_500" cat="PP">
<edge label="AC" idref="s1895_4"/>
<edge label="NK" idref="s1895_5"/>
<edge label="NK" idref="s1895_6"/>
 </nt>
<nt id="s1895_501" cat="NP">
<edge label="NK" idref="s1895_10"/>
<edge label="NK" idref="s1895_11"/>
 </nt>
<nt id="s1895_502" cat="NP">
<edge label="NK" idref="s1895_2"/>
<edge label="NK" idref="s1895_3"/>
<edge label="MNR" idref="s1895_500"/>
 </nt>
<nt id="s1895_503" cat="PP">
<edge label="AC" idref="s1895_7"/>
<edge label="NK" idref="s1895_8"/>
<edge label="NK" idref="s1895_9"/>
<edge label="AG" idref="s1895_501"/>
 </nt>
<nt id="s1895_504" cat="S">
<edge label="MO" idref="s1895_1"/>
<edge label="PD" idref="s1895_502"/>
<edge label="MO" idref="s1895_503"/>
 </nt>
<nt id="s1895_505" cat="VP">
<edge label="HD" idref="s1895_15"/>
<edge label="OC" idref="s1895_504"/>
 </nt>
<nt id="s1895_506" cat="S">
<edge label="HD" idref="s1895_13"/>
<edge label="SB" idref="s1895_14"/>
<edge label="OC" idref="s1895_505"/>
 </nt>
</nonterminals>
</graph>
</s><s xmlns:xsi="http://www.w3.org/2001/XMLSchema-instance" id="s1896" art_id="7969" orig_id="ID_maz-7969">
<graph root="s1896_506">
<terminals>
<t id="s1896_1" word="Die" lemma="--" pos="ART" morph="--"/>
<t id="s1896_2" word="mühselige" lemma="--" pos="ADJA" morph="--"/>
<t id="s1896_3" word="Debatte" lemma="--" pos="NN" morph="--"/>
<t id="s1896_4" word="um" lemma="--" pos="APPR" morph="--"/>
<t id="s1896_5" word="das" lemma="--" pos="ART" morph="--"/>
<t id="s1896_6" word="ob" lemma="--" pos="KOUS" morph="--"/>
<t id="s1896_7" word="und" lemma="--" pos="KON" morph="--"/>
<t id="s1896_8" word="wie" lemma="--" pos="PWAV" morph="--"/>
<t id="s1896_9" word="der" lemma="--" pos="ART" morph="--"/>
<t id="s1896_10" word="Schloss-Rekonstruktion" lemma="--" pos="NN" morph="--"/>
<t id="s1896_11" word="gehört" lemma="--" pos="VVFIN" morph="--"/>
<t id="s1896_12" word="zu" lemma="--" pos="APPR" morph="--"/>
<t id="s1896_13" word="den" lemma="--" pos="ART" morph="--"/>
<t id="s1896_14" word="ärgerlichsten" lemma="--" pos="ADJA" morph="--"/>
<t id="s1896_15" word="Episoden" lemma="--" pos="NN" morph="--"/>
<t id="s1896_16" word="der" lemma="--" pos="ART" morph="--"/>
<t id="s1896_17" word="Berliner" lemma="--" pos="ADJA" morph="--"/>
<t id="s1896_18" word="Stadtentwicklungspolitik" lemma="--" pos="NN" morph="--"/>
<t id="s1896_19" word="." lemma="--" pos="$." morph="--"/>
</terminals>
<nonterminals>
<nt id="s1896_500" cat="CO">
<edge label="CJ" idref="s1896_6"/>
<edge label="CD" idref="s1896_7"/>
<edge label="CJ" idref="s1896_8"/>
 </nt>
<nt id="s1896_501" cat="NP">
<edge label="NK" idref="s1896_9"/>
<edge label="NK" idref="s1896_10"/>
 </nt>
<nt id="s1896_502" cat="NP">
<edge label="NK" idref="s1896_16"/>
<edge label="NK" idref="s1896_17"/>
<edge label="NK" idref="s1896_18"/>
 </nt>
<nt id="s1896_503" cat="PP">
<edge label="AC" idref="s1896_4"/>
<edge label="NK" idref="s1896_5"/>
<edge label="NK" idref="s1896_500"/>
<edge label="AG" idref="s1896_501"/>
 </nt>
<nt id="s1896_504" cat="PP">
<edge label="AC" idref="s1896_12"/>
<edge label="NK" idref="s1896_13"/>
<edge label="NK" idref="s1896_14"/>
<edge label="NK" idref="s1896_15"/>
<edge label="AG" idref="s1896_502"/>
 </nt>
<nt id="s1896_505" cat="NP">
<edge label="NK" idref="s1896_1"/>
<edge label="NK" idref="s1896_2"/>
<edge label="NK" idref="s1896_3"/>
<edge label="MNR" idref="s1896_503"/>
 </nt>
<nt id="s1896_506" cat="S">
<edge label="HD" idref="s1896_11"/>
<edge label="OP" idref="s1896_504"/>
<edge label="SB" idref="s1896_505"/>
 </nt>
</nonterminals>
</graph>
</s><s xmlns:xsi="http://www.w3.org/2001/XMLSchema-instance" id="s1897" art_id="7969" orig_id="ID_maz-7969">
<graph root="s1897_515">
<terminals>
<t id="s1897_1" word="Es" lemma="--" pos="PPER" morph="--"/>
<t id="s1897_2" word="ist" lemma="--" pos="VAFIN" morph="--"/>
<t id="s1897_3" word="ja" lemma="--" pos="ADV" morph="--"/>
<t id="s1897_4" word="richtig" lemma="--" pos="ADJD" morph="--"/>
<t id="s1897_5" word="," lemma="--" pos="$," morph="--"/>
<t id="s1897_6" word="über" lemma="--" pos="APPR" morph="--"/>
<t id="s1897_7" word="diese" lemma="--" pos="PDAT" morph="--"/>
<t id="s1897_8" word="Dinge" lemma="--" pos="NN" morph="--"/>
<t id="s1897_9" word="zu" lemma="--" pos="PTKZU" morph="--"/>
<t id="s1897_10" word="streiten" lemma="--" pos="VVINF" morph="--"/>
<t id="s1897_11" word="," lemma="--" pos="$," morph="--"/>
<t id="s1897_12" word="doch" lemma="--" pos="KON" morph="--"/>
<t id="s1897_13" word="welche" lemma="--" pos="PWAT" morph="--"/>
<t id="s1897_14" word="andere" lemma="--" pos="ADJA" morph="--"/>
<t id="s1897_15" word="Hauptstadt" lemma="--" pos="NN" morph="--"/>
<t id="s1897_16" word="würde" lemma="--" pos="VAFIN" morph="--"/>
<t id="s1897_17" word="es" lemma="--" pos="PPER" morph="--"/>
<t id="s1897_18" word="sich" lemma="--" pos="PRF" morph="--"/>
<t id="s1897_19" word="leisten" lemma="--" pos="VVINF" morph="--"/>
<t id="s1897_20" word="," lemma="--" pos="$," morph="--"/>
<t id="s1897_21" word="ausufernden" lemma="--" pos="ADJA" morph="--"/>
<t id="s1897_22" word="Grundsatzdebatten" lemma="--" pos="NN" morph="--"/>
<t id="s1897_23" word="zuliebe" lemma="--" pos="APPO" morph="--"/>
<t id="s1897_24" word="ihre" lemma="--" pos="PPOSAT" morph="--"/>
<t id="s1897_25" word="&quot;" lemma="--" pos="$(" morph="--"/>
<t id="s1897_26" word="gute" lemma="--" pos="ADJA" morph="--"/>
<t id="s1897_27" word="Stube" lemma="--" pos="NN" morph="--"/>
<t id="s1897_28" word="&quot;" lemma="--" pos="$(" morph="--"/>
<t id="s1897_29" word="für" lemma="--" pos="APPR" morph="--"/>
<t id="s1897_30" word="zehn" lemma="--" pos="CARD" morph="--"/>
<t id="s1897_31" word="Jahre" lemma="--" pos="NN" morph="--"/>
<t id="s1897_32" word="dem" lemma="--" pos="ART" morph="--"/>
<t id="s1897_33" word="Unkraut" lemma="--" pos="NN" morph="--"/>
<t id="s1897_34" word="zu" lemma="--" pos="PTKZU" morph="--"/>
<t id="s1897_35" word="überlassen" lemma="--" pos="VVINF" morph="--"/>
<t id="s1897_36" word="?" lemma="--" pos="$." morph="--"/>
</terminals>
<nonterminals>
<nt id="s1897_500" cat="PP">
<edge label="AC" idref="s1897_6"/>
<edge label="NK" idref="s1897_7"/>
<edge label="NK" idref="s1897_8"/>
 </nt>
<nt id="s1897_501" cat="VZ">
<edge label="PM" idref="s1897_9"/>
<edge label="HD" idref="s1897_10"/>
 </nt>
<nt id="s1897_502" cat="NP">
<edge label="NK" idref="s1897_13"/>
<edge label="NK" idref="s1897_14"/>
<edge label="NK" idref="s1897_15"/>
 </nt>
<nt id="s1897_503" cat="PP">
<edge label="NK" idref="s1897_21"/>
<edge label="NK" idref="s1897_22"/>
<edge label="AC" idref="s1897_23"/>
 </nt>
<nt id="s1897_504" cat="NP">
<edge label="NK" idref="s1897_24"/>
<edge label="NK" idref="s1897_26"/>
<edge label="NK" idref="s1897_27"/>
 </nt>
<nt id="s1897_505" cat="PP">
<edge label="AC" idref="s1897_29"/>
<edge label="NK" idref="s1897_30"/>
<edge label="NK" idref="s1897_31"/>
 </nt>
<nt id="s1897_506" cat="NP">
<edge label="NK" idref="s1897_32"/>
<edge label="NK" idref="s1897_33"/>
 </nt>
<nt id="s1897_507" cat="VZ">
<edge label="PM" idref="s1897_34"/>
<edge label="HD" idref="s1897_35"/>
 </nt>
<nt id="s1897_508" cat="VP">
<edge label="OP" idref="s1897_500"/>
<edge label="HD" idref="s1897_501"/>
 </nt>
<nt id="s1897_509" cat="VP">
<edge label="MO" idref="s1897_503"/>
<edge label="OA" idref="s1897_504"/>
<edge label="MO" idref="s1897_505"/>
<edge label="DA" idref="s1897_506"/>
<edge label="HD" idref="s1897_507"/>
 </nt>
<nt id="s1897_510" cat="NP">
<edge label="PH" idref="s1897_1"/>
<edge label="RE" idref="s1897_508"/>
 </nt>
<nt id="s1897_511" cat="NP">
<edge label="PH" idref="s1897_17"/>
<edge label="RE" idref="s1897_509"/>
 </nt>
<nt id="s1897_512" cat="S">
<edge label="HD" idref="s1897_2"/>
<edge label="MO" idref="s1897_3"/>
<edge label="PD" idref="s1897_4"/>
<edge label="SB" idref="s1897_510"/>
 </nt>
<nt id="s1897_513" cat="VP">
<edge label="DA" idref="s1897_18"/>
<edge label="HD" idref="s1897_19"/>
<edge label="OA" idref="s1897_511"/>
 </nt>
<nt id="s1897_514" cat="S">
<edge label="HD" idref="s1897_16"/>
<edge label="SB" idref="s1897_502"/>
<edge label="OC" idref="s1897_513"/>
 </nt>
<nt id="s1897_515" cat="CS">
<edge label="CD" idref="s1897_12"/>
<edge label="CJ" idref="s1897_512"/>
<edge label="CJ" idref="s1897_514"/>
 </nt>
</nonterminals>
</graph>
</s><s xmlns:xsi="http://www.w3.org/2001/XMLSchema-instance" id="s1898" art_id="7969" orig_id="ID_maz-7969">
<graph root="s1898_505">
<terminals>
<t id="s1898_1" word="Mit" lemma="--" pos="APPR" morph="--"/>
<t id="s1898_2" word="ihrer" lemma="--" pos="PPOSAT" morph="--"/>
<t id="s1898_3" word="Entscheidungsschwäche" lemma="--" pos="NN" morph="--"/>
<t id="s1898_4" word="in" lemma="--" pos="APPR" morph="--"/>
<t id="s1898_5" word="Sachen" lemma="--" pos="NN" morph="--"/>
<t id="s1898_6" word="Schloss" lemma="--" pos="NN" morph="--"/>
<t id="s1898_7" word="hat" lemma="--" pos="VAFIN" morph="--"/>
<t id="s1898_8" word="sich" lemma="--" pos="PRF" morph="--"/>
<t id="s1898_9" word="die" lemma="--" pos="ART" morph="--"/>
<t id="s1898_10" word="Berliner" lemma="--" pos="ADJA" morph="--"/>
<t id="s1898_11" word="Stadtpolitik" lemma="--" pos="NN" morph="--"/>
<t id="s1898_12" word="ein" lemma="--" pos="ART" morph="--"/>
<t id="s1898_13" word="Armutszeugnis" lemma="--" pos="NN" morph="--"/>
<t id="s1898_14" word="ausgestellt" lemma="--" pos="VVPP" morph="--"/>
<t id="s1898_15" word="." lemma="--" pos="$." morph="--"/>
</terminals>
<nonterminals>
<nt id="s1898_500" cat="PP">
<edge label="AC" idref="s1898_4"/>
<edge label="NK" idref="s1898_5"/>
<edge label="NK" idref="s1898_6"/>
 </nt>
<nt id="s1898_501" cat="NP">
<edge label="NK" idref="s1898_9"/>
<edge label="NK" idref="s1898_10"/>
<edge label="NK" idref="s1898_11"/>
 </nt>
<nt id="s1898_502" cat="NP">
<edge label="NK" idref="s1898_12"/>
<edge label="NK" idref="s1898_13"/>
 </nt>
<nt id="s1898_503" cat="PP">
<edge label="AC" idref="s1898_1"/>
<edge label="NK" idref="s1898_2"/>
<edge label="NK" idref="s1898_3"/>
<edge label="MNR" idref="s1898_500"/>
 </nt>
<nt id="s1898_504" cat="VP">
<edge label="DA" idref="s1898_8"/>
<edge label="HD" idref="s1898_14"/>
<edge label="OA" idref="s1898_502"/>
<edge label="MO" idref="s1898_503"/>
 </nt>
<nt id="s1898_505" cat="S">
<edge label="HD" idref="s1898_7"/>
<edge label="SB" idref="s1898_501"/>
<edge label="OC" idref="s1898_504"/>
 </nt>
</nonterminals>
</graph>
</s><s xmlns:xsi="http://www.w3.org/2001/XMLSchema-instance" id="s1899" art_id="7969" orig_id="ID_maz-7969">
<graph root="s1899_506">
<terminals>
<t id="s1899_1" word="Jetzt" lemma="--" pos="ADV" morph="--"/>
<t id="s1899_2" word="ist" lemma="--" pos="VAFIN" morph="--"/>
<t id="s1899_3" word="die" lemma="--" pos="ART" morph="--"/>
<t id="s1899_4" word="Zeit" lemma="--" pos="NN" morph="--"/>
<t id="s1899_5" word="des" lemma="--" pos="ART" morph="--"/>
<t id="s1899_6" word="Diskutierens" lemma="--" pos="NN" morph="--"/>
<t id="s1899_7" word="abgelaufen" lemma="--" pos="VVPP" morph="--"/>
<t id="s1899_8" word="-" lemma="--" pos="$(" morph="--"/>
<t id="s1899_9" word="wichtig" lemma="--" pos="ADJD" morph="--"/>
<t id="s1899_10" word="ist" lemma="--" pos="VAFIN" morph="--"/>
<t id="s1899_11" word="," lemma="--" pos="$," morph="--"/>
<t id="s1899_12" word="dass" lemma="--" pos="KOUS" morph="--"/>
<t id="s1899_13" word="endlich" lemma="--" pos="ADV" morph="--"/>
<t id="s1899_14" word="etwas" lemma="--" pos="PIS" morph="--"/>
<t id="s1899_15" word="passiert" lemma="--" pos="VVFIN" morph="--"/>
<t id="s1899_16" word="." lemma="--" pos="$." morph="--"/>
</terminals>
<nonterminals>
<nt id="s1899_500" cat="NP">
<edge label="NK" idref="s1899_5"/>
<edge label="NK" idref="s1899_6"/>
 </nt>
<nt id="s1899_501" cat="VP">
<edge label="MO" idref="s1899_1"/>
<edge label="HD" idref="s1899_7"/>
 </nt>
<nt id="s1899_502" cat="S">
<edge label="CP" idref="s1899_12"/>
<edge label="MO" idref="s1899_13"/>
<edge label="SB" idref="s1899_14"/>
<edge label="HD" idref="s1899_15"/>
 </nt>
<nt id="s1899_503" cat="NP">
<edge label="NK" idref="s1899_3"/>
<edge label="NK" idref="s1899_4"/>
<edge label="AG" idref="s1899_500"/>
 </nt>
<nt id="s1899_504" cat="S">
<edge label="PD" idref="s1899_9"/>
<edge label="HD" idref="s1899_10"/>
<edge label="SB" idref="s1899_502"/>
 </nt>
<nt id="s1899_505" cat="S">
<edge label="HD" idref="s1899_2"/>
<edge label="OC" idref="s1899_501"/>
<edge label="SB" idref="s1899_503"/>
 </nt>
<nt id="s1899_506" cat="CS">
<edge label="CJ" idref="s1899_504"/>
<edge label="CJ" idref="s1899_505"/>
 </nt>
</nonterminals>
</graph>
</s></body></corpus>
