<?xml version="1.0" encoding="utf-8" standalone="yes"?>
<corpus id="ID_maz-14055">
<body>
<s xmlns:xsi="http://www.w3.org/2001/XMLSchema-instance" id="s476" art_id="14055" orig_id="ID_maz-14055">
<graph root="s476_500">
<terminals>
<t id="s476_1" word="Zwei" lemma="--" pos="CARD" morph="--"/>
<t id="s476_2" word="Wahrheiten" lemma="--" pos="NN" morph="--"/>
</terminals>
<nonterminals>
<nt id="s476_500" cat="NP">
<edge label="NK" idref="s476_1"/>
<edge label="NK" idref="s476_2"/>
 </nt>
</nonterminals>
</graph>
</s><s xmlns:xsi="http://www.w3.org/2001/XMLSchema-instance" id="s477" art_id="14055" orig_id="ID_maz-14055">
<graph root="s477_508">
<terminals>
<t id="s477_1" word="Man" lemma="--" pos="PIS" morph="--"/>
<t id="s477_2" word="muss" lemma="--" pos="VMFIN" morph="--"/>
<t id="s477_3" word="über" lemma="--" pos="APPR" morph="--"/>
<t id="s477_4" word="keine" lemma="--" pos="PIAT" morph="--"/>
<t id="s477_5" word="großen" lemma="--" pos="ADJA" morph="--"/>
<t id="s477_6" word="Prognosequalitäten" lemma="--" pos="NN" morph="--"/>
<t id="s477_7" word="verfügen" lemma="--" pos="VVINF" morph="--"/>
<t id="s477_8" word="," lemma="--" pos="$," morph="--"/>
<t id="s477_9" word="um" lemma="--" pos="KOUI" morph="--"/>
<t id="s477_10" word="heute" lemma="--" pos="ADV" morph="--"/>
<t id="s477_11" word="schon" lemma="--" pos="ADV" morph="--"/>
<t id="s477_12" word="vorauszusagen" lemma="--" pos="VVIZU" morph="--"/>
<t id="s477_13" word="," lemma="--" pos="$," morph="--"/>
<t id="s477_14" word="wer" lemma="--" pos="PWS" morph="--"/>
<t id="s477_15" word="den" lemma="--" pos="ART" morph="--"/>
<t id="s477_16" word="Wahlspot" lemma="--" pos="NN" morph="--"/>
<t id="s477_17" word="der" lemma="--" pos="ART" morph="--"/>
<t id="s477_18" word="CDU" lemma="--" pos="NE" morph="--"/>
<t id="s477_19" word="ausfüllen" lemma="--" pos="VVINF" morph="--"/>
<t id="s477_20" word="wird" lemma="--" pos="VAFIN" morph="--"/>
<t id="s477_21" word=":" lemma="--" pos="$." morph="--"/>
</terminals>
<nonterminals>
<nt id="s477_500" cat="PP">
<edge label="AC" idref="s477_3"/>
<edge label="NK" idref="s477_4"/>
<edge label="NK" idref="s477_5"/>
<edge label="NK" idref="s477_6"/>
 </nt>
<nt id="s477_501" cat="AVP">
<edge label="HD" idref="s477_10"/>
<edge label="MO" idref="s477_11"/>
 </nt>
<nt id="s477_502" cat="NP">
<edge label="NK" idref="s477_17"/>
<edge label="NK" idref="s477_18"/>
 </nt>
<nt id="s477_503" cat="VP">
<edge label="HD" idref="s477_7"/>
<edge label="OP" idref="s477_500"/>
 </nt>
<nt id="s477_504" cat="NP">
<edge label="NK" idref="s477_15"/>
<edge label="NK" idref="s477_16"/>
<edge label="AG" idref="s477_502"/>
 </nt>
<nt id="s477_505" cat="VP">
<edge label="HD" idref="s477_19"/>
<edge label="OA" idref="s477_504"/>
 </nt>
<nt id="s477_506" cat="S">
<edge label="SB" idref="s477_14"/>
<edge label="HD" idref="s477_20"/>
<edge label="OC" idref="s477_505"/>
 </nt>
<nt id="s477_507" cat="VP">
<edge label="CP" idref="s477_9"/>
<edge label="HD" idref="s477_12"/>
<edge label="MO" idref="s477_501"/>
<edge label="OC" idref="s477_506"/>
 </nt>
<nt id="s477_508" cat="S">
<edge label="SB" idref="s477_1"/>
<edge label="HD" idref="s477_2"/>
<edge label="OC" idref="s477_503"/>
<edge label="MO" idref="s477_507"/>
 </nt>
</nonterminals>
</graph>
</s><s xmlns:xsi="http://www.w3.org/2001/XMLSchema-instance" id="s478" art_id="14055" orig_id="ID_maz-14055">
<graph root="s478_510">
<terminals>
<t id="s478_1" word="Gerhard" lemma="--" pos="NE" morph="--"/>
<t id="s478_2" word="Schröders" lemma="--" pos="NE" morph="--"/>
<t id="s478_3" word="leichtsinniger" lemma="--" pos="ADJA" morph="--"/>
<t id="s478_4" word="Satz" lemma="--" pos="NN" morph="--"/>
<t id="s478_5" word="wird" lemma="--" pos="VAFIN" morph="--"/>
<t id="s478_6" word="es" lemma="--" pos="PPER" morph="--"/>
<t id="s478_7" word="sein" lemma="--" pos="VAINF" morph="--"/>
<t id="s478_8" word="," lemma="--" pos="$," morph="--"/>
<t id="s478_9" word="nach" lemma="--" pos="APPR" morph="--"/>
<t id="s478_10" word="dem" lemma="--" pos="PRELS" morph="--"/>
<t id="s478_11" word="er" lemma="--" pos="PPER" morph="--"/>
<t id="s478_12" word="sich" lemma="--" pos="PRF" morph="--"/>
<t id="s478_13" word="&quot;" lemma="--" pos="$(" morph="--"/>
<t id="s478_14" word="am" lemma="--" pos="APPRART" morph="--"/>
<t id="s478_15" word="Erfolg" lemma="--" pos="NN" morph="--"/>
<t id="s478_16" word="beim" lemma="--" pos="APPRART" morph="--"/>
<t id="s478_17" word="Abbau" lemma="--" pos="NN" morph="--"/>
<t id="s478_18" word="der" lemma="--" pos="ART" morph="--"/>
<t id="s478_19" word="Arbeitslosigkeit" lemma="--" pos="NN" morph="--"/>
<t id="s478_20" word="messen" lemma="--" pos="VVINF" morph="--"/>
<t id="s478_21" word="lassen" lemma="--" pos="VVINF" morph="--"/>
<t id="s478_22" word="&quot;" lemma="--" pos="$(" morph="--"/>
<t id="s478_23" word="werde" lemma="--" pos="VAFIN" morph="--"/>
<t id="s478_24" word="." lemma="--" pos="$." morph="--"/>
</terminals>
<nonterminals>
<nt id="s478_500" cat="PN">
<edge label="PNC" idref="s478_1"/>
<edge label="PNC" idref="s478_2"/>
 </nt>
<nt id="s478_501" cat="VP">
<edge label="PD" idref="s478_6"/>
<edge label="HD" idref="s478_7"/>
 </nt>
<nt id="s478_502" cat="PP">
<edge label="AC" idref="s478_9"/>
<edge label="NK" idref="s478_10"/>
 </nt>
<nt id="s478_503" cat="NP">
<edge label="NK" idref="s478_18"/>
<edge label="NK" idref="s478_19"/>
 </nt>
<nt id="s478_504" cat="PP">
<edge label="AC" idref="s478_16"/>
<edge label="NK" idref="s478_17"/>
<edge label="AG" idref="s478_503"/>
 </nt>
<nt id="s478_505" cat="PP">
<edge label="AC" idref="s478_14"/>
<edge label="NK" idref="s478_15"/>
<edge label="MNR" idref="s478_504"/>
 </nt>
<nt id="s478_506" cat="VP">
<edge label="OA" idref="s478_12"/>
<edge label="HD" idref="s478_20"/>
<edge label="MO" idref="s478_505"/>
 </nt>
<nt id="s478_507" cat="VP">
<edge label="HD" idref="s478_21"/>
<edge label="MO" idref="s478_502"/>
<edge label="OC" idref="s478_506"/>
 </nt>
<nt id="s478_508" cat="S">
<edge label="SB" idref="s478_11"/>
<edge label="HD" idref="s478_23"/>
<edge label="OC" idref="s478_507"/>
 </nt>
<nt id="s478_509" cat="NP">
<edge label="NK" idref="s478_3"/>
<edge label="NK" idref="s478_4"/>
<edge label="AG" idref="s478_500"/>
<edge label="RC" idref="s478_508"/>
 </nt>
<nt id="s478_510" cat="S">
<edge label="HD" idref="s478_5"/>
<edge label="OC" idref="s478_501"/>
<edge label="SB" idref="s478_509"/>
 </nt>
</nonterminals>
</graph>
</s><s xmlns:xsi="http://www.w3.org/2001/XMLSchema-instance" id="s479" art_id="14055" orig_id="ID_maz-14055">
<graph root="s479_503">
<terminals>
<t id="s479_1" word="Der" lemma="--" pos="PDS" morph="--"/>
<t id="s479_2" word="hing" lemma="--" pos="VVFIN" morph="--"/>
<t id="s479_3" word="ihm" lemma="--" pos="PPER" morph="--"/>
<t id="s479_4" word="auch" lemma="--" pos="ADV" morph="--"/>
<t id="s479_5" word="in" lemma="--" pos="APPR" morph="--"/>
<t id="s479_6" word="der" lemma="--" pos="ART" morph="--"/>
<t id="s479_7" word="Debatte" lemma="--" pos="NN" morph="--"/>
<t id="s479_8" word="über" lemma="--" pos="APPR" morph="--"/>
<t id="s479_9" word="den" lemma="--" pos="ART" morph="--"/>
<t id="s479_10" word="Bundeshaushalt" lemma="--" pos="NN" morph="--"/>
<t id="s479_11" word="wie" lemma="--" pos="KOKOM" morph="--"/>
<t id="s479_12" word="eine" lemma="--" pos="ART" morph="--"/>
<t id="s479_13" word="Klette" lemma="--" pos="NN" morph="--"/>
<t id="s479_14" word="an" lemma="--" pos="PTKVZ" morph="--"/>
<t id="s479_15" word="." lemma="--" pos="$." morph="--"/>
</terminals>
<nonterminals>
<nt id="s479_500" cat="PP">
<edge label="AC" idref="s479_8"/>
<edge label="NK" idref="s479_9"/>
<edge label="NK" idref="s479_10"/>
 </nt>
<nt id="s479_501" cat="NP">
<edge label="CM" idref="s479_11"/>
<edge label="NK" idref="s479_12"/>
<edge label="NK" idref="s479_13"/>
 </nt>
<nt id="s479_502" cat="PP">
<edge label="MO" idref="s479_4"/>
<edge label="AC" idref="s479_5"/>
<edge label="NK" idref="s479_6"/>
<edge label="NK" idref="s479_7"/>
<edge label="OP" idref="s479_500"/>
 </nt>
<nt id="s479_503" cat="S">
<edge label="SB" idref="s479_1"/>
<edge label="HD" idref="s479_2"/>
<edge label="DA" idref="s479_3"/>
<edge label="SVP" idref="s479_14"/>
<edge label="MO" idref="s479_501"/>
<edge label="MO" idref="s479_502"/>
 </nt>
</nonterminals>
</graph>
</s><s xmlns:xsi="http://www.w3.org/2001/XMLSchema-instance" id="s480" art_id="14055" orig_id="ID_maz-14055">
<graph root="s480_513">
<terminals>
<t id="s480_1" word="Gewiss" lemma="--" pos="ADV" morph="--"/>
<t id="s480_2" word="können" lemma="--" pos="VMFIN" morph="--"/>
<t id="s480_3" word="der" lemma="--" pos="ART" morph="--"/>
<t id="s480_4" word="Kanzler" lemma="--" pos="NN" morph="--"/>
<t id="s480_5" word="und" lemma="--" pos="KON" morph="--"/>
<t id="s480_6" word="seine" lemma="--" pos="PPOSAT" morph="--"/>
<t id="s480_7" word="Minister" lemma="--" pos="NN" morph="--"/>
<t id="s480_8" word="die" lemma="--" pos="ART" morph="--"/>
<t id="s480_9" word="Verunsicherung" lemma="--" pos="NN" morph="--"/>
<t id="s480_10" word="der" lemma="--" pos="ART" morph="--"/>
<t id="s480_11" word="Verbraucher" lemma="--" pos="NN" morph="--"/>
<t id="s480_12" word="seit" lemma="--" pos="APPR" morph="--"/>
<t id="s480_13" word="dem" lemma="--" pos="ART" morph="--"/>
<t id="s480_14" word="11." lemma="--" pos="ADJA" morph="--"/>
<t id="s480_15" word="September" lemma="--" pos="NN" morph="--"/>
<t id="s480_16" word="anführen" lemma="--" pos="VVINF" morph="--"/>
<t id="s480_17" word="," lemma="--" pos="$," morph="--"/>
<t id="s480_18" word="den" lemma="--" pos="ART" morph="--"/>
<t id="s480_19" word="verschärften" lemma="--" pos="ADJA" morph="--"/>
<t id="s480_20" word="Konjunktureinbruch" lemma="--" pos="NN" morph="--"/>
<t id="s480_21" word="," lemma="--" pos="$," morph="--"/>
<t id="s480_22" word="den" lemma="--" pos="PRELS" morph="--"/>
<t id="s480_23" word="noch" lemma="--" pos="ADV" morph="--"/>
<t id="s480_24" word="vor" lemma="--" pos="APPR" morph="--"/>
<t id="s480_25" word="einem" lemma="--" pos="ART" morph="--"/>
<t id="s480_26" word="Jahr" lemma="--" pos="NN" morph="--"/>
<t id="s480_27" word="kein" lemma="--" pos="PIAT" morph="--"/>
<t id="s480_28" word="Wirtschaftsinstitut" lemma="--" pos="NN" morph="--"/>
<t id="s480_29" word="so" lemma="--" pos="ADV" morph="--"/>
<t id="s480_30" word="vorausgesehen" lemma="--" pos="VVPP" morph="--"/>
<t id="s480_31" word="hatte" lemma="--" pos="VAFIN" morph="--"/>
<t id="s480_32" word="." lemma="--" pos="$." morph="--"/>
</terminals>
<nonterminals>
<nt id="s480_500" cat="NP">
<edge label="NK" idref="s480_3"/>
<edge label="NK" idref="s480_4"/>
 </nt>
<nt id="s480_501" cat="NP">
<edge label="NK" idref="s480_6"/>
<edge label="NK" idref="s480_7"/>
 </nt>
<nt id="s480_502" cat="NP">
<edge label="NK" idref="s480_10"/>
<edge label="NK" idref="s480_11"/>
 </nt>
<nt id="s480_503" cat="PP">
<edge label="AC" idref="s480_12"/>
<edge label="NK" idref="s480_13"/>
<edge label="NK" idref="s480_14"/>
<edge label="NK" idref="s480_15"/>
 </nt>
<nt id="s480_504" cat="PP">
<edge label="MO" idref="s480_23"/>
<edge label="AC" idref="s480_24"/>
<edge label="NK" idref="s480_25"/>
<edge label="NK" idref="s480_26"/>
 </nt>
<nt id="s480_505" cat="NP">
<edge label="NK" idref="s480_27"/>
<edge label="NK" idref="s480_28"/>
 </nt>
<nt id="s480_506" cat="CNP">
<edge label="CD" idref="s480_5"/>
<edge label="CJ" idref="s480_500"/>
<edge label="CJ" idref="s480_501"/>
 </nt>
<nt id="s480_507" cat="NP">
<edge label="NK" idref="s480_8"/>
<edge label="NK" idref="s480_9"/>
<edge label="AG" idref="s480_502"/>
<edge label="MNR" idref="s480_503"/>
 </nt>
<nt id="s480_508" cat="VP">
<edge label="OA" idref="s480_22"/>
<edge label="MO" idref="s480_29"/>
<edge label="HD" idref="s480_30"/>
<edge label="MO" idref="s480_504"/>
 </nt>
<nt id="s480_509" cat="S">
<edge label="HD" idref="s480_31"/>
<edge label="SB" idref="s480_505"/>
<edge label="OC" idref="s480_508"/>
 </nt>
<nt id="s480_510" cat="NP">
<edge label="NK" idref="s480_18"/>
<edge label="NK" idref="s480_19"/>
<edge label="NK" idref="s480_20"/>
<edge label="RC" idref="s480_509"/>
 </nt>
<nt id="s480_511" cat="CNP">
<edge label="CJ" idref="s480_507"/>
<edge label="CJ" idref="s480_510"/>
 </nt>
<nt id="s480_512" cat="VP">
<edge label="HD" idref="s480_16"/>
<edge label="OA" idref="s480_511"/>
 </nt>
<nt id="s480_513" cat="S">
<edge label="MO" idref="s480_1"/>
<edge label="HD" idref="s480_2"/>
<edge label="SB" idref="s480_506"/>
<edge label="OC" idref="s480_512"/>
 </nt>
</nonterminals>
</graph>
</s><s xmlns:xsi="http://www.w3.org/2001/XMLSchema-instance" id="s481" art_id="14055" orig_id="ID_maz-14055">
<graph root="s481_508">
<terminals>
<t id="s481_1" word="Doch" lemma="--" pos="KON" morph="--"/>
<t id="s481_2" word="ebenso" lemma="--" pos="ADV" morph="--"/>
<t id="s481_3" word="zutreffend" lemma="--" pos="ADJD" morph="--"/>
<t id="s481_4" word="ist" lemma="--" pos="VAFIN" morph="--"/>
<t id="s481_5" word="," lemma="--" pos="$," morph="--"/>
<t id="s481_6" word="dass" lemma="--" pos="KOUS" morph="--"/>
<t id="s481_7" word="der" lemma="--" pos="ART" morph="--"/>
<t id="s481_8" word="Regierung" lemma="--" pos="NN" morph="--"/>
<t id="s481_9" word="von" lemma="--" pos="APPR" morph="--"/>
<t id="s481_10" word="Anfang" lemma="--" pos="NN" morph="--"/>
<t id="s481_11" word="an" lemma="--" pos="APZR" morph="--"/>
<t id="s481_12" word="der" lemma="--" pos="ART" morph="--"/>
<t id="s481_13" word="Mut" lemma="--" pos="NN" morph="--"/>
<t id="s481_14" word="fehlte" lemma="--" pos="VVFIN" morph="--"/>
<t id="s481_15" word="," lemma="--" pos="$," morph="--"/>
<t id="s481_16" word="den" lemma="--" pos="ART" morph="--"/>
<t id="s481_17" word="Arbeitsmarkt" lemma="--" pos="NN" morph="--"/>
<t id="s481_18" word="zu" lemma="--" pos="PTKZU" morph="--"/>
<t id="s481_19" word="deregulieren" lemma="--" pos="VVINF" morph="--"/>
<t id="s481_20" word="." lemma="--" pos="$." morph="--"/>
</terminals>
<nonterminals>
<nt id="s481_500" cat="AP">
<edge label="MO" idref="s481_2"/>
<edge label="HD" idref="s481_3"/>
 </nt>
<nt id="s481_501" cat="NP">
<edge label="NK" idref="s481_7"/>
<edge label="NK" idref="s481_8"/>
 </nt>
<nt id="s481_502" cat="PP">
<edge label="AC" idref="s481_9"/>
<edge label="NK" idref="s481_10"/>
<edge label="AC" idref="s481_11"/>
 </nt>
<nt id="s481_503" cat="NP">
<edge label="NK" idref="s481_16"/>
<edge label="NK" idref="s481_17"/>
 </nt>
<nt id="s481_504" cat="VZ">
<edge label="PM" idref="s481_18"/>
<edge label="HD" idref="s481_19"/>
 </nt>
<nt id="s481_505" cat="VP">
<edge label="OA" idref="s481_503"/>
<edge label="HD" idref="s481_504"/>
 </nt>
<nt id="s481_506" cat="NP">
<edge label="NK" idref="s481_12"/>
<edge label="NK" idref="s481_13"/>
<edge label="MNR" idref="s481_505"/>
 </nt>
<nt id="s481_507" cat="S">
<edge label="CP" idref="s481_6"/>
<edge label="HD" idref="s481_14"/>
<edge label="DA" idref="s481_501"/>
<edge label="MO" idref="s481_502"/>
<edge label="SB" idref="s481_506"/>
 </nt>
<nt id="s481_508" cat="S">
<edge label="JU" idref="s481_1"/>
<edge label="HD" idref="s481_4"/>
<edge label="PD" idref="s481_500"/>
<edge label="SB" idref="s481_507"/>
 </nt>
</nonterminals>
</graph>
</s><s xmlns:xsi="http://www.w3.org/2001/XMLSchema-instance" id="s482" art_id="14055" orig_id="ID_maz-14055">
<graph root="s482_503">
<terminals>
<t id="s482_1" word="Die" lemma="--" pos="ART" morph="--"/>
<t id="s482_2" word="Probe" lemma="--" pos="NN" morph="--"/>
<t id="s482_3" word="aufs" lemma="--" pos="APPRART" morph="--"/>
<t id="s482_4" word="Exempel" lemma="--" pos="NN" morph="--"/>
<t id="s482_5" word="steht" lemma="--" pos="VVFIN" morph="--"/>
<t id="s482_6" word="noch" lemma="--" pos="ADV" morph="--"/>
<t id="s482_7" word="immer" lemma="--" pos="ADV" morph="--"/>
<t id="s482_8" word="aus" lemma="--" pos="PTKVZ" morph="--"/>
<t id="s482_9" word="." lemma="--" pos="$." morph="--"/>
</terminals>
<nonterminals>
<nt id="s482_500" cat="PP">
<edge label="AC" idref="s482_3"/>
<edge label="NK" idref="s482_4"/>
 </nt>
<nt id="s482_501" cat="AVP">
<edge label="HD" idref="s482_6"/>
<edge label="MO" idref="s482_7"/>
 </nt>
<nt id="s482_502" cat="NP">
<edge label="NK" idref="s482_1"/>
<edge label="NK" idref="s482_2"/>
<edge label="MNR" idref="s482_500"/>
 </nt>
<nt id="s482_503" cat="S">
<edge label="HD" idref="s482_5"/>
<edge label="SVP" idref="s482_8"/>
<edge label="MO" idref="s482_501"/>
<edge label="SB" idref="s482_502"/>
 </nt>
</nonterminals>
</graph>
</s><s xmlns:xsi="http://www.w3.org/2001/XMLSchema-instance" id="s483" art_id="14055" orig_id="ID_maz-14055">
<graph root="s483_508">
<terminals>
<t id="s483_1" word="Die" lemma="--" pos="ART" morph="--">
 </t>
<t id="s483_2" word="Regierung" lemma="--" pos="NN" morph="--">
 </t>
<t id="s483_3" word="Schröder" lemma="--" pos="NE" morph="--">
 </t>
<t id="s483_4" word="ist" lemma="--" pos="VAFIN" morph="--">
 </t>
<t id="s483_5" word="der" lemma="--" pos="ART" morph="--">
 </t>
<t id="s483_6" word="Großindustrie" lemma="--" pos="NN" morph="--">
 </t>
<t id="s483_7" word="und" lemma="--" pos="KON" morph="--">
 </t>
<t id="s483_8" word="den" lemma="--" pos="ART" morph="--">
 </t>
<t id="s483_9" word="Gewerkschaften" lemma="--" pos="NN" morph="--">
 </t>
<t id="s483_10" word="entgegengekommen" lemma="--" pos="VVPP" morph="--">
<secedge label="HD" idref="s483_505"/>
 </t>
<t id="s483_11" word="," lemma="--" pos="$," morph="--">
 </t>
<t id="s483_12" word="nicht" lemma="--" pos="PTKNEG" morph="--">
 </t>
<t id="s483_13" word="dem" lemma="--" pos="ART" morph="--">
 </t>
<t id="s483_14" word="Mittelstand" lemma="--" pos="NN" morph="--">
 </t>
<t id="s483_15" word="." lemma="--" pos="$." morph="--">
 </t>
</terminals>
<nonterminals>
<nt id="s483_500" cat="NP">
<edge label="NK" idref="s483_1"/>
<edge label="NK" idref="s483_2"/>
<edge label="NK" idref="s483_3"/>
 </nt>
<nt id="s483_501" cat="NP">
<edge label="NK" idref="s483_5"/>
<edge label="NK" idref="s483_6"/>
 </nt>
<nt id="s483_502" cat="NP">
<edge label="NK" idref="s483_8"/>
<edge label="NK" idref="s483_9"/>
 </nt>
<nt id="s483_503" cat="NP">
<edge label="NK" idref="s483_13"/>
<edge label="NK" idref="s483_14"/>
 </nt>
<nt id="s483_504" cat="CNP">
<edge label="CD" idref="s483_7"/>
<edge label="CJ" idref="s483_501"/>
<edge label="CJ" idref="s483_502"/>
 </nt>
<nt id="s483_505" cat="VP">
<edge label="NG" idref="s483_12"/>
<edge label="DA" idref="s483_503"/>
 </nt>
<nt id="s483_506" cat="VP">
<edge label="HD" idref="s483_10"/>
<edge label="DA" idref="s483_504"/>
 </nt>
<nt id="s483_507" cat="CVP">
<edge label="CJ" idref="s483_505"/>
<edge label="CJ" idref="s483_506"/>
 </nt>
<nt id="s483_508" cat="S">
<edge label="HD" idref="s483_4"/>
<edge label="SB" idref="s483_500"/>
<edge label="OC" idref="s483_507"/>
 </nt>
</nonterminals>
</graph>
</s><s xmlns:xsi="http://www.w3.org/2001/XMLSchema-instance" id="s484" art_id="14055" orig_id="ID_maz-14055">
<graph root="s484_504">
<terminals>
<t id="s484_1" word="Statt" lemma="--" pos="KOUI" morph="--"/>
<t id="s484_2" word="dereguliert" lemma="--" pos="VVPP" morph="--"/>
<t id="s484_3" word="hat" lemma="--" pos="VAFIN" morph="--"/>
<t id="s484_4" word="sie" lemma="--" pos="PPER" morph="--"/>
<t id="s484_5" word="noch" lemma="--" pos="ADV" morph="--"/>
<t id="s484_6" word="etwas" lemma="--" pos="ADV" morph="--"/>
<t id="s484_7" word="mehr" lemma="--" pos="ADV" morph="--"/>
<t id="s484_8" word="reglementiert" lemma="--" pos="VVPP" morph="--"/>
<t id="s484_9" word="." lemma="--" pos="$." morph="--"/>
</terminals>
<nonterminals>
<nt id="s484_500" cat="VP">
<edge label="OC" idref="s484_2"/>
 </nt>
<nt id="s484_501" cat="AVP">
<edge label="MO" idref="s484_5"/>
<edge label="MO" idref="s484_6"/>
<edge label="HD" idref="s484_7"/>
 </nt>
<nt id="s484_502" cat="VP">
<edge label="CP" idref="s484_1"/>
<edge label="OC" idref="s484_500"/>
 </nt>
<nt id="s484_503" cat="VP">
<edge label="HD" idref="s484_8"/>
<edge label="MO" idref="s484_501"/>
<edge label="MO" idref="s484_502"/>
 </nt>
<nt id="s484_504" cat="S">
<edge label="HD" idref="s484_3"/>
<edge label="SB" idref="s484_4"/>
<edge label="OC" idref="s484_503"/>
 </nt>
</nonterminals>
</graph>
</s><s xmlns:xsi="http://www.w3.org/2001/XMLSchema-instance" id="s485" art_id="14055" orig_id="ID_maz-14055">
<graph root="s485_514">
<terminals>
<t id="s485_1" word="Wer" lemma="--" pos="PWS" morph="--"/>
<t id="s485_2" word="unter" lemma="--" pos="APPR" morph="--"/>
<t id="s485_3" word="diesen" lemma="--" pos="PDAT" morph="--"/>
<t id="s485_4" word="Rahmenbedingungen" lemma="--" pos="NN" morph="--"/>
<t id="s485_5" word="erwartet" lemma="--" pos="VVPP" morph="--"/>
<t id="s485_6" word="haben" lemma="--" pos="VAINF" morph="--"/>
<t id="s485_7" word="sollte" lemma="--" pos="VMFIN" morph="--"/>
<t id="s485_8" word="," lemma="--" pos="$," morph="--"/>
<t id="s485_9" word="dass" lemma="--" pos="KOUS" morph="--"/>
<t id="s485_10" word="kleine" lemma="--" pos="ADJA" morph="--"/>
<t id="s485_11" word="und" lemma="--" pos="KON" morph="--"/>
<t id="s485_12" word="mittlere" lemma="--" pos="ADJA" morph="--"/>
<t id="s485_13" word="Unternehmen" lemma="--" pos="NN" morph="--"/>
<t id="s485_14" word="sowie" lemma="--" pos="KON" morph="--"/>
<t id="s485_15" word="Handwerksbetriebe" lemma="--" pos="NN" morph="--"/>
<t id="s485_16" word="bei" lemma="--" pos="APPR" morph="--"/>
<t id="s485_17" word="Einstellungen" lemma="--" pos="NN" morph="--"/>
<t id="s485_18" word="etwas" lemma="--" pos="PIS" morph="--"/>
<t id="s485_19" word="riskieren" lemma="--" pos="VVFIN" morph="--"/>
<t id="s485_20" word="," lemma="--" pos="$," morph="--"/>
<t id="s485_21" word="der" lemma="--" pos="PDS" morph="--"/>
<t id="s485_22" word="muss" lemma="--" pos="VMFIN" morph="--"/>
<t id="s485_23" word="die" lemma="--" pos="ART" morph="--"/>
<t id="s485_24" word="teilnehmende" lemma="--" pos="ADJA" morph="--"/>
<t id="s485_25" word="Beobachtung" lemma="--" pos="NN" morph="--"/>
<t id="s485_26" word="schon" lemma="--" pos="ADV" morph="--"/>
<t id="s485_27" word="seit" lemma="--" pos="APPR" morph="--"/>
<t id="s485_28" word="längerem" lemma="--" pos="ADJA" morph="--"/>
<t id="s485_29" word="eingestellt" lemma="--" pos="VVPP" morph="--"/>
<t id="s485_30" word="haben" lemma="--" pos="VAINF" morph="--"/>
<t id="s485_31" word="." lemma="--" pos="$." morph="--"/>
</terminals>
<nonterminals>
<nt id="s485_500" cat="PP">
<edge label="AC" idref="s485_2"/>
<edge label="NK" idref="s485_3"/>
<edge label="NK" idref="s485_4"/>
 </nt>
<nt id="s485_501" cat="CAP">
<edge label="CJ" idref="s485_10"/>
<edge label="CD" idref="s485_11"/>
<edge label="CJ" idref="s485_12"/>
 </nt>
<nt id="s485_502" cat="PP">
<edge label="AC" idref="s485_16"/>
<edge label="NK" idref="s485_17"/>
 </nt>
<nt id="s485_503" cat="NP">
<edge label="NK" idref="s485_23"/>
<edge label="NK" idref="s485_24"/>
<edge label="NK" idref="s485_25"/>
 </nt>
<nt id="s485_504" cat="PP">
<edge label="MO" idref="s485_26"/>
<edge label="AC" idref="s485_27"/>
<edge label="NK" idref="s485_28"/>
 </nt>
<nt id="s485_505" cat="NP">
<edge label="NK" idref="s485_13"/>
<edge label="NK" idref="s485_501"/>
 </nt>
<nt id="s485_506" cat="VP">
<edge label="HD" idref="s485_29"/>
<edge label="OA" idref="s485_503"/>
<edge label="MO" idref="s485_504"/>
 </nt>
<nt id="s485_507" cat="CNP">
<edge label="CD" idref="s485_14"/>
<edge label="CJ" idref="s485_15"/>
<edge label="CJ" idref="s485_505"/>
 </nt>
<nt id="s485_508" cat="VP">
<edge label="HD" idref="s485_30"/>
<edge label="OC" idref="s485_506"/>
 </nt>
<nt id="s485_509" cat="S">
<edge label="CP" idref="s485_9"/>
<edge label="OA" idref="s485_18"/>
<edge label="HD" idref="s485_19"/>
<edge label="MO" idref="s485_502"/>
<edge label="SB" idref="s485_507"/>
 </nt>
<nt id="s485_510" cat="VP">
<edge label="HD" idref="s485_5"/>
<edge label="OC" idref="s485_509"/>
 </nt>
<nt id="s485_511" cat="VP">
<edge label="HD" idref="s485_6"/>
<edge label="OC" idref="s485_510"/>
 </nt>
<nt id="s485_512" cat="S">
<edge label="SB" idref="s485_1"/>
<edge label="HD" idref="s485_7"/>
<edge label="MO" idref="s485_500"/>
<edge label="OC" idref="s485_511"/>
 </nt>
<nt id="s485_513" cat="NP">
<edge label="PH" idref="s485_21"/>
<edge label="RE" idref="s485_512"/>
 </nt>
<nt id="s485_514" cat="S">
<edge label="HD" idref="s485_22"/>
<edge label="OC" idref="s485_508"/>
<edge label="SB" idref="s485_513"/>
 </nt>
</nonterminals>
</graph>
</s></body></corpus>
