<?xml version="1.0" encoding="utf-8" standalone="yes"?>
<corpus id="ID_maz-16177">
<body>
<s xmlns:xsi="http://www.w3.org/2001/XMLSchema-instance" id="s797" art_id="16177" orig_id="ID_maz-16177">
<graph root="s797_500">
<terminals>
<t id="s797_1" word="Auf" lemma="--" pos="APPR" morph="--"/>
<t id="s797_2" word="dem" lemma="--" pos="ART" morph="--"/>
<t id="s797_3" word="Totenbett" lemma="--" pos="NN" morph="--"/>
</terminals>
<nonterminals>
<nt id="s797_500" cat="PP">
<edge label="AC" idref="s797_1"/>
<edge label="NK" idref="s797_2"/>
<edge label="NK" idref="s797_3"/>
 </nt>
</nonterminals>
</graph>
</s><s xmlns:xsi="http://www.w3.org/2001/XMLSchema-instance" id="s798" art_id="16177" orig_id="ID_maz-16177">
<graph root="s798_503">
<terminals>
<t id="s798_1" word="Lebt" lemma="--" pos="VVFIN" morph="--"/>
<t id="s798_2" word="das" lemma="--" pos="ART" morph="--"/>
<t id="s798_3" word="Bündnis" lemma="--" pos="NN" morph="--"/>
<t id="s798_4" word="für" lemma="--" pos="APPR" morph="--"/>
<t id="s798_5" word="Arbeit" lemma="--" pos="NN" morph="--"/>
<t id="s798_6" word="überhaupt" lemma="--" pos="ADV" morph="--"/>
<t id="s798_7" word="noch" lemma="--" pos="ADV" morph="--"/>
<t id="s798_8" word="?" lemma="--" pos="$." morph="--"/>
</terminals>
<nonterminals>
<nt id="s798_500" cat="PP">
<edge label="AC" idref="s798_4"/>
<edge label="NK" idref="s798_5"/>
 </nt>
<nt id="s798_501" cat="AVP">
<edge label="MO" idref="s798_6"/>
<edge label="HD" idref="s798_7"/>
 </nt>
<nt id="s798_502" cat="NP">
<edge label="NK" idref="s798_2"/>
<edge label="NK" idref="s798_3"/>
<edge label="MNR" idref="s798_500"/>
 </nt>
<nt id="s798_503" cat="S">
<edge label="HD" idref="s798_1"/>
<edge label="MO" idref="s798_501"/>
<edge label="SB" idref="s798_502"/>
 </nt>
</nonterminals>
</graph>
</s><s xmlns:xsi="http://www.w3.org/2001/XMLSchema-instance" id="s799" art_id="16177" orig_id="ID_maz-16177">
<graph root="s799_503">
<terminals>
<t id="s799_1" word="Für" lemma="--" pos="APPR" morph="--"/>
<t id="s799_2" word="BDA-Chef" lemma="--" pos="NN" morph="--"/>
<t id="s799_3" word="Dieter" lemma="--" pos="NE" morph="--"/>
<t id="s799_4" word="Hundt" lemma="--" pos="NE" morph="--"/>
<t id="s799_5" word="&quot;" lemma="--" pos="$(" morph="--"/>
<t id="s799_6" word="existiert" lemma="--" pos="VVFIN" morph="--"/>
<t id="s799_7" word="es" lemma="--" pos="PPER" morph="--"/>
<t id="s799_8" word="faktisch" lemma="--" pos="ADJD" morph="--"/>
<t id="s799_9" word="nicht" lemma="--" pos="PTKNEG" morph="--"/>
<t id="s799_10" word="mehr" lemma="--" pos="ADV" morph="--"/>
<t id="s799_11" word="&quot;" lemma="--" pos="$(" morph="--"/>
<t id="s799_12" word="." lemma="--" pos="$." morph="--"/>
</terminals>
<nonterminals>
<nt id="s799_500" cat="PN">
<edge label="PNC" idref="s799_3"/>
<edge label="PNC" idref="s799_4"/>
 </nt>
<nt id="s799_501" cat="AVP">
<edge label="HD" idref="s799_9"/>
<edge label="MO" idref="s799_10"/>
 </nt>
<nt id="s799_502" cat="PP">
<edge label="AC" idref="s799_1"/>
<edge label="NK" idref="s799_2"/>
<edge label="NK" idref="s799_500"/>
 </nt>
<nt id="s799_503" cat="S">
<edge label="HD" idref="s799_6"/>
<edge label="SB" idref="s799_7"/>
<edge label="MO" idref="s799_8"/>
<edge label="NG" idref="s799_501"/>
<edge label="MO" idref="s799_502"/>
 </nt>
</nonterminals>
</graph>
</s><s xmlns:xsi="http://www.w3.org/2001/XMLSchema-instance" id="s800" art_id="16177" orig_id="ID_maz-16177">
<graph root="s800_505">
<terminals>
<t id="s800_1" word="IG-Metall-Vize" lemma="--" pos="NN" morph="--"/>
<t id="s800_2" word="Jürgen" lemma="--" pos="NE" morph="--"/>
<t id="s800_3" word="Peters" lemma="--" pos="NE" morph="--"/>
<t id="s800_4" word="spricht" lemma="--" pos="VVFIN" morph="--"/>
<t id="s800_5" word="von" lemma="--" pos="APPR" morph="--"/>
<t id="s800_6" word="&quot;" lemma="--" pos="$(" morph="--"/>
<t id="s800_7" word="Elefantenrunden" lemma="--" pos="NN" morph="--"/>
<t id="s800_8" word="&quot;" lemma="--" pos="$(" morph="--"/>
<t id="s800_9" word="," lemma="--" pos="$," morph="--"/>
<t id="s800_10" word="bei" lemma="--" pos="APPR" morph="--"/>
<t id="s800_11" word="denen" lemma="--" pos="PRELS" morph="--"/>
<t id="s800_12" word="&quot;" lemma="--" pos="$(" morph="--"/>
<t id="s800_13" word="nichts" lemma="--" pos="PIS" morph="--"/>
<t id="s800_14" word="herumkommt" lemma="--" pos="VVFIN" morph="--"/>
<t id="s800_15" word="&quot;" lemma="--" pos="$(" morph="--"/>
<t id="s800_16" word="." lemma="--" pos="$." morph="--"/>
</terminals>
<nonterminals>
<nt id="s800_500" cat="PN">
<edge label="PNC" idref="s800_2"/>
<edge label="PNC" idref="s800_3"/>
 </nt>
<nt id="s800_501" cat="PP">
<edge label="AC" idref="s800_10"/>
<edge label="NK" idref="s800_11"/>
 </nt>
<nt id="s800_502" cat="NP">
<edge label="NK" idref="s800_1"/>
<edge label="NK" idref="s800_500"/>
 </nt>
<nt id="s800_503" cat="S">
<edge label="SB" idref="s800_13"/>
<edge label="HD" idref="s800_14"/>
<edge label="MO" idref="s800_501"/>
 </nt>
<nt id="s800_504" cat="PP">
<edge label="AC" idref="s800_5"/>
<edge label="NK" idref="s800_7"/>
<edge label="RC" idref="s800_503"/>
 </nt>
<nt id="s800_505" cat="S">
<edge label="HD" idref="s800_4"/>
<edge label="SB" idref="s800_502"/>
<edge label="OP" idref="s800_504"/>
 </nt>
</nonterminals>
</graph>
</s><s xmlns:xsi="http://www.w3.org/2001/XMLSchema-instance" id="s801" art_id="16177" orig_id="ID_maz-16177">
<graph root="s801_502">
<terminals>
<t id="s801_1" word="Die" lemma="--" pos="ART" morph="--"/>
<t id="s801_2" word="Ergebnisse" lemma="--" pos="NN" morph="--"/>
<t id="s801_3" word="waren" lemma="--" pos="VAFIN" morph="--"/>
<t id="s801_4" word="bislang" lemma="--" pos="ADV" morph="--"/>
<t id="s801_5" word="in" lemma="--" pos="APPR" morph="--"/>
<t id="s801_6" word="der" lemma="--" pos="ART" morph="--"/>
<t id="s801_7" word="Tat" lemma="--" pos="NN" morph="--"/>
<t id="s801_8" word="dürftig" lemma="--" pos="ADJD" morph="--"/>
<t id="s801_9" word="." lemma="--" pos="$." morph="--"/>
</terminals>
<nonterminals>
<nt id="s801_500" cat="NP">
<edge label="NK" idref="s801_1"/>
<edge label="NK" idref="s801_2"/>
 </nt>
<nt id="s801_501" cat="PP">
<edge label="AC" idref="s801_5"/>
<edge label="NK" idref="s801_6"/>
<edge label="NK" idref="s801_7"/>
 </nt>
<nt id="s801_502" cat="S">
<edge label="HD" idref="s801_3"/>
<edge label="MO" idref="s801_4"/>
<edge label="PD" idref="s801_8"/>
<edge label="SB" idref="s801_500"/>
<edge label="MO" idref="s801_501"/>
 </nt>
</nonterminals>
</graph>
</s><s xmlns:xsi="http://www.w3.org/2001/XMLSchema-instance" id="s802" art_id="16177" orig_id="ID_maz-16177">
<graph root="s802_505">
<terminals>
<t id="s802_1" word="Das" lemma="--" pos="ART" morph="--"/>
<t id="s802_2" word="Wenige" lemma="--" pos="PIS" morph="--"/>
<t id="s802_3" word="," lemma="--" pos="$," morph="--"/>
<t id="s802_4" word="das" lemma="--" pos="PRELS" morph="--"/>
<t id="s802_5" word="Tarifparteien" lemma="--" pos="NN" morph="--"/>
<t id="s802_6" word="und" lemma="--" pos="KON" morph="--"/>
<t id="s802_7" word="Bundesregierung" lemma="--" pos="NN" morph="--"/>
<t id="s802_8" word="vereinbarten" lemma="--" pos="VVFIN" morph="--"/>
<t id="s802_9" word="," lemma="--" pos="$," morph="--"/>
<t id="s802_10" word="wurde" lemma="--" pos="VAFIN" morph="--"/>
<t id="s802_11" word="oft" lemma="--" pos="ADV" morph="--"/>
<t id="s802_12" word="nicht" lemma="--" pos="PTKNEG" morph="--"/>
<t id="s802_13" word="mal" lemma="--" pos="ADV" morph="--"/>
<t id="s802_14" word="umgesetzt" lemma="--" pos="VVPP" morph="--"/>
<t id="s802_15" word="." lemma="--" pos="$." morph="--"/>
</terminals>
<nonterminals>
<nt id="s802_500" cat="CNP">
<edge label="CJ" idref="s802_5"/>
<edge label="CD" idref="s802_6"/>
<edge label="CJ" idref="s802_7"/>
 </nt>
<nt id="s802_501" cat="AVP">
<edge label="HD" idref="s802_12"/>
<edge label="MO" idref="s802_13"/>
 </nt>
<nt id="s802_502" cat="S">
<edge label="OA" idref="s802_4"/>
<edge label="HD" idref="s802_8"/>
<edge label="SB" idref="s802_500"/>
 </nt>
<nt id="s802_503" cat="VP">
<edge label="MO" idref="s802_11"/>
<edge label="HD" idref="s802_14"/>
<edge label="NG" idref="s802_501"/>
 </nt>
<nt id="s802_504" cat="NP">
<edge label="NK" idref="s802_1"/>
<edge label="NK" idref="s802_2"/>
<edge label="RC" idref="s802_502"/>
 </nt>
<nt id="s802_505" cat="S">
<edge label="HD" idref="s802_10"/>
<edge label="OC" idref="s802_503"/>
<edge label="SB" idref="s802_504"/>
 </nt>
</nonterminals>
</graph>
</s><s xmlns:xsi="http://www.w3.org/2001/XMLSchema-instance" id="s803" art_id="16177" orig_id="ID_maz-16177">
<graph root="s803_507">
<terminals>
<t id="s803_1" word="So" lemma="--" pos="ADV" morph="--"/>
<t id="s803_2" word="sind" lemma="--" pos="VAFIN" morph="--"/>
<t id="s803_3" word="etwa" lemma="--" pos="ADV" morph="--"/>
<t id="s803_4" word="die" lemma="--" pos="ART" morph="--"/>
<t id="s803_5" word="Gewerkschaften" lemma="--" pos="NN" morph="--"/>
<t id="s803_6" word="zu" lemma="--" pos="APPR" morph="--"/>
<t id="s803_7" word="Recht" lemma="--" pos="NN" morph="--"/>
<t id="s803_8" word="sauer" lemma="--" pos="ADJD" morph="--"/>
<t id="s803_9" word="," lemma="--" pos="$," morph="--"/>
<t id="s803_10" word="weil" lemma="--" pos="KOUS" morph="--"/>
<t id="s803_11" word="die" lemma="--" pos="ART" morph="--"/>
<t id="s803_12" word="Zusage" lemma="--" pos="NN" morph="--"/>
<t id="s803_13" word="der" lemma="--" pos="ART" morph="--"/>
<t id="s803_14" word="Unternehmer" lemma="--" pos="NN" morph="--"/>
<t id="s803_15" word="," lemma="--" pos="$," morph="--"/>
<t id="s803_16" word="Überstunden" lemma="--" pos="NN" morph="--"/>
<t id="s803_17" word="abzubauen" lemma="--" pos="VVIZU" morph="--"/>
<t id="s803_18" word="," lemma="--" pos="$," morph="--"/>
<t id="s803_19" word="nicht" lemma="--" pos="PTKNEG" morph="--"/>
<t id="s803_20" word="eingehalten" lemma="--" pos="VVPP" morph="--"/>
<t id="s803_21" word="wurde" lemma="--" pos="VAFIN" morph="--"/>
<t id="s803_22" word="." lemma="--" pos="$." morph="--"/>
</terminals>
<nonterminals>
<nt id="s803_500" cat="NP">
<edge label="MO" idref="s803_3"/>
<edge label="NK" idref="s803_4"/>
<edge label="NK" idref="s803_5"/>
 </nt>
<nt id="s803_501" cat="PP">
<edge label="AC" idref="s803_6"/>
<edge label="NK" idref="s803_7"/>
 </nt>
<nt id="s803_502" cat="NP">
<edge label="NK" idref="s803_13"/>
<edge label="NK" idref="s803_14"/>
 </nt>
<nt id="s803_503" cat="VP">
<edge label="OA" idref="s803_16"/>
<edge label="HD" idref="s803_17"/>
 </nt>
<nt id="s803_504" cat="VP">
<edge label="NG" idref="s803_19"/>
<edge label="HD" idref="s803_20"/>
 </nt>
<nt id="s803_505" cat="NP">
<edge label="NK" idref="s803_11"/>
<edge label="NK" idref="s803_12"/>
<edge label="AG" idref="s803_502"/>
<edge label="OC" idref="s803_503"/>
 </nt>
<nt id="s803_506" cat="S">
<edge label="CP" idref="s803_10"/>
<edge label="HD" idref="s803_21"/>
<edge label="OC" idref="s803_504"/>
<edge label="SB" idref="s803_505"/>
 </nt>
<nt id="s803_507" cat="S">
<edge label="MO" idref="s803_1"/>
<edge label="HD" idref="s803_2"/>
<edge label="PD" idref="s803_8"/>
<edge label="SB" idref="s803_500"/>
<edge label="MO" idref="s803_501"/>
<edge label="MO" idref="s803_506"/>
 </nt>
</nonterminals>
</graph>
</s><s xmlns:xsi="http://www.w3.org/2001/XMLSchema-instance" id="s804" art_id="16177" orig_id="ID_maz-16177">
<graph root="s804_503">
<terminals>
<t id="s804_1" word="Der" lemma="--" pos="ART" morph="--"/>
<t id="s804_2" word="jüngst" lemma="--" pos="ADV" morph="--"/>
<t id="s804_3" word="geplatzte" lemma="--" pos="ADJA" morph="--"/>
<t id="s804_4" word="Termin" lemma="--" pos="NN" morph="--"/>
<t id="s804_5" word="geht" lemma="--" pos="VVFIN" morph="--"/>
<t id="s804_6" word="jedoch" lemma="--" pos="ADV" morph="--"/>
<t id="s804_7" word="auf" lemma="--" pos="APPR" morph="--"/>
<t id="s804_8" word="das" lemma="--" pos="ART" morph="--"/>
<t id="s804_9" word="Gewerkschaftskonto" lemma="--" pos="NN" morph="--"/>
<t id="s804_10" word="." lemma="--" pos="$." morph="--"/>
</terminals>
<nonterminals>
<nt id="s804_500" cat="AP">
<edge label="MO" idref="s804_2"/>
<edge label="HD" idref="s804_3"/>
 </nt>
<nt id="s804_501" cat="PP">
<edge label="AC" idref="s804_7"/>
<edge label="NK" idref="s804_8"/>
<edge label="NK" idref="s804_9"/>
 </nt>
<nt id="s804_502" cat="NP">
<edge label="NK" idref="s804_1"/>
<edge label="NK" idref="s804_4"/>
<edge label="NK" idref="s804_500"/>
 </nt>
<nt id="s804_503" cat="S">
<edge label="HD" idref="s804_5"/>
<edge label="MO" idref="s804_6"/>
<edge label="MO" idref="s804_501"/>
<edge label="SB" idref="s804_502"/>
 </nt>
</nonterminals>
</graph>
</s><s xmlns:xsi="http://www.w3.org/2001/XMLSchema-instance" id="s805" art_id="16177" orig_id="ID_maz-16177">
<graph root="s805_504">
<terminals>
<t id="s805_1" word="Denn" lemma="--" pos="KON" morph="--"/>
<t id="s805_2" word="die" lemma="--" pos="ART" morph="--"/>
<t id="s805_3" word="Strategie" lemma="--" pos="NN" morph="--"/>
<t id="s805_4" word="der" lemma="--" pos="ART" morph="--"/>
<t id="s805_5" word="IG" lemma="--" pos="NN" morph="--"/>
<t id="s805_6" word="Metall" lemma="--" pos="NN" morph="--"/>
<t id="s805_7" word="ist" lemma="--" pos="VAFIN" morph="--"/>
<t id="s805_8" word="durchsichtig" lemma="--" pos="ADJD" morph="--"/>
<t id="s805_9" word="." lemma="--" pos="$." morph="--"/>
</terminals>
<nonterminals>
<nt id="s805_500" cat="NP">
<edge label="NK" idref="s805_5"/>
<edge label="NK" idref="s805_6"/>
 </nt>
<nt id="s805_501" cat="PN">
<edge label="PNC" idref="s805_500"/>
 </nt>
<nt id="s805_502" cat="NP">
<edge label="NK" idref="s805_4"/>
<edge label="NK" idref="s805_501"/>
 </nt>
<nt id="s805_503" cat="NP">
<edge label="NK" idref="s805_2"/>
<edge label="NK" idref="s805_3"/>
<edge label="AG" idref="s805_502"/>
 </nt>
<nt id="s805_504" cat="S">
<edge label="JU" idref="s805_1"/>
<edge label="HD" idref="s805_7"/>
<edge label="PD" idref="s805_8"/>
<edge label="SB" idref="s805_503"/>
 </nt>
</nonterminals>
</graph>
</s><s xmlns:xsi="http://www.w3.org/2001/XMLSchema-instance" id="s806" art_id="16177" orig_id="ID_maz-16177">
<graph root="s806_508">
<terminals>
<t id="s806_1" word="Sie" lemma="--" pos="PPER" morph="--"/>
<t id="s806_2" word="will" lemma="--" pos="VMFIN" morph="--"/>
<t id="s806_3" word="heute" lemma="--" pos="ADV" morph="--"/>
<t id="s806_4" word="hohe" lemma="--" pos="ADJA" morph="--"/>
<t id="s806_5" word="Tarifforderungen" lemma="--" pos="NN" morph="--"/>
<t id="s806_6" word="verkünden" lemma="--" pos="VVINF" morph="--"/>
<t id="s806_7" word="können" lemma="--" pos="VMINF" morph="--"/>
<t id="s806_8" word="," lemma="--" pos="$," morph="--"/>
<t id="s806_9" word="ohne" lemma="--" pos="KOUI" morph="--"/>
<t id="s806_10" word="auf" lemma="--" pos="APPR" morph="--"/>
<t id="s806_11" word="die" lemma="--" pos="ART" morph="--"/>
<t id="s806_12" word="Bündnispartner" lemma="--" pos="NN" morph="--"/>
<t id="s806_13" word="Rücksicht" lemma="--" pos="NN" morph="--"/>
<t id="s806_14" word="nehmen" lemma="--" pos="VVINF" morph="--"/>
<t id="s806_15" word="zu" lemma="--" pos="PTKZU" morph="--"/>
<t id="s806_16" word="müssen" lemma="--" pos="VMINF" morph="--"/>
<t id="s806_17" word="." lemma="--" pos="$." morph="--"/>
</terminals>
<nonterminals>
<nt id="s806_500" cat="NP">
<edge label="NK" idref="s806_4"/>
<edge label="NK" idref="s806_5"/>
 </nt>
<nt id="s806_501" cat="PP">
<edge label="AC" idref="s806_10"/>
<edge label="NK" idref="s806_11"/>
<edge label="NK" idref="s806_12"/>
 </nt>
<nt id="s806_502" cat="VZ">
<edge label="PM" idref="s806_15"/>
<edge label="HD" idref="s806_16"/>
 </nt>
<nt id="s806_503" cat="VP">
<edge label="HD" idref="s806_6"/>
<edge label="OA" idref="s806_500"/>
 </nt>
<nt id="s806_504" cat="NP">
<edge label="NK" idref="s806_13"/>
<edge label="MNR" idref="s806_501"/>
 </nt>
<nt id="s806_505" cat="VP">
<edge label="HD" idref="s806_14"/>
<edge label="OA" idref="s806_504"/>
 </nt>
<nt id="s806_506" cat="VP">
<edge label="CP" idref="s806_9"/>
<edge label="HD" idref="s806_502"/>
<edge label="OC" idref="s806_505"/>
 </nt>
<nt id="s806_507" cat="VP">
<edge label="MO" idref="s806_3"/>
<edge label="HD" idref="s806_7"/>
<edge label="OC" idref="s806_503"/>
<edge label="MO" idref="s806_506"/>
 </nt>
<nt id="s806_508" cat="S">
<edge label="SB" idref="s806_1"/>
<edge label="HD" idref="s806_2"/>
<edge label="OC" idref="s806_507"/>
 </nt>
</nonterminals>
</graph>
</s><s xmlns:xsi="http://www.w3.org/2001/XMLSchema-instance" id="s807" art_id="16177" orig_id="ID_maz-16177">
<graph root="s807_506">
<terminals>
<t id="s807_1" word="Der" lemma="--" pos="ART" morph="--"/>
<t id="s807_2" word="Geldbeutel" lemma="--" pos="NN" morph="--"/>
<t id="s807_3" word="der" lemma="--" pos="ART" morph="--"/>
<t id="s807_4" word="eigenen" lemma="--" pos="ADJA" morph="--"/>
<t id="s807_5" word="Mitglieder" lemma="--" pos="NN" morph="--"/>
<t id="s807_6" word="ist" lemma="--" pos="VAFIN" morph="--"/>
<t id="s807_7" word="wieder" lemma="--" pos="ADV" morph="--"/>
<t id="s807_8" word="einmal" lemma="--" pos="ADV" morph="--"/>
<t id="s807_9" word="wichtiger" lemma="--" pos="ADJD" morph="--"/>
<t id="s807_10" word="als" lemma="--" pos="KOKOM" morph="--"/>
<t id="s807_11" word="die" lemma="--" pos="ART" morph="--"/>
<t id="s807_12" word="Sorgen" lemma="--" pos="NN" morph="--"/>
<t id="s807_13" word="der" lemma="--" pos="ART" morph="--"/>
<t id="s807_14" word="Arbeitslosen" lemma="--" pos="NN" morph="--"/>
<t id="s807_15" word="." lemma="--" pos="$." morph="--"/>
</terminals>
<nonterminals>
<nt id="s807_500" cat="NP">
<edge label="NK" idref="s807_3"/>
<edge label="NK" idref="s807_4"/>
<edge label="NK" idref="s807_5"/>
 </nt>
<nt id="s807_501" cat="AVP">
<edge label="HD" idref="s807_7"/>
<edge label="MO" idref="s807_8"/>
 </nt>
<nt id="s807_502" cat="NP">
<edge label="NK" idref="s807_13"/>
<edge label="NK" idref="s807_14"/>
 </nt>
<nt id="s807_503" cat="NP">
<edge label="NK" idref="s807_1"/>
<edge label="NK" idref="s807_2"/>
<edge label="AG" idref="s807_500"/>
 </nt>
<nt id="s807_504" cat="NP">
<edge label="CM" idref="s807_10"/>
<edge label="NK" idref="s807_11"/>
<edge label="NK" idref="s807_12"/>
<edge label="AG" idref="s807_502"/>
 </nt>
<nt id="s807_505" cat="AP">
<edge label="HD" idref="s807_9"/>
<edge label="CC" idref="s807_504"/>
 </nt>
<nt id="s807_506" cat="S">
<edge label="HD" idref="s807_6"/>
<edge label="MO" idref="s807_501"/>
<edge label="SB" idref="s807_503"/>
<edge label="PD" idref="s807_505"/>
 </nt>
</nonterminals>
</graph>
</s><s xmlns:xsi="http://www.w3.org/2001/XMLSchema-instance" id="s808" art_id="16177" orig_id="ID_maz-16177">
<graph root="s808_505">
<terminals>
<t id="s808_1" word="Das" lemma="--" pos="ART" morph="--"/>
<t id="s808_2" word="erste" lemma="--" pos="ADJA" morph="--"/>
<t id="s808_3" word="Bündnis" lemma="--" pos="NN" morph="--"/>
<t id="s808_4" word="für" lemma="--" pos="APPR" morph="--"/>
<t id="s808_5" word="Arbeit" lemma="--" pos="NN" morph="--"/>
<t id="s808_6" word="ging" lemma="--" pos="VVFIN" morph="--"/>
<t id="s808_7" word="durch" lemma="--" pos="APPR" morph="--"/>
<t id="s808_8" word="die" lemma="--" pos="ART" morph="--"/>
<t id="s808_9" word="Unfähigkeit" lemma="--" pos="NN" morph="--"/>
<t id="s808_10" word="der" lemma="--" pos="ART" morph="--"/>
<t id="s808_11" word="Kohl-Regierung" lemma="--" pos="NN" morph="--"/>
<t id="s808_12" word="in" lemma="--" pos="APPR" morph="--"/>
<t id="s808_13" word="die" lemma="--" pos="ART" morph="--"/>
<t id="s808_14" word="Brüche" lemma="--" pos="NN" morph="--"/>
<t id="s808_15" word="." lemma="--" pos="$." morph="--"/>
</terminals>
<nonterminals>
<nt id="s808_500" cat="PP">
<edge label="AC" idref="s808_4"/>
<edge label="NK" idref="s808_5"/>
 </nt>
<nt id="s808_501" cat="NP">
<edge label="NK" idref="s808_10"/>
<edge label="NK" idref="s808_11"/>
 </nt>
<nt id="s808_502" cat="PP">
<edge label="AC" idref="s808_12"/>
<edge label="NK" idref="s808_13"/>
<edge label="NK" idref="s808_14"/>
 </nt>
<nt id="s808_503" cat="NP">
<edge label="NK" idref="s808_1"/>
<edge label="NK" idref="s808_2"/>
<edge label="NK" idref="s808_3"/>
<edge label="MNR" idref="s808_500"/>
 </nt>
<nt id="s808_504" cat="PP">
<edge label="AC" idref="s808_7"/>
<edge label="NK" idref="s808_8"/>
<edge label="NK" idref="s808_9"/>
<edge label="AG" idref="s808_501"/>
 </nt>
<nt id="s808_505" cat="S">
<edge label="HD" idref="s808_6"/>
<edge label="MO" idref="s808_502"/>
<edge label="SB" idref="s808_503"/>
<edge label="MO" idref="s808_504"/>
 </nt>
</nonterminals>
</graph>
</s><s xmlns:xsi="http://www.w3.org/2001/XMLSchema-instance" id="s809" art_id="16177" orig_id="ID_maz-16177">
<graph root="s809_506">
<terminals>
<t id="s809_1" word="Diesmal" lemma="--" pos="ADV" morph="--"/>
<t id="s809_2" word="könnte" lemma="--" pos="VMFIN" morph="--"/>
<t id="s809_3" word="es" lemma="--" pos="PPER" morph="--"/>
<t id="s809_4" word="ausgerechnet" lemma="--" pos="ADV" morph="--"/>
<t id="s809_5" word="sein" lemma="--" pos="PPOSAT" morph="--"/>
<t id="s809_6" word="Erfinder" lemma="--" pos="NN" morph="--"/>
<t id="s809_7" word="," lemma="--" pos="$," morph="--"/>
<t id="s809_8" word="IG-Metall-Chef" lemma="--" pos="NN" morph="--"/>
<t id="s809_9" word="Klaus" lemma="--" pos="NE" morph="--"/>
<t id="s809_10" word="Zwickel" lemma="--" pos="NE" morph="--"/>
<t id="s809_11" word="," lemma="--" pos="$," morph="--"/>
<t id="s809_12" word="sein" lemma="--" pos="VAINF" morph="--"/>
<t id="s809_13" word="," lemma="--" pos="$," morph="--"/>
<t id="s809_14" word="der" lemma="--" pos="PRELS" morph="--"/>
<t id="s809_15" word="ihm" lemma="--" pos="PPER" morph="--"/>
<t id="s809_16" word="den" lemma="--" pos="ART" morph="--"/>
<t id="s809_17" word="Totenschein" lemma="--" pos="NN" morph="--"/>
<t id="s809_18" word="ausstellt" lemma="--" pos="VVFIN" morph="--"/>
<t id="s809_19" word="." lemma="--" pos="$." morph="--"/>
</terminals>
<nonterminals>
<nt id="s809_500" cat="PN">
<edge label="PNC" idref="s809_9"/>
<edge label="PNC" idref="s809_10"/>
 </nt>
<nt id="s809_501" cat="NP">
<edge label="NK" idref="s809_16"/>
<edge label="NK" idref="s809_17"/>
 </nt>
<nt id="s809_502" cat="NP">
<edge label="NK" idref="s809_8"/>
<edge label="NK" idref="s809_500"/>
 </nt>
<nt id="s809_503" cat="S">
<edge label="SB" idref="s809_14"/>
<edge label="DA" idref="s809_15"/>
<edge label="HD" idref="s809_18"/>
<edge label="OA" idref="s809_501"/>
 </nt>
<nt id="s809_504" cat="NP">
<edge label="MO" idref="s809_4"/>
<edge label="NK" idref="s809_5"/>
<edge label="NK" idref="s809_6"/>
<edge label="APP" idref="s809_502"/>
<edge label="RC" idref="s809_503"/>
 </nt>
<nt id="s809_505" cat="VP">
<edge label="HD" idref="s809_12"/>
<edge label="PD" idref="s809_504"/>
 </nt>
<nt id="s809_506" cat="S">
<edge label="MO" idref="s809_1"/>
<edge label="HD" idref="s809_2"/>
<edge label="SB" idref="s809_3"/>
<edge label="OC" idref="s809_505"/>
 </nt>
</nonterminals>
</graph>
</s></body></corpus>
