<?xml version="1.0" encoding="utf-8" standalone="yes"?>
<corpus id="ID_maz-19436">
<body>
<s xmlns:xsi="http://www.w3.org/2001/XMLSchema-instance" id="s1278" art_id="19436" orig_id="ID_maz-19436">
<graph root="s1278_1">
<terminals>
<t id="s1278_1" word="Taktik" lemma="--" pos="NN" morph="--"/>
</terminals>
<nonterminals>
</nonterminals>
</graph>
</s><s xmlns:xsi="http://www.w3.org/2001/XMLSchema-instance" id="s1279" art_id="19436" orig_id="ID_maz-19436">
<graph root="s1279_509">
<terminals>
<t id="s1279_1" word="Die" lemma="--" pos="ART" morph="--"/>
<t id="s1279_2" word="Berliner" lemma="--" pos="ADJA" morph="--"/>
<t id="s1279_3" word="PDS" lemma="--" pos="NE" morph="--"/>
<t id="s1279_4" word="lässt" lemma="--" pos="VVFIN" morph="--"/>
<t id="s1279_5" word="sich" lemma="--" pos="PRF" morph="--"/>
<t id="s1279_6" word="bei" lemma="--" pos="APPR" morph="--"/>
<t id="s1279_7" word="den" lemma="--" pos="ART" morph="--"/>
<t id="s1279_8" word="Koalitionsverhandlungen" lemma="--" pos="NN" morph="--"/>
<t id="s1279_9" word="mit" lemma="--" pos="APPR" morph="--"/>
<t id="s1279_10" word="der" lemma="--" pos="ART" morph="--"/>
<t id="s1279_11" word="regierenden" lemma="--" pos="ADJA" morph="--"/>
<t id="s1279_12" word="SPD" lemma="--" pos="NE" morph="--"/>
<t id="s1279_13" word="in" lemma="--" pos="APPR" morph="--"/>
<t id="s1279_14" word="puncto" lemma="--" pos="FM" morph="--"/>
<t id="s1279_15" word="Flughafenausbau" lemma="--" pos="NN" morph="--"/>
<t id="s1279_16" word="in" lemma="--" pos="APPR" morph="--"/>
<t id="s1279_17" word="Schönefeld" lemma="--" pos="NE" morph="--"/>
<t id="s1279_18" word="alles" lemma="--" pos="PIS" morph="--"/>
<t id="s1279_19" word="offen" lemma="--" pos="ADJD" morph="--"/>
<t id="s1279_20" word="-" lemma="--" pos="$(" morph="--"/>
<t id="s1279_21" word="obwohl" lemma="--" pos="KOUS" morph="--"/>
<t id="s1279_22" word="im" lemma="--" pos="APPRART" morph="--"/>
<t id="s1279_23" word="Wahlkampf" lemma="--" pos="NN" morph="--"/>
<t id="s1279_24" word="ein" lemma="--" pos="ART" morph="--"/>
<t id="s1279_25" word="klares" lemma="--" pos="ADJA" morph="--"/>
<t id="s1279_26" word="Nein" lemma="--" pos="NN" morph="--"/>
<t id="s1279_27" word="verkündet" lemma="--" pos="VVPP" morph="--"/>
<t id="s1279_28" word="wurde" lemma="--" pos="VAFIN" morph="--"/>
<t id="s1279_29" word="." lemma="--" pos="$." morph="--"/>
</terminals>
<nonterminals>
<nt id="s1279_500" cat="NP">
<edge label="NK" idref="s1279_1"/>
<edge label="NK" idref="s1279_2"/>
<edge label="NK" idref="s1279_3"/>
 </nt>
<nt id="s1279_501" cat="PP">
<edge label="AC" idref="s1279_9"/>
<edge label="NK" idref="s1279_10"/>
<edge label="NK" idref="s1279_11"/>
<edge label="NK" idref="s1279_12"/>
 </nt>
<nt id="s1279_502" cat="PP">
<edge label="AC" idref="s1279_16"/>
<edge label="NK" idref="s1279_17"/>
 </nt>
<nt id="s1279_503" cat="PP">
<edge label="AC" idref="s1279_22"/>
<edge label="NK" idref="s1279_23"/>
 </nt>
<nt id="s1279_504" cat="NP">
<edge label="NK" idref="s1279_24"/>
<edge label="NK" idref="s1279_25"/>
<edge label="NK" idref="s1279_26"/>
 </nt>
<nt id="s1279_505" cat="PP">
<edge label="AC" idref="s1279_6"/>
<edge label="NK" idref="s1279_7"/>
<edge label="NK" idref="s1279_8"/>
<edge label="OP" idref="s1279_501"/>
 </nt>
<nt id="s1279_506" cat="PP">
<edge label="AC" idref="s1279_13"/>
<edge label="NK" idref="s1279_14"/>
<edge label="NK" idref="s1279_15"/>
<edge label="MNR" idref="s1279_502"/>
 </nt>
<nt id="s1279_507" cat="VP">
<edge label="HD" idref="s1279_27"/>
<edge label="MO" idref="s1279_503"/>
 </nt>
<nt id="s1279_508" cat="S">
<edge label="CP" idref="s1279_21"/>
<edge label="HD" idref="s1279_28"/>
<edge label="SB" idref="s1279_504"/>
<edge label="OC" idref="s1279_507"/>
 </nt>
<nt id="s1279_509" cat="S">
<edge label="HD" idref="s1279_4"/>
<edge label="DA" idref="s1279_5"/>
<edge label="OA" idref="s1279_18"/>
<edge label="MO" idref="s1279_19"/>
<edge label="SB" idref="s1279_500"/>
<edge label="MO" idref="s1279_505"/>
<edge label="MO" idref="s1279_506"/>
<edge label="MO" idref="s1279_508"/>
 </nt>
</nonterminals>
</graph>
</s><s xmlns:xsi="http://www.w3.org/2001/XMLSchema-instance" id="s1280" art_id="19436" orig_id="ID_maz-19436">
<graph root="s1280_504">
<terminals>
<t id="s1280_1" word="Aha" lemma="--" pos="ITJ" morph="--"/>
<t id="s1280_2" word="," lemma="--" pos="$," morph="--"/>
<t id="s1280_3" word="alle" lemma="--" pos="PIAT" morph="--"/>
<t id="s1280_4" word="Politiker" lemma="--" pos="NN" morph="--"/>
<t id="s1280_5" word="lügen" lemma="--" pos="VVFIN" morph="--"/>
<t id="s1280_6" word="," lemma="--" pos="$," morph="--"/>
<t id="s1280_7" word="sobald" lemma="--" pos="KOUS" morph="--"/>
<t id="s1280_8" word="sie" lemma="--" pos="PPER" morph="--"/>
<t id="s1280_9" word="die" lemma="--" pos="ART" morph="--"/>
<t id="s1280_10" word="Macht" lemma="--" pos="NN" morph="--"/>
<t id="s1280_11" word="riechen" lemma="--" pos="VVFIN" morph="--"/>
<t id="s1280_12" word="," lemma="--" pos="$," morph="--"/>
<t id="s1280_13" word="könnte" lemma="--" pos="VMFIN" morph="--"/>
<t id="s1280_14" word="man" lemma="--" pos="PIS" morph="--"/>
<t id="s1280_15" word="sagen" lemma="--" pos="VVINF" morph="--"/>
<t id="s1280_16" word="." lemma="--" pos="$." morph="--"/>
</terminals>
<nonterminals>
<nt id="s1280_500" cat="NP">
<edge label="NK" idref="s1280_3"/>
<edge label="NK" idref="s1280_4"/>
 </nt>
<nt id="s1280_501" cat="NP">
<edge label="NK" idref="s1280_9"/>
<edge label="NK" idref="s1280_10"/>
 </nt>
<nt id="s1280_502" cat="S">
<edge label="CP" idref="s1280_7"/>
<edge label="SB" idref="s1280_8"/>
<edge label="HD" idref="s1280_11"/>
<edge label="OA" idref="s1280_501"/>
 </nt>
<nt id="s1280_503" cat="S">
<edge label="DM" idref="s1280_1"/>
<edge label="HD" idref="s1280_5"/>
<edge label="SB" idref="s1280_500"/>
<edge label="MO" idref="s1280_502"/>
 </nt>
<nt id="s1280_504" cat="S">
<edge label="HD" idref="s1280_13"/>
<edge label="SB" idref="s1280_14"/>
<edge label="OC" idref="s1280_15"/>
<edge label="OC" idref="s1280_503"/>
 </nt>
</nonterminals>
</graph>
</s><s xmlns:xsi="http://www.w3.org/2001/XMLSchema-instance" id="s1281" art_id="19436" orig_id="ID_maz-19436">
<graph root="s1281_506">
<terminals>
<t id="s1281_1" word="Und" lemma="--" pos="KON" morph="--"/>
<t id="s1281_2" word="natürlich" lemma="--" pos="ADV" morph="--"/>
<t id="s1281_3" word="ist" lemma="--" pos="VAFIN" morph="--"/>
<t id="s1281_4" word="es" lemma="--" pos="PPER" morph="--"/>
<t id="s1281_5" word="so" lemma="--" pos="ADV" morph="--"/>
<t id="s1281_6" word="," lemma="--" pos="$," morph="--"/>
<t id="s1281_7" word="dass" lemma="--" pos="KOUS" morph="--"/>
<t id="s1281_8" word="Kompromisse" lemma="--" pos="NN" morph="--"/>
<t id="s1281_9" word="machen" lemma="--" pos="VVINF" morph="--"/>
<t id="s1281_10" word="muss" lemma="--" pos="VMFIN" morph="--"/>
<t id="s1281_11" word="," lemma="--" pos="$," morph="--"/>
<t id="s1281_12" word="wer" lemma="--" pos="PWS" morph="--"/>
<t id="s1281_13" word="in" lemma="--" pos="APPR" morph="--"/>
<t id="s1281_14" word="einer" lemma="--" pos="ART" morph="--"/>
<t id="s1281_15" word="Koalition" lemma="--" pos="NN" morph="--"/>
<t id="s1281_16" word="mitregieren" lemma="--" pos="VVINF" morph="--"/>
<t id="s1281_17" word="will" lemma="--" pos="VMFIN" morph="--"/>
<t id="s1281_18" word="." lemma="--" pos="$." morph="--"/>
</terminals>
<nonterminals>
<nt id="s1281_500" cat="VP">
<edge label="OA" idref="s1281_8"/>
<edge label="HD" idref="s1281_9"/>
 </nt>
<nt id="s1281_501" cat="PP">
<edge label="AC" idref="s1281_13"/>
<edge label="NK" idref="s1281_14"/>
<edge label="NK" idref="s1281_15"/>
 </nt>
<nt id="s1281_502" cat="VP">
<edge label="HD" idref="s1281_16"/>
<edge label="MO" idref="s1281_501"/>
 </nt>
<nt id="s1281_503" cat="S">
<edge label="SB" idref="s1281_12"/>
<edge label="HD" idref="s1281_17"/>
<edge label="OC" idref="s1281_502"/>
 </nt>
<nt id="s1281_504" cat="S">
<edge label="CP" idref="s1281_7"/>
<edge label="HD" idref="s1281_10"/>
<edge label="OC" idref="s1281_500"/>
<edge label="SB" idref="s1281_503"/>
 </nt>
<nt id="s1281_505" cat="AVP">
<edge label="PH" idref="s1281_5"/>
<edge label="RE" idref="s1281_504"/>
 </nt>
<nt id="s1281_506" cat="S">
<edge label="JU" idref="s1281_1"/>
<edge label="MO" idref="s1281_2"/>
<edge label="HD" idref="s1281_3"/>
<edge label="EP" idref="s1281_4"/>
<edge label="MO" idref="s1281_505"/>
 </nt>
</nonterminals>
</graph>
</s><s xmlns:xsi="http://www.w3.org/2001/XMLSchema-instance" id="s1282" art_id="19436" orig_id="ID_maz-19436">
<graph root="s1282_506">
<terminals>
<t id="s1282_1" word="Es" lemma="--" pos="PPER" morph="--"/>
<t id="s1282_2" word="kommt" lemma="--" pos="VVFIN" morph="--"/>
<t id="s1282_3" word="allerdings" lemma="--" pos="ADV" morph="--"/>
<t id="s1282_4" word="darauf" lemma="--" pos="PROAV" morph="--"/>
<t id="s1282_5" word="an" lemma="--" pos="PTKVZ" morph="--"/>
<t id="s1282_6" word="," lemma="--" pos="$," morph="--"/>
<t id="s1282_7" word="wie" lemma="--" pos="PWAV" morph="--"/>
<t id="s1282_8" word="wichtig" lemma="--" pos="ADJD" morph="--"/>
<t id="s1282_9" word="die" lemma="--" pos="ART" morph="--"/>
<t id="s1282_10" word="Sache" lemma="--" pos="NN" morph="--"/>
<t id="s1282_11" word="ist" lemma="--" pos="VAFIN" morph="--"/>
<t id="s1282_12" word="," lemma="--" pos="$," morph="--"/>
<t id="s1282_13" word="in" lemma="--" pos="APPR" morph="--"/>
<t id="s1282_14" word="der" lemma="--" pos="PRELS" morph="--"/>
<t id="s1282_15" word="man" lemma="--" pos="PIS" morph="--"/>
<t id="s1282_16" word="nachgibt" lemma="--" pos="VVFIN" morph="--"/>
<t id="s1282_17" word="." lemma="--" pos="$." morph="--"/>
</terminals>
<nonterminals>
<nt id="s1282_500" cat="AP">
<edge label="MO" idref="s1282_7"/>
<edge label="HD" idref="s1282_8"/>
 </nt>
<nt id="s1282_501" cat="PP">
<edge label="AC" idref="s1282_13"/>
<edge label="NK" idref="s1282_14"/>
 </nt>
<nt id="s1282_502" cat="S">
<edge label="SB" idref="s1282_15"/>
<edge label="HD" idref="s1282_16"/>
<edge label="MO" idref="s1282_501"/>
 </nt>
<nt id="s1282_503" cat="NP">
<edge label="NK" idref="s1282_9"/>
<edge label="NK" idref="s1282_10"/>
<edge label="RC" idref="s1282_502"/>
 </nt>
<nt id="s1282_504" cat="S">
<edge label="HD" idref="s1282_11"/>
<edge label="PD" idref="s1282_500"/>
<edge label="SB" idref="s1282_503"/>
 </nt>
<nt id="s1282_505" cat="PP">
<edge label="PH" idref="s1282_4"/>
<edge label="RE" idref="s1282_504"/>
 </nt>
<nt id="s1282_506" cat="S">
<edge label="EP" idref="s1282_1"/>
<edge label="HD" idref="s1282_2"/>
<edge label="MO" idref="s1282_3"/>
<edge label="SVP" idref="s1282_5"/>
<edge label="OP" idref="s1282_505"/>
 </nt>
</nonterminals>
</graph>
</s><s xmlns:xsi="http://www.w3.org/2001/XMLSchema-instance" id="s1283" art_id="19436" orig_id="ID_maz-19436">
<graph root="s1283_503">
<terminals>
<t id="s1283_1" word="Und" lemma="--" pos="KON" morph="--"/>
<t id="s1283_2" word="an" lemma="--" pos="APPR" morph="--"/>
<t id="s1283_3" word="der" lemma="--" pos="ART" morph="--"/>
<t id="s1283_4" word="Flughafen-Frage" lemma="--" pos="NN" morph="--"/>
<t id="s1283_5" word="hängt" lemma="--" pos="VVFIN" morph="--"/>
<t id="s1283_6" word="schon" lemma="--" pos="ADV" morph="--"/>
<t id="s1283_7" word="viel" lemma="--" pos="PIAT" morph="--"/>
<t id="s1283_8" word="Glaubwürdigkeit" lemma="--" pos="NN" morph="--"/>
<t id="s1283_9" word="der" lemma="--" pos="ART" morph="--"/>
<t id="s1283_10" word="PDS" lemma="--" pos="NE" morph="--"/>
<t id="s1283_11" word="." lemma="--" pos="$." morph="--"/>
</terminals>
<nonterminals>
<nt id="s1283_500" cat="PP">
<edge label="AC" idref="s1283_2"/>
<edge label="NK" idref="s1283_3"/>
<edge label="NK" idref="s1283_4"/>
 </nt>
<nt id="s1283_501" cat="NP">
<edge label="NK" idref="s1283_9"/>
<edge label="NK" idref="s1283_10"/>
 </nt>
<nt id="s1283_502" cat="NP">
<edge label="NK" idref="s1283_7"/>
<edge label="NK" idref="s1283_8"/>
<edge label="AG" idref="s1283_501"/>
 </nt>
<nt id="s1283_503" cat="S">
<edge label="JU" idref="s1283_1"/>
<edge label="HD" idref="s1283_5"/>
<edge label="MO" idref="s1283_6"/>
<edge label="MO" idref="s1283_500"/>
<edge label="SB" idref="s1283_502"/>
 </nt>
</nonterminals>
</graph>
</s><s xmlns:xsi="http://www.w3.org/2001/XMLSchema-instance" id="s1284" art_id="19436" orig_id="ID_maz-19436">
<graph root="s1284_503">
<terminals>
<t id="s1284_1" word="Die" lemma="--" pos="ART" morph="--"/>
<t id="s1284_2" word="gemäßigte" lemma="--" pos="ADJA" morph="--"/>
<t id="s1284_3" word="Reaktion" lemma="--" pos="NN" morph="--"/>
<t id="s1284_4" word="der" lemma="--" pos="ART" morph="--"/>
<t id="s1284_5" word="Parteibasis" lemma="--" pos="NN" morph="--"/>
<t id="s1284_6" word="lässt" lemma="--" pos="VVFIN" morph="--"/>
<t id="s1284_7" word="aber" lemma="--" pos="ADV" morph="--"/>
<t id="s1284_8" word="noch" lemma="--" pos="ADV" morph="--"/>
<t id="s1284_9" word="eine" lemma="--" pos="ART" morph="--"/>
<t id="s1284_10" word="andere" lemma="--" pos="ADJA" morph="--"/>
<t id="s1284_11" word="Vermutung" lemma="--" pos="NN" morph="--"/>
<t id="s1284_12" word="zu" lemma="--" pos="PTKVZ" morph="--"/>
<t id="s1284_13" word=":" lemma="--" pos="$." morph="--"/>
</terminals>
<nonterminals>
<nt id="s1284_500" cat="NP">
<edge label="NK" idref="s1284_4"/>
<edge label="NK" idref="s1284_5"/>
 </nt>
<nt id="s1284_501" cat="NP">
<edge label="MO" idref="s1284_8"/>
<edge label="NK" idref="s1284_9"/>
<edge label="NK" idref="s1284_10"/>
<edge label="NK" idref="s1284_11"/>
 </nt>
<nt id="s1284_502" cat="NP">
<edge label="NK" idref="s1284_1"/>
<edge label="NK" idref="s1284_2"/>
<edge label="NK" idref="s1284_3"/>
<edge label="AG" idref="s1284_500"/>
 </nt>
<nt id="s1284_503" cat="S">
<edge label="HD" idref="s1284_6"/>
<edge label="MO" idref="s1284_7"/>
<edge label="SVP" idref="s1284_12"/>
<edge label="OA" idref="s1284_501"/>
<edge label="SB" idref="s1284_502"/>
 </nt>
</nonterminals>
</graph>
</s><s xmlns:xsi="http://www.w3.org/2001/XMLSchema-instance" id="s1285" art_id="19436" orig_id="ID_maz-19436">
<graph root="s1285_509">
<terminals>
<t id="s1285_1" word="Gysi" lemma="--" pos="NE" morph="--"/>
<t id="s1285_2" word="will" lemma="--" pos="VMFIN" morph="--"/>
<t id="s1285_3" word="die" lemma="--" pos="ART" morph="--"/>
<t id="s1285_4" word="Chance" lemma="--" pos="NN" morph="--"/>
<t id="s1285_5" word="der" lemma="--" pos="ART" morph="--"/>
<t id="s1285_6" word="PDS" lemma="--" pos="NE" morph="--"/>
<t id="s1285_7" word="zum" lemma="--" pos="APPRART" morph="--"/>
<t id="s1285_8" word="Mitregieren" lemma="--" pos="NN" morph="--"/>
<t id="s1285_9" word="in" lemma="--" pos="APPR" morph="--"/>
<t id="s1285_10" word="der" lemma="--" pos="ART" morph="--"/>
<t id="s1285_11" word="Bundeshauptstadt" lemma="--" pos="NN" morph="--"/>
<t id="s1285_12" word="nicht" lemma="--" pos="PTKNEG" morph="--"/>
<t id="s1285_13" word="für" lemma="--" pos="APPR" morph="--"/>
<t id="s1285_14" word="etwas" lemma="--" pos="PIS" morph="--"/>
<t id="s1285_15" word="vertun" lemma="--" pos="VVINF" morph="--"/>
<t id="s1285_16" word="," lemma="--" pos="$," morph="--"/>
<t id="s1285_17" word="was" lemma="--" pos="PRELS" morph="--"/>
<t id="s1285_18" word="sich" lemma="--" pos="PRF" morph="--"/>
<t id="s1285_19" word="in" lemma="--" pos="APPR" morph="--"/>
<t id="s1285_20" word="einem" lemma="--" pos="ART" morph="--"/>
<t id="s1285_21" word="Jahr" lemma="--" pos="NN" morph="--"/>
<t id="s1285_22" word="womöglich" lemma="--" pos="ADV" morph="--"/>
<t id="s1285_23" word="von" lemma="--" pos="APPR" morph="--"/>
<t id="s1285_24" word="allein" lemma="--" pos="ADV" morph="--"/>
<t id="s1285_25" word="erledigt" lemma="--" pos="VVFIN" morph="--"/>
<t id="s1285_26" word="." lemma="--" pos="$." morph="--"/>
</terminals>
<nonterminals>
<nt id="s1285_500" cat="NP">
<edge label="NK" idref="s1285_5"/>
<edge label="NK" idref="s1285_6"/>
 </nt>
<nt id="s1285_501" cat="PP">
<edge label="AC" idref="s1285_7"/>
<edge label="NK" idref="s1285_8"/>
 </nt>
<nt id="s1285_502" cat="PP">
<edge label="AC" idref="s1285_9"/>
<edge label="NK" idref="s1285_10"/>
<edge label="NK" idref="s1285_11"/>
 </nt>
<nt id="s1285_503" cat="PP">
<edge label="AC" idref="s1285_19"/>
<edge label="NK" idref="s1285_20"/>
<edge label="NK" idref="s1285_21"/>
 </nt>
<nt id="s1285_504" cat="PP">
<edge label="AC" idref="s1285_23"/>
<edge label="NK" idref="s1285_24"/>
 </nt>
<nt id="s1285_505" cat="NP">
<edge label="NK" idref="s1285_3"/>
<edge label="NK" idref="s1285_4"/>
<edge label="AG" idref="s1285_500"/>
<edge label="MNR" idref="s1285_501"/>
<edge label="MNR" idref="s1285_502"/>
 </nt>
<nt id="s1285_506" cat="S">
<edge label="SB" idref="s1285_17"/>
<edge label="OA" idref="s1285_18"/>
<edge label="MO" idref="s1285_22"/>
<edge label="HD" idref="s1285_25"/>
<edge label="MO" idref="s1285_503"/>
<edge label="MO" idref="s1285_504"/>
 </nt>
<nt id="s1285_507" cat="PP">
<edge label="AC" idref="s1285_13"/>
<edge label="NK" idref="s1285_14"/>
<edge label="RC" idref="s1285_506"/>
 </nt>
<nt id="s1285_508" cat="VP">
<edge label="HD" idref="s1285_15"/>
<edge label="OA" idref="s1285_505"/>
<edge label="MO" idref="s1285_507"/>
 </nt>
<nt id="s1285_509" cat="S">
<edge label="SB" idref="s1285_1"/>
<edge label="HD" idref="s1285_2"/>
<edge label="NG" idref="s1285_12"/>
<edge label="OC" idref="s1285_508"/>
 </nt>
</nonterminals>
</graph>
</s><s xmlns:xsi="http://www.w3.org/2001/XMLSchema-instance" id="s1286" art_id="19436" orig_id="ID_maz-19436">
<graph root="s1286_515">
<terminals>
<t id="s1286_1" word="Denn" lemma="--" pos="KON" morph="--"/>
<t id="s1286_2" word="dass" lemma="--" pos="KOUS" morph="--"/>
<t id="s1286_3" word="der" lemma="--" pos="ART" morph="--"/>
<t id="s1286_4" word="Flughafenausbau" lemma="--" pos="NN" morph="--"/>
<t id="s1286_5" word="in" lemma="--" pos="APPR" morph="--"/>
<t id="s1286_6" word="der" lemma="--" pos="ART" morph="--"/>
<t id="s1286_7" word="ursprünglich" lemma="--" pos="ADJD" morph="--"/>
<t id="s1286_8" word="vom" lemma="--" pos="APPRART" morph="--"/>
<t id="s1286_9" word="Bund" lemma="--" pos="NN" morph="--"/>
<t id="s1286_10" word="und" lemma="--" pos="KON" morph="--"/>
<t id="s1286_11" word="von" lemma="--" pos="APPR" morph="--"/>
<t id="s1286_12" word="den" lemma="--" pos="ART" morph="--"/>
<t id="s1286_13" word="Ländern" lemma="--" pos="NN" morph="--"/>
<t id="s1286_14" word="Berlin" lemma="--" pos="NE" morph="--"/>
<t id="s1286_15" word="und" lemma="--" pos="KON" morph="--"/>
<t id="s1286_16" word="Brandenburg" lemma="--" pos="NE" morph="--"/>
<t id="s1286_17" word="geplanten" lemma="--" pos="ADJA" morph="--"/>
<t id="s1286_18" word="Dimension" lemma="--" pos="NN" morph="--"/>
<t id="s1286_19" word="noch" lemma="--" pos="ADV" morph="--"/>
<t id="s1286_20" word="zum" lemma="--" pos="APPRART" morph="--"/>
<t id="s1286_21" word="Tragen" lemma="--" pos="NN" morph="--"/>
<t id="s1286_22" word="kommt" lemma="--" pos="VVFIN" morph="--"/>
<t id="s1286_23" word="," lemma="--" pos="$," morph="--"/>
<t id="s1286_24" word="das" lemma="--" pos="PDS" morph="--"/>
<t id="s1286_25" word="glauben" lemma="--" pos="VVFIN" morph="--"/>
<t id="s1286_26" word="wohl" lemma="--" pos="ADV" morph="--"/>
<t id="s1286_27" word="nur" lemma="--" pos="ADV" morph="--"/>
<t id="s1286_28" word="noch" lemma="--" pos="ADV" morph="--"/>
<t id="s1286_29" word="die" lemma="--" pos="ART" morph="--"/>
<t id="s1286_30" word="Wenigsten" lemma="--" pos="NN" morph="--"/>
<t id="s1286_31" word="-" lemma="--" pos="$(" morph="--"/>
<t id="s1286_32" word="geschweige" lemma="--" pos="ADV" morph="--"/>
<t id="s1286_33" word="denn" lemma="--" pos="ADV" morph="--"/>
<t id="s1286_34" word="ein" lemma="--" pos="ART" morph="--"/>
<t id="s1286_35" word="Jurist" lemma="--" pos="NN" morph="--"/>
<t id="s1286_36" word="wie" lemma="--" pos="KOKOM" morph="--"/>
<t id="s1286_37" word="Gysi" lemma="--" pos="NE" morph="--"/>
<t id="s1286_38" word="." lemma="--" pos="$." morph="--"/>
</terminals>
<nonterminals>
<nt id="s1286_500" cat="NP">
<edge label="NK" idref="s1286_3"/>
<edge label="NK" idref="s1286_4"/>
 </nt>
<nt id="s1286_501" cat="PP">
<edge label="AC" idref="s1286_8"/>
<edge label="NK" idref="s1286_9"/>
 </nt>
<nt id="s1286_502" cat="CNP">
<edge label="CJ" idref="s1286_14"/>
<edge label="CD" idref="s1286_15"/>
<edge label="CJ" idref="s1286_16"/>
 </nt>
<nt id="s1286_503" cat="PP">
<edge label="AC" idref="s1286_20"/>
<edge label="NK" idref="s1286_21"/>
 </nt>
<nt id="s1286_504" cat="AVP">
<edge label="HD" idref="s1286_27"/>
<edge label="MO" idref="s1286_28"/>
 </nt>
<nt id="s1286_505" cat="AVP">
<edge label="HD" idref="s1286_32"/>
<edge label="MO" idref="s1286_33"/>
 </nt>
<nt id="s1286_506" cat="NP">
<edge label="CM" idref="s1286_36"/>
<edge label="NK" idref="s1286_37"/>
 </nt>
<nt id="s1286_507" cat="PP">
<edge label="AC" idref="s1286_11"/>
<edge label="NK" idref="s1286_12"/>
<edge label="NK" idref="s1286_13"/>
<edge label="NK" idref="s1286_502"/>
 </nt>
<nt id="s1286_508" cat="NP">
<edge label="NK" idref="s1286_34"/>
<edge label="NK" idref="s1286_35"/>
<edge label="MO" idref="s1286_505"/>
<edge label="CC" idref="s1286_506"/>
 </nt>
<nt id="s1286_509" cat="CPP">
<edge label="CD" idref="s1286_10"/>
<edge label="CJ" idref="s1286_501"/>
<edge label="CJ" idref="s1286_507"/>
 </nt>
<nt id="s1286_510" cat="NP">
<edge label="NK" idref="s1286_29"/>
<edge label="NK" idref="s1286_30"/>
<edge label="MO" idref="s1286_504"/>
<edge label="APP" idref="s1286_508"/>
 </nt>
<nt id="s1286_511" cat="AP">
<edge label="HD" idref="s1286_7"/>
<edge label="HD" idref="s1286_17"/>
<edge label="SBP" idref="s1286_509"/>
 </nt>
<nt id="s1286_512" cat="PP">
<edge label="AC" idref="s1286_5"/>
<edge label="NK" idref="s1286_6"/>
<edge label="NK" idref="s1286_18"/>
<edge label="NK" idref="s1286_511"/>
 </nt>
<nt id="s1286_513" cat="S">
<edge label="CP" idref="s1286_2"/>
<edge label="MO" idref="s1286_19"/>
<edge label="HD" idref="s1286_22"/>
<edge label="SB" idref="s1286_500"/>
<edge label="CVC" idref="s1286_503"/>
<edge label="MO" idref="s1286_512"/>
 </nt>
<nt id="s1286_514" cat="NP">
<edge label="PH" idref="s1286_24"/>
<edge label="RE" idref="s1286_513"/>
 </nt>
<nt id="s1286_515" cat="S">
<edge label="JU" idref="s1286_1"/>
<edge label="HD" idref="s1286_25"/>
<edge label="MO" idref="s1286_26"/>
<edge label="SB" idref="s1286_510"/>
<edge label="OA" idref="s1286_514"/>
 </nt>
</nonterminals>
</graph>
</s><s xmlns:xsi="http://www.w3.org/2001/XMLSchema-instance" id="s1287" art_id="19436" orig_id="ID_maz-19436">
<graph root="s1287_505">
<terminals>
<t id="s1287_1" word="Nicht" lemma="--" pos="PTKNEG" morph="--"/>
<t id="s1287_2" word="umsonst" lemma="--" pos="ADV" morph="--"/>
<t id="s1287_3" word="hat" lemma="--" pos="VAFIN" morph="--"/>
<t id="s1287_4" word="er" lemma="--" pos="PPER" morph="--"/>
<t id="s1287_5" word="mehrfach" lemma="--" pos="ADJD" morph="--"/>
<t id="s1287_6" word="auf" lemma="--" pos="APPR" morph="--"/>
<t id="s1287_7" word="die" lemma="--" pos="ART" morph="--"/>
<t id="s1287_8" word="zu" lemma="--" pos="PTKZU" morph="--"/>
<t id="s1287_9" word="erwartenden" lemma="--" pos="ADJA" morph="--"/>
<t id="s1287_10" word="Gerichtsprozesse" lemma="--" pos="NN" morph="--"/>
<t id="s1287_11" word="um" lemma="--" pos="APPR" morph="--"/>
<t id="s1287_12" word="den" lemma="--" pos="ART" morph="--"/>
<t id="s1287_13" word="geplanten" lemma="--" pos="ADJA" morph="--"/>
<t id="s1287_14" word="Flughafen" lemma="--" pos="NN" morph="--"/>
<t id="s1287_15" word="verwiesen" lemma="--" pos="VVPP" morph="--"/>
<t id="s1287_16" word="." lemma="--" pos="$." morph="--"/>
</terminals>
<nonterminals>
<nt id="s1287_500" cat="AVP">
<edge label="NG" idref="s1287_1"/>
<edge label="HD" idref="s1287_2"/>
 </nt>
<nt id="s1287_501" cat="VZ">
<edge label="PM" idref="s1287_8"/>
<edge label="HD" idref="s1287_9"/>
 </nt>
<nt id="s1287_502" cat="PP">
<edge label="AC" idref="s1287_11"/>
<edge label="NK" idref="s1287_12"/>
<edge label="NK" idref="s1287_13"/>
<edge label="NK" idref="s1287_14"/>
 </nt>
<nt id="s1287_503" cat="PP">
<edge label="AC" idref="s1287_6"/>
<edge label="NK" idref="s1287_7"/>
<edge label="NK" idref="s1287_10"/>
<edge label="NK" idref="s1287_501"/>
<edge label="MNR" idref="s1287_502"/>
 </nt>
<nt id="s1287_504" cat="VP">
<edge label="MO" idref="s1287_5"/>
<edge label="HD" idref="s1287_15"/>
<edge label="MO" idref="s1287_500"/>
<edge label="OP" idref="s1287_503"/>
 </nt>
<nt id="s1287_505" cat="S">
<edge label="HD" idref="s1287_3"/>
<edge label="SB" idref="s1287_4"/>
<edge label="OC" idref="s1287_504"/>
 </nt>
</nonterminals>
</graph>
</s><s xmlns:xsi="http://www.w3.org/2001/XMLSchema-instance" id="s1288" art_id="19436" orig_id="ID_maz-19436">
<graph root="s1288_502">
<terminals>
<t id="s1288_1" word="Wer" lemma="--" pos="PWS" morph="--"/>
<t id="s1288_2" word="wollte" lemma="--" pos="VMFIN" morph="--"/>
<t id="s1288_3" word="ihm" lemma="--" pos="PPER" morph="--"/>
<t id="s1288_4" word="da" lemma="--" pos="ADV" morph="--"/>
<t id="s1288_5" word="seine" lemma="--" pos="PPOSAT" morph="--"/>
<t id="s1288_6" word="Taktik" lemma="--" pos="NN" morph="--"/>
<t id="s1288_7" word="verübeln" lemma="--" pos="VVINF" morph="--"/>
<t id="s1288_8" word="?" lemma="--" pos="$." morph="--"/>
</terminals>
<nonterminals>
<nt id="s1288_500" cat="NP">
<edge label="NK" idref="s1288_5"/>
<edge label="NK" idref="s1288_6"/>
 </nt>
<nt id="s1288_501" cat="VP">
<edge label="OA" idref="s1288_3"/>
<edge label="HD" idref="s1288_7"/>
<edge label="OA" idref="s1288_500"/>
 </nt>
<nt id="s1288_502" cat="S">
<edge label="SB" idref="s1288_1"/>
<edge label="HD" idref="s1288_2"/>
<edge label="MO" idref="s1288_4"/>
<edge label="OC" idref="s1288_501"/>
 </nt>
</nonterminals>
</graph>
</s><s xmlns:xsi="http://www.w3.org/2001/XMLSchema-instance" id="s1289" art_id="19436" orig_id="ID_maz-19436">
<graph root="s1289_502">
<terminals>
<t id="s1289_1" word="Wenn" lemma="--" pos="KOUS" morph="--"/>
<t id="s1289_2" word="diese" lemma="--" pos="PDAT" morph="--"/>
<t id="s1289_3" word="Taktik" lemma="--" pos="NN" morph="--"/>
<t id="s1289_4" word="aufgeht" lemma="--" pos="VVFIN" morph="--"/>
<t id="s1289_5" word="," lemma="--" pos="$," morph="--"/>
<t id="s1289_6" word="war" lemma="--" pos="VAFIN" morph="--"/>
<t id="s1289_7" word="sie" lemma="--" pos="PPER" morph="--"/>
<t id="s1289_8" word="richtig" lemma="--" pos="ADJD" morph="--"/>
<t id="s1289_9" word="." lemma="--" pos="$." morph="--"/>
</terminals>
<nonterminals>
<nt id="s1289_500" cat="NP">
<edge label="NK" idref="s1289_2"/>
<edge label="NK" idref="s1289_3"/>
 </nt>
<nt id="s1289_501" cat="S">
<edge label="CP" idref="s1289_1"/>
<edge label="HD" idref="s1289_4"/>
<edge label="SB" idref="s1289_500"/>
 </nt>
<nt id="s1289_502" cat="S">
<edge label="HD" idref="s1289_6"/>
<edge label="SB" idref="s1289_7"/>
<edge label="PD" idref="s1289_8"/>
<edge label="MO" idref="s1289_501"/>
 </nt>
</nonterminals>
</graph>
</s></body></corpus>
