<?xml version="1.0" encoding="utf-8" standalone="yes"?>
<corpus id="ID_maz-2609">
<body>
<s xmlns:xsi="http://www.w3.org/2001/XMLSchema-instance" id="s1320" art_id="2609" orig_id="ID_maz-2609">
<graph root="s1320_500">
<terminals>
<t id="s1320_1" word="Einsteins" lemma="--" pos="NE" morph="--"/>
<t id="s1320_2" word="Lorbeeren" lemma="--" pos="NN" morph="--"/>
</terminals>
<nonterminals>
<nt id="s1320_500" cat="NP">
<edge label="AG" idref="s1320_1"/>
<edge label="NK" idref="s1320_2"/>
 </nt>
</nonterminals>
</graph>
</s><s xmlns:xsi="http://www.w3.org/2001/XMLSchema-instance" id="s1321" art_id="2609" orig_id="ID_maz-2609">
<graph root="s1321_512">
<terminals>
<t id="s1321_1" word="Unter" lemma="--" pos="APPR" morph="--"/>
<t id="s1321_2" word="den" lemma="--" pos="ART" morph="--"/>
<t id="s1321_3" word="vielen" lemma="--" pos="PIAT" morph="--"/>
<t id="s1321_4" word="Lobreden" lemma="--" pos="NN" morph="--"/>
<t id="s1321_5" word="wäre" lemma="--" pos="VAFIN" morph="--"/>
<t id="s1321_6" word="gestern" lemma="--" pos="ADV" morph="--"/>
<t id="s1321_7" word="am" lemma="--" pos="APPRART" morph="--"/>
<t id="s1321_8" word="neuen" lemma="--" pos="ADJA" morph="--"/>
<t id="s1321_9" word="Hauptsitz" lemma="--" pos="NN" morph="--"/>
<t id="s1321_10" word="des" lemma="--" pos="ART" morph="--"/>
<t id="s1321_11" word="Instituts" lemma="--" pos="NN" morph="--"/>
<t id="s1321_12" word="für" lemma="--" pos="APPR" morph="--"/>
<t id="s1321_13" word="Klimafolgenforschung" lemma="--" pos="NN" morph="--"/>
<t id="s1321_14" word="fast" lemma="--" pos="ADV" morph="--"/>
<t id="s1321_15" word="die" lemma="--" pos="ART" morph="--"/>
<t id="s1321_16" word="Tatsache" lemma="--" pos="NN" morph="--"/>
<t id="s1321_17" word="in" lemma="--" pos="APPR" morph="--"/>
<t id="s1321_18" word="Vergessenheit" lemma="--" pos="NN" morph="--"/>
<t id="s1321_19" word="geraten" lemma="--" pos="VVPP" morph="--"/>
<t id="s1321_20" word="," lemma="--" pos="$," morph="--"/>
<t id="s1321_21" word="dass" lemma="--" pos="KOUS" morph="--"/>
<t id="s1321_22" word="dessen" lemma="--" pos="PDS" morph="--"/>
<t id="s1321_23" word="Direktor" lemma="--" pos="NN" morph="--"/>
<t id="s1321_24" word="Schellnhuber" lemma="--" pos="NE" morph="--"/>
<t id="s1321_25" word="kürzlich" lemma="--" pos="ADV" morph="--"/>
<t id="s1321_26" word="um" lemma="--" pos="APPR" morph="--"/>
<t id="s1321_27" word="ein" lemma="--" pos="ART" morph="--"/>
<t id="s1321_28" word="Haar" lemma="--" pos="NN" morph="--"/>
<t id="s1321_29" word="ins" lemma="--" pos="APPRART" morph="--"/>
<t id="s1321_30" word="Ausland" lemma="--" pos="NN" morph="--"/>
<t id="s1321_31" word="abgewandert" lemma="--" pos="VVPP" morph="--"/>
<t id="s1321_32" word="wäre" lemma="--" pos="VAFIN" morph="--"/>
<t id="s1321_33" word="." lemma="--" pos="$." morph="--"/>
</terminals>
<nonterminals>
<nt id="s1321_500" cat="PP">
<edge label="AC" idref="s1321_1"/>
<edge label="NK" idref="s1321_2"/>
<edge label="NK" idref="s1321_3"/>
<edge label="NK" idref="s1321_4"/>
 </nt>
<nt id="s1321_501" cat="PP">
<edge label="AC" idref="s1321_12"/>
<edge label="NK" idref="s1321_13"/>
 </nt>
<nt id="s1321_502" cat="PP">
<edge label="AC" idref="s1321_17"/>
<edge label="NK" idref="s1321_18"/>
 </nt>
<nt id="s1321_503" cat="NP">
<edge label="AG" idref="s1321_22"/>
<edge label="NK" idref="s1321_23"/>
<edge label="NK" idref="s1321_24"/>
 </nt>
<nt id="s1321_504" cat="PP">
<edge label="AC" idref="s1321_26"/>
<edge label="NK" idref="s1321_27"/>
<edge label="NK" idref="s1321_28"/>
 </nt>
<nt id="s1321_505" cat="PP">
<edge label="AC" idref="s1321_29"/>
<edge label="NK" idref="s1321_30"/>
 </nt>
<nt id="s1321_506" cat="NP">
<edge label="NK" idref="s1321_10"/>
<edge label="NK" idref="s1321_11"/>
<edge label="MNR" idref="s1321_501"/>
 </nt>
<nt id="s1321_507" cat="VP">
<edge label="MO" idref="s1321_25"/>
<edge label="HD" idref="s1321_31"/>
<edge label="MO" idref="s1321_504"/>
<edge label="MO" idref="s1321_505"/>
 </nt>
<nt id="s1321_508" cat="PP">
<edge label="AC" idref="s1321_7"/>
<edge label="NK" idref="s1321_8"/>
<edge label="NK" idref="s1321_9"/>
<edge label="AG" idref="s1321_506"/>
 </nt>
<nt id="s1321_509" cat="S">
<edge label="CP" idref="s1321_21"/>
<edge label="HD" idref="s1321_32"/>
<edge label="SB" idref="s1321_503"/>
<edge label="OC" idref="s1321_507"/>
 </nt>
<nt id="s1321_510" cat="VP">
<edge label="MO" idref="s1321_6"/>
<edge label="MO" idref="s1321_14"/>
<edge label="HD" idref="s1321_19"/>
<edge label="MO" idref="s1321_500"/>
<edge label="CVC" idref="s1321_502"/>
<edge label="MO" idref="s1321_508"/>
 </nt>
<nt id="s1321_511" cat="NP">
<edge label="NK" idref="s1321_15"/>
<edge label="NK" idref="s1321_16"/>
<edge label="OC" idref="s1321_509"/>
 </nt>
<nt id="s1321_512" cat="S">
<edge label="HD" idref="s1321_5"/>
<edge label="OC" idref="s1321_510"/>
<edge label="SB" idref="s1321_511"/>
 </nt>
</nonterminals>
</graph>
</s><s xmlns:xsi="http://www.w3.org/2001/XMLSchema-instance" id="s1322" art_id="2609" orig_id="ID_maz-2609">
<graph root="s1322_506">
<terminals>
<t id="s1322_1" word="Dass" lemma="--" pos="KOUS" morph="--"/>
<t id="s1322_2" word="er" lemma="--" pos="PPER" morph="--"/>
<t id="s1322_3" word="doch" lemma="--" pos="ADV" morph="--"/>
<t id="s1322_4" word="geblieben" lemma="--" pos="VVPP" morph="--"/>
<t id="s1322_5" word="ist" lemma="--" pos="VAFIN" morph="--"/>
<t id="s1322_6" word="," lemma="--" pos="$," morph="--"/>
<t id="s1322_7" word="hat" lemma="--" pos="VAFIN" morph="--"/>
<t id="s1322_8" word="vordergründig" lemma="--" pos="ADJD" morph="--"/>
<t id="s1322_9" word="mit" lemma="--" pos="APPR" morph="--"/>
<t id="s1322_10" word="mehr" lemma="--" pos="PIAT" morph="--"/>
<t id="s1322_11" word="Geld" lemma="--" pos="NN" morph="--"/>
<t id="s1322_12" word="fürs" lemma="--" pos="APPRART" morph="--"/>
<t id="s1322_13" word="Institut" lemma="--" pos="NN" morph="--"/>
<t id="s1322_14" word="zu" lemma="--" pos="PTKZU" morph="--"/>
<t id="s1322_15" word="tun" lemma="--" pos="VVINF" morph="--"/>
<t id="s1322_16" word=":" lemma="--" pos="$." morph="--"/>
</terminals>
<nonterminals>
<nt id="s1322_500" cat="VP">
<edge label="MO" idref="s1322_3"/>
<edge label="HD" idref="s1322_4"/>
 </nt>
<nt id="s1322_501" cat="PP">
<edge label="AC" idref="s1322_12"/>
<edge label="NK" idref="s1322_13"/>
 </nt>
<nt id="s1322_502" cat="VZ">
<edge label="PM" idref="s1322_14"/>
<edge label="HD" idref="s1322_15"/>
 </nt>
<nt id="s1322_503" cat="S">
<edge label="CP" idref="s1322_1"/>
<edge label="SB" idref="s1322_2"/>
<edge label="HD" idref="s1322_5"/>
<edge label="OC" idref="s1322_500"/>
 </nt>
<nt id="s1322_504" cat="PP">
<edge label="AC" idref="s1322_9"/>
<edge label="NK" idref="s1322_10"/>
<edge label="NK" idref="s1322_11"/>
<edge label="MNR" idref="s1322_501"/>
 </nt>
<nt id="s1322_505" cat="VP">
<edge label="MO" idref="s1322_8"/>
<edge label="HD" idref="s1322_502"/>
<edge label="MO" idref="s1322_504"/>
 </nt>
<nt id="s1322_506" cat="S">
<edge label="HD" idref="s1322_7"/>
<edge label="SB" idref="s1322_503"/>
<edge label="OC" idref="s1322_505"/>
 </nt>
</nonterminals>
</graph>
</s><s xmlns:xsi="http://www.w3.org/2001/XMLSchema-instance" id="s1323" art_id="2609" orig_id="ID_maz-2609">
<graph root="s1323_506">
<terminals>
<t id="s1323_1" word="Wieso" lemma="--" pos="PWAV" morph="--"/>
<t id="s1323_2" word="Spitzenforscher" lemma="--" pos="NN" morph="--"/>
<t id="s1323_3" word="aus" lemma="--" pos="APPR" morph="--"/>
<t id="s1323_4" word="aller" lemma="--" pos="PIAT" morph="--"/>
<t id="s1323_5" word="Welt" lemma="--" pos="NN" morph="--"/>
<t id="s1323_6" word="in" lemma="--" pos="APPR" morph="--"/>
<t id="s1323_7" word="Potsdam" lemma="--" pos="NE" morph="--"/>
<t id="s1323_8" word="arbeiten" lemma="--" pos="VVINF" morph="--"/>
<t id="s1323_9" word="wollen" lemma="--" pos="VMFIN" morph="--"/>
<t id="s1323_10" word="," lemma="--" pos="$," morph="--"/>
<t id="s1323_11" word="erklärt" lemma="--" pos="VVFIN" morph="--"/>
<t id="s1323_12" word="das" lemma="--" pos="PDS" morph="--"/>
<t id="s1323_13" word="alleine" lemma="--" pos="ADV" morph="--"/>
<t id="s1323_14" word="nicht" lemma="--" pos="PTKNEG" morph="--"/>
<t id="s1323_15" word="." lemma="--" pos="$." morph="--"/>
</terminals>
<nonterminals>
<nt id="s1323_500" cat="PP">
<edge label="AC" idref="s1323_3"/>
<edge label="NK" idref="s1323_4"/>
<edge label="NK" idref="s1323_5"/>
 </nt>
<nt id="s1323_501" cat="PP">
<edge label="AC" idref="s1323_6"/>
<edge label="NK" idref="s1323_7"/>
 </nt>
<nt id="s1323_502" cat="NP">
<edge label="NK" idref="s1323_12"/>
<edge label="MO" idref="s1323_13"/>
 </nt>
<nt id="s1323_503" cat="NP">
<edge label="NK" idref="s1323_2"/>
<edge label="MNR" idref="s1323_500"/>
 </nt>
<nt id="s1323_504" cat="VP">
<edge label="HD" idref="s1323_8"/>
<edge label="MO" idref="s1323_501"/>
 </nt>
<nt id="s1323_505" cat="S">
<edge label="MO" idref="s1323_1"/>
<edge label="HD" idref="s1323_9"/>
<edge label="SB" idref="s1323_503"/>
<edge label="OC" idref="s1323_504"/>
 </nt>
<nt id="s1323_506" cat="S">
<edge label="HD" idref="s1323_11"/>
<edge label="NG" idref="s1323_14"/>
<edge label="SB" idref="s1323_502"/>
<edge label="OC" idref="s1323_505"/>
 </nt>
</nonterminals>
</graph>
</s><s xmlns:xsi="http://www.w3.org/2001/XMLSchema-instance" id="s1324" art_id="2609" orig_id="ID_maz-2609">
<graph root="s1324_501">
<terminals>
<t id="s1324_1" word="Die" lemma="--" pos="ART" morph="--"/>
<t id="s1324_2" word="Stadt" lemma="--" pos="NN" morph="--"/>
<t id="s1324_3" word="hat" lemma="--" pos="VAFIN" morph="--"/>
<t id="s1324_4" word="was" lemma="--" pos="PIS" morph="--"/>
<t id="s1324_5" word="." lemma="--" pos="$." morph="--"/>
</terminals>
<nonterminals>
<nt id="s1324_500" cat="NP">
<edge label="NK" idref="s1324_1"/>
<edge label="NK" idref="s1324_2"/>
 </nt>
<nt id="s1324_501" cat="S">
<edge label="HD" idref="s1324_3"/>
<edge label="OA" idref="s1324_4"/>
<edge label="SB" idref="s1324_500"/>
 </nt>
</nonterminals>
</graph>
</s><s xmlns:xsi="http://www.w3.org/2001/XMLSchema-instance" id="s1325" art_id="2609" orig_id="ID_maz-2609">
<graph root="s1325_500">
<terminals>
<t id="s1325_1" word="Aber" lemma="--" pos="KON" morph="--"/>
<t id="s1325_2" word="was" lemma="--" pos="PWS" morph="--"/>
<t id="s1325_3" word="?" lemma="--" pos="$." morph="--"/>
</terminals>
<nonterminals>
<nt id="s1325_500" cat="S">
<edge label="JU" idref="s1325_1"/>
<edge label="SB" idref="s1325_2"/>
 </nt>
</nonterminals>
</graph>
</s><s xmlns:xsi="http://www.w3.org/2001/XMLSchema-instance" id="s1326" art_id="2609" orig_id="ID_maz-2609">
<graph root="s1326_508">
<terminals>
<t id="s1326_1" word="Legendäre" lemma="--" pos="ADJA" morph="--"/>
<t id="s1326_2" word="Wissenschaftstempel" lemma="--" pos="NN" morph="--"/>
<t id="s1326_3" word="wie" lemma="--" pos="KOKOM" morph="--"/>
<t id="s1326_4" word="das" lemma="--" pos="ART" morph="--"/>
<t id="s1326_5" word="astrophysikalische" lemma="--" pos="ADJA" morph="--"/>
<t id="s1326_6" word="Institut" lemma="--" pos="NN" morph="--"/>
<t id="s1326_7" word="haben" lemma="--" pos="VAFIN" morph="--"/>
<t id="s1326_8" word="Tradition" lemma="--" pos="NN" morph="--"/>
<t id="s1326_9" word="und" lemma="--" pos="KON" morph="--"/>
<t id="s1326_10" word="Flair" lemma="--" pos="NN" morph="--"/>
<t id="s1326_11" word="-" lemma="--" pos="$(" morph="--"/>
<t id="s1326_12" word="das" lemma="--" pos="PDS" morph="--"/>
<t id="s1326_13" word="treibt" lemma="--" pos="VVFIN" morph="--"/>
<t id="s1326_14" word="dem" lemma="--" pos="ART" morph="--"/>
<t id="s1326_15" word="ehemaligen" lemma="--" pos="ADJA" morph="--"/>
<t id="s1326_16" word="AIP-Direktor" lemma="--" pos="NN" morph="--"/>
<t id="s1326_17" word="Hasinger" lemma="--" pos="NE" morph="--"/>
<t id="s1326_18" word="die" lemma="--" pos="ART" morph="--"/>
<t id="s1326_19" word="Gänsehaut" lemma="--" pos="NN" morph="--"/>
<t id="s1326_20" word="in" lemma="--" pos="APPR" morph="--"/>
<t id="s1326_21" word="den" lemma="--" pos="ART" morph="--"/>
<t id="s1326_22" word="Nacken" lemma="--" pos="NN" morph="--"/>
<t id="s1326_23" word="." lemma="--" pos="$." morph="--"/>
</terminals>
<nonterminals>
<nt id="s1326_500" cat="NP">
<edge label="CM" idref="s1326_3"/>
<edge label="NK" idref="s1326_4"/>
<edge label="NK" idref="s1326_5"/>
<edge label="NK" idref="s1326_6"/>
 </nt>
<nt id="s1326_501" cat="CNP">
<edge label="CJ" idref="s1326_8"/>
<edge label="CD" idref="s1326_9"/>
<edge label="CJ" idref="s1326_10"/>
 </nt>
<nt id="s1326_502" cat="NP">
<edge label="NK" idref="s1326_14"/>
<edge label="NK" idref="s1326_15"/>
<edge label="NK" idref="s1326_16"/>
<edge label="NK" idref="s1326_17"/>
 </nt>
<nt id="s1326_503" cat="NP">
<edge label="NK" idref="s1326_18"/>
<edge label="NK" idref="s1326_19"/>
 </nt>
<nt id="s1326_504" cat="PP">
<edge label="AC" idref="s1326_20"/>
<edge label="NK" idref="s1326_21"/>
<edge label="NK" idref="s1326_22"/>
 </nt>
<nt id="s1326_505" cat="NP">
<edge label="NK" idref="s1326_1"/>
<edge label="NK" idref="s1326_2"/>
<edge label="CC" idref="s1326_500"/>
 </nt>
<nt id="s1326_506" cat="S">
<edge label="SB" idref="s1326_12"/>
<edge label="HD" idref="s1326_13"/>
<edge label="DA" idref="s1326_502"/>
<edge label="OA" idref="s1326_503"/>
<edge label="MO" idref="s1326_504"/>
 </nt>
<nt id="s1326_507" cat="S">
<edge label="HD" idref="s1326_7"/>
<edge label="OA" idref="s1326_501"/>
<edge label="SB" idref="s1326_505"/>
 </nt>
<nt id="s1326_508" cat="CS">
<edge label="CJ" idref="s1326_506"/>
<edge label="CJ" idref="s1326_507"/>
 </nt>
</nonterminals>
</graph>
</s><s xmlns:xsi="http://www.w3.org/2001/XMLSchema-instance" id="s1327" art_id="2609" orig_id="ID_maz-2609">
<graph root="s1327_506">
<terminals>
<t id="s1327_1" word="Die" lemma="--" pos="ART" morph="--"/>
<t id="s1327_2" word="Nähe" lemma="--" pos="NN" morph="--"/>
<t id="s1327_3" word="zur" lemma="--" pos="APPRART" morph="--"/>
<t id="s1327_4" word="Landesregierung" lemma="--" pos="NN" morph="--"/>
<t id="s1327_5" word="ist" lemma="--" pos="VAFIN" morph="--"/>
<t id="s1327_6" word="ein" lemma="--" pos="ART" morph="--"/>
<t id="s1327_7" word="Standortvorteil" lemma="--" pos="NN" morph="--"/>
<t id="s1327_8" word="," lemma="--" pos="$," morph="--"/>
<t id="s1327_9" word="wie" lemma="--" pos="PWAV" morph="--"/>
<t id="s1327_10" word="das" lemma="--" pos="ART" morph="--"/>
<t id="s1327_11" word="Tauziehen" lemma="--" pos="NN" morph="--"/>
<t id="s1327_12" word="um" lemma="--" pos="APPR" morph="--"/>
<t id="s1327_13" word="Schellnhuber" lemma="--" pos="NE" morph="--"/>
<t id="s1327_14" word="beweist" lemma="--" pos="VVFIN" morph="--"/>
<t id="s1327_15" word="." lemma="--" pos="$." morph="--"/>
</terminals>
<nonterminals>
<nt id="s1327_500" cat="PP">
<edge label="AC" idref="s1327_3"/>
<edge label="NK" idref="s1327_4"/>
 </nt>
<nt id="s1327_501" cat="NP">
<edge label="NK" idref="s1327_6"/>
<edge label="NK" idref="s1327_7"/>
 </nt>
<nt id="s1327_502" cat="PP">
<edge label="AC" idref="s1327_12"/>
<edge label="NK" idref="s1327_13"/>
 </nt>
<nt id="s1327_503" cat="NP">
<edge label="NK" idref="s1327_1"/>
<edge label="NK" idref="s1327_2"/>
<edge label="MNR" idref="s1327_500"/>
 </nt>
<nt id="s1327_504" cat="NP">
<edge label="NK" idref="s1327_10"/>
<edge label="NK" idref="s1327_11"/>
<edge label="MNR" idref="s1327_502"/>
 </nt>
<nt id="s1327_505" cat="S">
<edge label="MO" idref="s1327_9"/>
<edge label="HD" idref="s1327_14"/>
<edge label="SB" idref="s1327_504"/>
 </nt>
<nt id="s1327_506" cat="S">
<edge label="HD" idref="s1327_5"/>
<edge label="PD" idref="s1327_501"/>
<edge label="SB" idref="s1327_503"/>
<edge label="MO" idref="s1327_505"/>
 </nt>
</nonterminals>
</graph>
</s><s xmlns:xsi="http://www.w3.org/2001/XMLSchema-instance" id="s1328" art_id="2609" orig_id="ID_maz-2609">
<graph root="s1328_512">
<terminals>
<t id="s1328_1" word="Und" lemma="--" pos="KON" morph="--"/>
<t id="s1328_2" word="kaum" lemma="--" pos="ADV" morph="--"/>
<t id="s1328_3" word="eine" lemma="--" pos="ART" morph="--"/>
<t id="s1328_4" word="Region" lemma="--" pos="NN" morph="--"/>
<t id="s1328_5" word="Deutschlands" lemma="--" pos="NE" morph="--"/>
<t id="s1328_6" word="hat" lemma="--" pos="VAFIN" morph="--"/>
<t id="s1328_7" word="ein" lemma="--" pos="ART" morph="--"/>
<t id="s1328_8" word="derart" lemma="--" pos="ADV" morph="--"/>
<t id="s1328_9" word="dichtes" lemma="--" pos="ADJA" morph="--"/>
<t id="s1328_10" word="Netz" lemma="--" pos="NN" morph="--"/>
<t id="s1328_11" word="von" lemma="--" pos="APPR" morph="--"/>
<t id="s1328_12" word="kooperierenden" lemma="--" pos="ADJA" morph="--"/>
<t id="s1328_13" word="Wissenschaftseinrichtungen" lemma="--" pos="NN" morph="--"/>
<t id="s1328_14" word="zu" lemma="--" pos="PTKZU" morph="--"/>
<t id="s1328_15" word="bieten" lemma="--" pos="VVINF" morph="--"/>
<t id="s1328_16" word="-" lemma="--" pos="$(" morph="--"/>
<t id="s1328_17" word="der" lemma="--" pos="ART" morph="--"/>
<t id="s1328_18" word="Erfolg" lemma="--" pos="NN" morph="--"/>
<t id="s1328_19" word="des" lemma="--" pos="ART" morph="--"/>
<t id="s1328_20" word="interdisziplinären" lemma="--" pos="ADJA" morph="--"/>
<t id="s1328_21" word="Helmholtz-Instituts" lemma="--" pos="NN" morph="--"/>
<t id="s1328_22" word="für" lemma="--" pos="APPR" morph="--"/>
<t id="s1328_23" word="die" lemma="--" pos="ART" morph="--"/>
<t id="s1328_24" word="Schulung" lemma="--" pos="NN" morph="--"/>
<t id="s1328_25" word="an" lemma="--" pos="APPR" morph="--"/>
<t id="s1328_26" word="Supercomputern" lemma="--" pos="NN" morph="--"/>
<t id="s1328_27" word="spricht" lemma="--" pos="VVFIN" morph="--"/>
<t id="s1328_28" word="Bände" lemma="--" pos="NN" morph="--"/>
<t id="s1328_29" word="." lemma="--" pos="$." morph="--"/>
</terminals>
<nonterminals>
<nt id="s1328_500" cat="NP">
<edge label="MO" idref="s1328_2"/>
<edge label="NK" idref="s1328_3"/>
<edge label="NK" idref="s1328_4"/>
<edge label="AG" idref="s1328_5"/>
 </nt>
<nt id="s1328_501" cat="AP">
<edge label="MO" idref="s1328_8"/>
<edge label="HD" idref="s1328_9"/>
 </nt>
<nt id="s1328_502" cat="PP">
<edge label="AC" idref="s1328_11"/>
<edge label="NK" idref="s1328_12"/>
<edge label="NK" idref="s1328_13"/>
 </nt>
<nt id="s1328_503" cat="VZ">
<edge label="PM" idref="s1328_14"/>
<edge label="HD" idref="s1328_15"/>
 </nt>
<nt id="s1328_504" cat="NP">
<edge label="NK" idref="s1328_19"/>
<edge label="NK" idref="s1328_20"/>
<edge label="NK" idref="s1328_21"/>
 </nt>
<nt id="s1328_505" cat="PP">
<edge label="AC" idref="s1328_25"/>
<edge label="NK" idref="s1328_26"/>
 </nt>
<nt id="s1328_506" cat="NP">
<edge label="NK" idref="s1328_7"/>
<edge label="NK" idref="s1328_10"/>
<edge label="NK" idref="s1328_501"/>
<edge label="PG" idref="s1328_502"/>
 </nt>
<nt id="s1328_507" cat="PP">
<edge label="AC" idref="s1328_22"/>
<edge label="NK" idref="s1328_23"/>
<edge label="NK" idref="s1328_24"/>
<edge label="MNR" idref="s1328_505"/>
 </nt>
<nt id="s1328_508" cat="VP">
<edge label="HD" idref="s1328_503"/>
<edge label="OA" idref="s1328_506"/>
 </nt>
<nt id="s1328_509" cat="NP">
<edge label="NK" idref="s1328_17"/>
<edge label="NK" idref="s1328_18"/>
<edge label="AG" idref="s1328_504"/>
<edge label="MNR" idref="s1328_507"/>
 </nt>
<nt id="s1328_510" cat="S">
<edge label="JU" idref="s1328_1"/>
<edge label="HD" idref="s1328_6"/>
<edge label="SB" idref="s1328_500"/>
<edge label="OC" idref="s1328_508"/>
 </nt>
<nt id="s1328_511" cat="S">
<edge label="HD" idref="s1328_27"/>
<edge label="OA" idref="s1328_28"/>
<edge label="SB" idref="s1328_509"/>
 </nt>
<nt id="s1328_512" cat="CS">
<edge label="CJ" idref="s1328_510"/>
<edge label="CJ" idref="s1328_511"/>
 </nt>
</nonterminals>
</graph>
</s><s xmlns:xsi="http://www.w3.org/2001/XMLSchema-instance" id="s1329" art_id="2609" orig_id="ID_maz-2609">
<graph root="s1329_503">
<terminals>
<t id="s1329_1" word="Nun" lemma="--" pos="ADV" morph="--"/>
<t id="s1329_2" word="kommt" lemma="--" pos="VVFIN" morph="--"/>
<t id="s1329_3" word="es" lemma="--" pos="PPER" morph="--"/>
<t id="s1329_4" word="darauf" lemma="--" pos="PROAV" morph="--"/>
<t id="s1329_5" word="an" lemma="--" pos="PTKVZ" morph="--"/>
<t id="s1329_6" word="," lemma="--" pos="$," morph="--"/>
<t id="s1329_7" word="sich" lemma="--" pos="PRF" morph="--"/>
<t id="s1329_8" word="nicht" lemma="--" pos="PTKNEG" morph="--"/>
<t id="s1329_9" word="auf" lemma="--" pos="APPR" morph="--"/>
<t id="s1329_10" word="Einsteins" lemma="--" pos="NE" morph="--"/>
<t id="s1329_11" word="Lorbeeren" lemma="--" pos="NN" morph="--"/>
<t id="s1329_12" word="auszuruhen" lemma="--" pos="VVIZU" morph="--"/>
<t id="s1329_13" word="." lemma="--" pos="$." morph="--"/>
</terminals>
<nonterminals>
<nt id="s1329_500" cat="PP">
<edge label="AC" idref="s1329_9"/>
<edge label="AG" idref="s1329_10"/>
<edge label="NK" idref="s1329_11"/>
 </nt>
<nt id="s1329_501" cat="VP">
<edge label="OA" idref="s1329_7"/>
<edge label="NG" idref="s1329_8"/>
<edge label="HD" idref="s1329_12"/>
<edge label="MO" idref="s1329_500"/>
 </nt>
<nt id="s1329_502" cat="PP">
<edge label="PH" idref="s1329_4"/>
<edge label="RE" idref="s1329_501"/>
 </nt>
<nt id="s1329_503" cat="S">
<edge label="MO" idref="s1329_1"/>
<edge label="HD" idref="s1329_2"/>
<edge label="SB" idref="s1329_3"/>
<edge label="SVP" idref="s1329_5"/>
<edge label="OP" idref="s1329_502"/>
 </nt>
</nonterminals>
</graph>
</s><s xmlns:xsi="http://www.w3.org/2001/XMLSchema-instance" id="s1330" art_id="2609" orig_id="ID_maz-2609">
<graph root="s1330_501">
<terminals>
<t id="s1330_1" word="Denn" lemma="--" pos="KON" morph="--"/>
<t id="s1330_2" word="weiche" lemma="--" pos="ADJA" morph="--"/>
<t id="s1330_3" word="Standortfaktoren" lemma="--" pos="NN" morph="--"/>
<t id="s1330_4" word="allein" lemma="--" pos="ADV" morph="--"/>
<t id="s1330_5" word="reichen" lemma="--" pos="VVFIN" morph="--"/>
<t id="s1330_6" word="nicht" lemma="--" pos="PTKNEG" morph="--"/>
<t id="s1330_7" word="aus" lemma="--" pos="PTKVZ" morph="--"/>
<t id="s1330_8" word="." lemma="--" pos="$." morph="--"/>
</terminals>
<nonterminals>
<nt id="s1330_500" cat="NP">
<edge label="NK" idref="s1330_2"/>
<edge label="NK" idref="s1330_3"/>
<edge label="MO" idref="s1330_4"/>
 </nt>
<nt id="s1330_501" cat="S">
<edge label="JU" idref="s1330_1"/>
<edge label="HD" idref="s1330_5"/>
<edge label="NG" idref="s1330_6"/>
<edge label="SVP" idref="s1330_7"/>
<edge label="SB" idref="s1330_500"/>
 </nt>
</nonterminals>
</graph>
</s><s xmlns:xsi="http://www.w3.org/2001/XMLSchema-instance" id="s1331" art_id="2609" orig_id="ID_maz-2609">
<graph root="s1331_503">
<terminals>
<t id="s1331_1" word="Brandenburg" lemma="--" pos="NE" morph="--"/>
<t id="s1331_2" word="muss" lemma="--" pos="VMFIN" morph="--"/>
<t id="s1331_3" word="endlich" lemma="--" pos="ADV" morph="--"/>
<t id="s1331_4" word="die" lemma="--" pos="ART" morph="--"/>
<t id="s1331_5" word="rote" lemma="--" pos="ADJA" morph="--"/>
<t id="s1331_6" word="Laterne" lemma="--" pos="NN" morph="--"/>
<t id="s1331_7" word="in" lemma="--" pos="APPR" morph="--"/>
<t id="s1331_8" word="der" lemma="--" pos="ART" morph="--"/>
<t id="s1331_9" word="Wissenschaftsförderung" lemma="--" pos="NN" morph="--"/>
<t id="s1331_10" word="abgeben" lemma="--" pos="VVINF" morph="--"/>
<t id="s1331_11" word="." lemma="--" pos="$." morph="--"/>
</terminals>
<nonterminals>
<nt id="s1331_500" cat="PP">
<edge label="AC" idref="s1331_7"/>
<edge label="NK" idref="s1331_8"/>
<edge label="NK" idref="s1331_9"/>
 </nt>
<nt id="s1331_501" cat="NP">
<edge label="NK" idref="s1331_4"/>
<edge label="NK" idref="s1331_5"/>
<edge label="NK" idref="s1331_6"/>
<edge label="MNR" idref="s1331_500"/>
 </nt>
<nt id="s1331_502" cat="VP">
<edge label="HD" idref="s1331_10"/>
<edge label="OA" idref="s1331_501"/>
 </nt>
<nt id="s1331_503" cat="S">
<edge label="SB" idref="s1331_1"/>
<edge label="HD" idref="s1331_2"/>
<edge label="MO" idref="s1331_3"/>
<edge label="OC" idref="s1331_502"/>
 </nt>
</nonterminals>
</graph>
</s></body></corpus>
