<?xml version="1.0" encoding="utf-8" standalone="yes"?>
<corpus id="ID_maz-3080">
<body>
<s xmlns:xsi="http://www.w3.org/2001/XMLSchema-instance" id="s1367" art_id="3080" orig_id="ID_maz-3080">
<graph root="s1367_500">
<terminals>
<t id="s1367_1" word="Falsche" lemma="--" pos="ADJA" morph="--"/>
<t id="s1367_2" word="Bilder" lemma="--" pos="NN" morph="--"/>
</terminals>
<nonterminals>
<nt id="s1367_500" cat="NP">
<edge label="NK" idref="s1367_1"/>
<edge label="NK" idref="s1367_2"/>
 </nt>
</nonterminals>
</graph>
</s><s xmlns:xsi="http://www.w3.org/2001/XMLSchema-instance" id="s1368" art_id="3080" orig_id="ID_maz-3080">
<graph root="s1368_511">
<terminals>
<t id="s1368_1" word="Das" lemma="--" pos="ART" morph="--"/>
<t id="s1368_2" word="Zusammenleben" lemma="--" pos="NN" morph="--"/>
<t id="s1368_3" word="von" lemma="--" pos="APPR" morph="--"/>
<t id="s1368_4" word="Ausländern" lemma="--" pos="NN" morph="--"/>
<t id="s1368_5" word="und" lemma="--" pos="KON" morph="--"/>
<t id="s1368_6" word="Deutschen" lemma="--" pos="NN" morph="--"/>
<t id="s1368_7" word="hier" lemma="--" pos="ADV" morph="--"/>
<t id="s1368_8" word="in" lemma="--" pos="APPR" morph="--"/>
<t id="s1368_9" word="Brandenburg" lemma="--" pos="NE" morph="--"/>
<t id="s1368_10" word="," lemma="--" pos="$," morph="--"/>
<t id="s1368_11" word="wo" lemma="--" pos="PWAV" morph="--"/>
<t id="s1368_12" word="der" lemma="--" pos="ART" morph="--"/>
<t id="s1368_13" word="Anteil" lemma="--" pos="NN" morph="--"/>
<t id="s1368_14" word="der" lemma="--" pos="ART" morph="--"/>
<t id="s1368_15" word="Menschen" lemma="--" pos="NN" morph="--"/>
<t id="s1368_16" word="aus" lemma="--" pos="APPR" morph="--"/>
<t id="s1368_17" word="anderen" lemma="--" pos="ADJA" morph="--"/>
<t id="s1368_18" word="Ländern" lemma="--" pos="NN" morph="--"/>
<t id="s1368_19" word="verschwindend" lemma="--" pos="ADJD" morph="--"/>
<t id="s1368_20" word="gering" lemma="--" pos="ADJD" morph="--"/>
<t id="s1368_21" word="ist" lemma="--" pos="VAFIN" morph="--"/>
<t id="s1368_22" word="," lemma="--" pos="$," morph="--"/>
<t id="s1368_23" word="war" lemma="--" pos="VAFIN" morph="--"/>
<t id="s1368_24" word="auch" lemma="--" pos="ADV" morph="--"/>
<t id="s1368_25" word="vor" lemma="--" pos="APPR" morph="--"/>
<t id="s1368_26" word="dem" lemma="--" pos="ART" morph="--"/>
<t id="s1368_27" word="11." lemma="--" pos="ADJA" morph="--"/>
<t id="s1368_28" word="September" lemma="--" pos="NN" morph="--"/>
<t id="s1368_29" word="2001" lemma="--" pos="CARD" morph="--"/>
<t id="s1368_30" word="nicht" lemma="--" pos="PTKNEG" morph="--"/>
<t id="s1368_31" word="ohne" lemma="--" pos="APPR" morph="--"/>
<t id="s1368_32" word="Probleme" lemma="--" pos="NN" morph="--"/>
<t id="s1368_33" word="." lemma="--" pos="$." morph="--"/>
</terminals>
<nonterminals>
<nt id="s1368_500" cat="CNP">
<edge label="CJ" idref="s1368_4"/>
<edge label="CD" idref="s1368_5"/>
<edge label="CJ" idref="s1368_6"/>
 </nt>
<nt id="s1368_501" cat="PP">
<edge label="AC" idref="s1368_16"/>
<edge label="NK" idref="s1368_17"/>
<edge label="NK" idref="s1368_18"/>
 </nt>
<nt id="s1368_502" cat="AP">
<edge label="MO" idref="s1368_19"/>
<edge label="HD" idref="s1368_20"/>
 </nt>
<nt id="s1368_503" cat="PP">
<edge label="MO" idref="s1368_24"/>
<edge label="AC" idref="s1368_25"/>
<edge label="NK" idref="s1368_26"/>
<edge label="NK" idref="s1368_27"/>
<edge label="NK" idref="s1368_28"/>
<edge label="NK" idref="s1368_29"/>
 </nt>
<nt id="s1368_504" cat="PP">
<edge label="AC" idref="s1368_31"/>
<edge label="NK" idref="s1368_32"/>
 </nt>
<nt id="s1368_505" cat="PP">
<edge label="AC" idref="s1368_3"/>
<edge label="NK" idref="s1368_500"/>
 </nt>
<nt id="s1368_506" cat="NP">
<edge label="NK" idref="s1368_14"/>
<edge label="NK" idref="s1368_15"/>
<edge label="MNR" idref="s1368_501"/>
 </nt>
<nt id="s1368_507" cat="NP">
<edge label="NK" idref="s1368_12"/>
<edge label="NK" idref="s1368_13"/>
<edge label="AG" idref="s1368_506"/>
 </nt>
<nt id="s1368_508" cat="S">
<edge label="MO" idref="s1368_11"/>
<edge label="HD" idref="s1368_21"/>
<edge label="PD" idref="s1368_502"/>
<edge label="SB" idref="s1368_507"/>
 </nt>
<nt id="s1368_509" cat="PP">
<edge label="MO" idref="s1368_7"/>
<edge label="AC" idref="s1368_8"/>
<edge label="NK" idref="s1368_9"/>
<edge label="RC" idref="s1368_508"/>
 </nt>
<nt id="s1368_510" cat="NP">
<edge label="NK" idref="s1368_1"/>
<edge label="NK" idref="s1368_2"/>
<edge label="PG" idref="s1368_505"/>
<edge label="MNR" idref="s1368_509"/>
 </nt>
<nt id="s1368_511" cat="S">
<edge label="HD" idref="s1368_23"/>
<edge label="NG" idref="s1368_30"/>
<edge label="MO" idref="s1368_503"/>
<edge label="MO" idref="s1368_504"/>
<edge label="SB" idref="s1368_510"/>
 </nt>
</nonterminals>
</graph>
</s><s xmlns:xsi="http://www.w3.org/2001/XMLSchema-instance" id="s1369" art_id="3080" orig_id="ID_maz-3080">
<graph root="s1369_500">
<terminals>
<t id="s1369_1" word="Im" lemma="--" pos="APPRART" morph="--"/>
<t id="s1369_2" word="Gegenteil" lemma="--" pos="NN" morph="--"/>
<t id="s1369_3" word="." lemma="--" pos="$." morph="--"/>
</terminals>
<nonterminals>
<nt id="s1369_500" cat="PP">
<edge label="AC" idref="s1369_1"/>
<edge label="NK" idref="s1369_2"/>
 </nt>
</nonterminals>
</graph>
</s><s xmlns:xsi="http://www.w3.org/2001/XMLSchema-instance" id="s1370" art_id="3080" orig_id="ID_maz-3080">
<graph root="s1370_510">
<terminals>
<t id="s1370_1" word="Wer" lemma="--" pos="PWS" morph="--"/>
<t id="s1370_2" word="etwa" lemma="--" pos="ADV" morph="--"/>
<t id="s1370_3" word="in" lemma="--" pos="APPR" morph="--"/>
<t id="s1370_4" word="den" lemma="--" pos="ART" morph="--"/>
<t id="s1370_5" word="alten" lemma="--" pos="ADJA" morph="--"/>
<t id="s1370_6" word="Bundesländern" lemma="--" pos="NN" morph="--"/>
<t id="s1370_7" word="unterwegs" lemma="--" pos="ADV" morph="--"/>
<t id="s1370_8" word="war" lemma="--" pos="VAFIN" morph="--"/>
<t id="s1370_9" word="," lemma="--" pos="$," morph="--"/>
<t id="s1370_10" word="der" lemma="--" pos="PDS" morph="--"/>
<t id="s1370_11" word="musste" lemma="--" pos="VMFIN" morph="--"/>
<t id="s1370_12" word="erleben" lemma="--" pos="VVINF" morph="--"/>
<t id="s1370_13" word="," lemma="--" pos="$," morph="--"/>
<t id="s1370_14" word="dass" lemma="--" pos="KOUS" morph="--"/>
<t id="s1370_15" word="&quot;" lemma="--" pos="$(" morph="--"/>
<t id="s1370_16" word="Brandenburg" lemma="--" pos="NE" morph="--"/>
<t id="s1370_17" word="&quot;" lemma="--" pos="$(" morph="--"/>
<t id="s1370_18" word="und" lemma="--" pos="KON" morph="--"/>
<t id="s1370_19" word="&quot;" lemma="--" pos="$(" morph="--"/>
<t id="s1370_20" word="Ausländerfeindlichkeit" lemma="--" pos="NN" morph="--"/>
<t id="s1370_21" word="&quot;" lemma="--" pos="$(" morph="--"/>
<t id="s1370_22" word="oft" lemma="--" pos="ADV" morph="--"/>
<t id="s1370_23" word="als" lemma="--" pos="APPR" morph="--"/>
<t id="s1370_24" word="Synonyme" lemma="--" pos="NN" morph="--"/>
<t id="s1370_25" word="betrachtet" lemma="--" pos="VVPP" morph="--"/>
<t id="s1370_26" word="wurden" lemma="--" pos="VAFIN" morph="--"/>
<t id="s1370_27" word="-" lemma="--" pos="$(" morph="--"/>
<t id="s1370_28" word="durchaus" lemma="--" pos="ADV" morph="--"/>
<t id="s1370_29" word="kein" lemma="--" pos="PIAT" morph="--"/>
<t id="s1370_30" word="angenehmer" lemma="--" pos="ADJA" morph="--"/>
<t id="s1370_31" word="Zustand" lemma="--" pos="NN" morph="--"/>
<t id="s1370_32" word="." lemma="--" pos="$." morph="--"/>
</terminals>
<nonterminals>
<nt id="s1370_500" cat="PP">
<edge label="MO" idref="s1370_2"/>
<edge label="AC" idref="s1370_3"/>
<edge label="NK" idref="s1370_4"/>
<edge label="NK" idref="s1370_5"/>
<edge label="NK" idref="s1370_6"/>
 </nt>
<nt id="s1370_501" cat="CNP">
<edge label="CJ" idref="s1370_16"/>
<edge label="CD" idref="s1370_18"/>
<edge label="CJ" idref="s1370_20"/>
 </nt>
<nt id="s1370_502" cat="PP">
<edge label="AC" idref="s1370_23"/>
<edge label="NK" idref="s1370_24"/>
 </nt>
<nt id="s1370_503" cat="NP">
<edge label="NK" idref="s1370_29"/>
<edge label="NK" idref="s1370_30"/>
<edge label="NK" idref="s1370_31"/>
 </nt>
<nt id="s1370_504" cat="S">
<edge label="SB" idref="s1370_1"/>
<edge label="MO" idref="s1370_7"/>
<edge label="HD" idref="s1370_8"/>
<edge label="MO" idref="s1370_500"/>
 </nt>
<nt id="s1370_505" cat="VP">
<edge label="MO" idref="s1370_22"/>
<edge label="HD" idref="s1370_25"/>
<edge label="MO" idref="s1370_502"/>
 </nt>
<nt id="s1370_506" cat="S">
<edge label="MO" idref="s1370_28"/>
<edge label="PD" idref="s1370_503"/>
 </nt>
<nt id="s1370_507" cat="NP">
<edge label="PH" idref="s1370_10"/>
<edge label="RE" idref="s1370_504"/>
 </nt>
<nt id="s1370_508" cat="S">
<edge label="CP" idref="s1370_14"/>
<edge label="HD" idref="s1370_26"/>
<edge label="SB" idref="s1370_501"/>
<edge label="OC" idref="s1370_505"/>
<edge label="PAR" idref="s1370_506"/>
 </nt>
<nt id="s1370_509" cat="VP">
<edge label="HD" idref="s1370_12"/>
<edge label="OC" idref="s1370_508"/>
 </nt>
<nt id="s1370_510" cat="S">
<edge label="HD" idref="s1370_11"/>
<edge label="SB" idref="s1370_507"/>
<edge label="OC" idref="s1370_509"/>
 </nt>
</nonterminals>
</graph>
</s><s xmlns:xsi="http://www.w3.org/2001/XMLSchema-instance" id="s1371" art_id="3080" orig_id="ID_maz-3080">
<graph root="s1371_504">
<terminals>
<t id="s1371_1" word="Nach" lemma="--" pos="APPR" morph="--"/>
<t id="s1371_2" word="den" lemma="--" pos="ART" morph="--"/>
<t id="s1371_3" word="Anschlägen" lemma="--" pos="NN" morph="--"/>
<t id="s1371_4" word="in" lemma="--" pos="APPR" morph="--"/>
<t id="s1371_5" word="Amerika" lemma="--" pos="NE" morph="--"/>
<t id="s1371_6" word="wurde" lemma="--" pos="VAFIN" morph="--"/>
<t id="s1371_7" word="dieser" lemma="--" pos="PDAT" morph="--"/>
<t id="s1371_8" word="Zustand" lemma="--" pos="NN" morph="--"/>
<t id="s1371_9" word="leider" lemma="--" pos="ADV" morph="--"/>
<t id="s1371_10" word="noch" lemma="--" pos="ADV" morph="--"/>
<t id="s1371_11" word="verschärft" lemma="--" pos="VVPP" morph="--"/>
<t id="s1371_12" word="." lemma="--" pos="$." morph="--"/>
</terminals>
<nonterminals>
<nt id="s1371_500" cat="PP">
<edge label="AC" idref="s1371_4"/>
<edge label="NK" idref="s1371_5"/>
 </nt>
<nt id="s1371_501" cat="NP">
<edge label="NK" idref="s1371_7"/>
<edge label="NK" idref="s1371_8"/>
 </nt>
<nt id="s1371_502" cat="PP">
<edge label="AC" idref="s1371_1"/>
<edge label="NK" idref="s1371_2"/>
<edge label="NK" idref="s1371_3"/>
<edge label="MNR" idref="s1371_500"/>
 </nt>
<nt id="s1371_503" cat="VP">
<edge label="MO" idref="s1371_9"/>
<edge label="MO" idref="s1371_10"/>
<edge label="HD" idref="s1371_11"/>
<edge label="MO" idref="s1371_502"/>
 </nt>
<nt id="s1371_504" cat="S">
<edge label="HD" idref="s1371_6"/>
<edge label="SB" idref="s1371_501"/>
<edge label="OC" idref="s1371_503"/>
 </nt>
</nonterminals>
</graph>
</s><s xmlns:xsi="http://www.w3.org/2001/XMLSchema-instance" id="s1372" art_id="3080" orig_id="ID_maz-3080">
<graph root="s1372_505">
<terminals>
<t id="s1372_1" word="Denn" lemma="--" pos="KON" morph="--"/>
<t id="s1372_2" word="inzwischen" lemma="--" pos="ADV" morph="--"/>
<t id="s1372_3" word="hatte" lemma="--" pos="VAFIN" morph="--"/>
<t id="s1372_4" word="sich" lemma="--" pos="PRF" morph="--"/>
<t id="s1372_5" word="der" lemma="--" pos="ART" morph="--"/>
<t id="s1372_6" word="wachsame" lemma="--" pos="ADJA" morph="--"/>
<t id="s1372_7" word="Deutsche" lemma="--" pos="NN" morph="--"/>
<t id="s1372_8" word="bekanntlich" lemma="--" pos="ADV" morph="--"/>
<t id="s1372_9" word="im" lemma="--" pos="APPRART" morph="--"/>
<t id="s1372_10" word="Kopf" lemma="--" pos="NN" morph="--"/>
<t id="s1372_11" word="sein" lemma="--" pos="PPOSAT" morph="--"/>
<t id="s1372_12" word="eigenes" lemma="--" pos="ADJA" morph="--"/>
<t id="s1372_13" word="Bild" lemma="--" pos="NN" morph="--"/>
<t id="s1372_14" word="des" lemma="--" pos="ART" morph="--"/>
<t id="s1372_15" word="islamistischen" lemma="--" pos="ADJA" morph="--"/>
<t id="s1372_16" word="Kämpfers" lemma="--" pos="NN" morph="--"/>
<t id="s1372_17" word="zurechtgelegt" lemma="--" pos="VVPP" morph="--"/>
<t id="s1372_18" word="." lemma="--" pos="$." morph="--"/>
</terminals>
<nonterminals>
<nt id="s1372_500" cat="NP">
<edge label="NK" idref="s1372_5"/>
<edge label="NK" idref="s1372_6"/>
<edge label="NK" idref="s1372_7"/>
 </nt>
<nt id="s1372_501" cat="PP">
<edge label="AC" idref="s1372_9"/>
<edge label="NK" idref="s1372_10"/>
 </nt>
<nt id="s1372_502" cat="NP">
<edge label="NK" idref="s1372_14"/>
<edge label="NK" idref="s1372_15"/>
<edge label="NK" idref="s1372_16"/>
 </nt>
<nt id="s1372_503" cat="NP">
<edge label="NK" idref="s1372_11"/>
<edge label="NK" idref="s1372_12"/>
<edge label="NK" idref="s1372_13"/>
<edge label="AG" idref="s1372_502"/>
 </nt>
<nt id="s1372_504" cat="VP">
<edge label="MO" idref="s1372_2"/>
<edge label="DA" idref="s1372_4"/>
<edge label="MO" idref="s1372_8"/>
<edge label="HD" idref="s1372_17"/>
<edge label="MO" idref="s1372_501"/>
<edge label="OA" idref="s1372_503"/>
 </nt>
<nt id="s1372_505" cat="S">
<edge label="JU" idref="s1372_1"/>
<edge label="HD" idref="s1372_3"/>
<edge label="SB" idref="s1372_500"/>
<edge label="OC" idref="s1372_504"/>
 </nt>
</nonterminals>
</graph>
</s><s xmlns:xsi="http://www.w3.org/2001/XMLSchema-instance" id="s1373" art_id="3080" orig_id="ID_maz-3080">
<graph root="s1373_504">
<terminals>
<t id="s1373_1" word="Und" lemma="--" pos="KON" morph="--"/>
<t id="s1373_2" word="wehe" lemma="--" pos="VVFIN" morph="--"/>
<t id="s1373_3" word="dem" lemma="--" pos="PDS" morph="--"/>
<t id="s1373_4" word="," lemma="--" pos="$," morph="--"/>
<t id="s1373_5" word="der" lemma="--" pos="PRELS" morph="--"/>
<t id="s1373_6" word="diesem" lemma="--" pos="PDAT" morph="--"/>
<t id="s1373_7" word="Bild" lemma="--" pos="NN" morph="--"/>
<t id="s1373_8" word="auch" lemma="--" pos="ADV" morph="--"/>
<t id="s1373_9" word="nur" lemma="--" pos="ADV" morph="--"/>
<t id="s1373_10" word="im" lemma="--" pos="APPRART" morph="--"/>
<t id="s1373_11" word="entferntesten" lemma="--" pos="ADJA" morph="--"/>
<t id="s1373_12" word="ähnelte" lemma="--" pos="VVFIN" morph="--"/>
<t id="s1373_13" word="..." lemma="--" pos="$(" morph="--"/>
</terminals>
<nonterminals>
<nt id="s1373_500" cat="NP">
<edge label="NK" idref="s1373_6"/>
<edge label="NK" idref="s1373_7"/>
 </nt>
<nt id="s1373_501" cat="PP">
<edge label="MO" idref="s1373_8"/>
<edge label="MO" idref="s1373_9"/>
<edge label="AC" idref="s1373_10"/>
<edge label="NK" idref="s1373_11"/>
 </nt>
<nt id="s1373_502" cat="S">
<edge label="SB" idref="s1373_5"/>
<edge label="HD" idref="s1373_12"/>
<edge label="DA" idref="s1373_500"/>
<edge label="MO" idref="s1373_501"/>
 </nt>
<nt id="s1373_503" cat="NP">
<edge label="NK" idref="s1373_3"/>
<edge label="RC" idref="s1373_502"/>
 </nt>
<nt id="s1373_504" cat="S">
<edge label="JU" idref="s1373_1"/>
<edge label="HD" idref="s1373_2"/>
<edge label="DA" idref="s1373_503"/>
 </nt>
</nonterminals>
</graph>
</s><s xmlns:xsi="http://www.w3.org/2001/XMLSchema-instance" id="s1374" art_id="3080" orig_id="ID_maz-3080">
<graph root="s1374_506">
<terminals>
<t id="s1374_1" word="Es" lemma="--" pos="PPER" morph="--"/>
<t id="s1374_2" word="schien" lemma="--" pos="VVFIN" morph="--"/>
<t id="s1374_3" word="," lemma="--" pos="$," morph="--"/>
<t id="s1374_4" word="als" lemma="--" pos="KOKOM" morph="--"/>
<t id="s1374_5" word="sei" lemma="--" pos="VAFIN" morph="--"/>
<t id="s1374_6" word="das" lemma="--" pos="ART" morph="--"/>
<t id="s1374_7" word="Bemühen" lemma="--" pos="NN" morph="--"/>
<t id="s1374_8" word="um" lemma="--" pos="APPR" morph="--"/>
<t id="s1374_9" word="ein" lemma="--" pos="ART" morph="--"/>
<t id="s1374_10" word="friedliches" lemma="--" pos="ADJA" morph="--"/>
<t id="s1374_11" word="Miteinandern" lemma="--" pos="NN" morph="--" comment="orig: &quot;Miteinandern&quot;"/>
<t id="s1374_12" word="um" lemma="--" pos="APPR" morph="--"/>
<t id="s1374_13" word="Jahre" lemma="--" pos="NN" morph="--"/>
<t id="s1374_14" word="zurückgeworfen" lemma="--" pos="VVPP" morph="--"/>
<t id="s1374_15" word="worden" lemma="--" pos="VAPP" morph="--"/>
<t id="s1374_16" word="." lemma="--" pos="$." morph="--"/>
</terminals>
<nonterminals>
<nt id="s1374_500" cat="PP">
<edge label="AC" idref="s1374_8"/>
<edge label="NK" idref="s1374_9"/>
<edge label="NK" idref="s1374_10"/>
<edge label="NK" idref="s1374_11"/>
 </nt>
<nt id="s1374_501" cat="PP">
<edge label="AC" idref="s1374_12"/>
<edge label="NK" idref="s1374_13"/>
 </nt>
<nt id="s1374_502" cat="NP">
<edge label="NK" idref="s1374_6"/>
<edge label="NK" idref="s1374_7"/>
<edge label="OP" idref="s1374_500"/>
 </nt>
<nt id="s1374_503" cat="VP">
<edge label="HD" idref="s1374_14"/>
<edge label="MO" idref="s1374_501"/>
 </nt>
<nt id="s1374_504" cat="VP">
<edge label="HD" idref="s1374_15"/>
<edge label="OC" idref="s1374_503"/>
 </nt>
<nt id="s1374_505" cat="S">
<edge label="CM" idref="s1374_4"/>
<edge label="HD" idref="s1374_5"/>
<edge label="SB" idref="s1374_502"/>
<edge label="OC" idref="s1374_504"/>
 </nt>
<nt id="s1374_506" cat="S">
<edge label="EP" idref="s1374_1"/>
<edge label="HD" idref="s1374_2"/>
<edge label="MO" idref="s1374_505"/>
 </nt>
</nonterminals>
</graph>
</s><s xmlns:xsi="http://www.w3.org/2001/XMLSchema-instance" id="s1375" art_id="3080" orig_id="ID_maz-3080">
<graph root="s1375_505">
<terminals>
<t id="s1375_1" word="Es" lemma="--" pos="PPER" morph="--"/>
<t id="s1375_2" word="schien" lemma="--" pos="VVFIN" morph="--"/>
<t id="s1375_3" word="," lemma="--" pos="$," morph="--"/>
<t id="s1375_4" word="als" lemma="--" pos="KOKOM" morph="--"/>
<t id="s1375_5" word="hätten" lemma="--" pos="VAFIN" morph="--"/>
<t id="s1375_6" word="diejenigen" lemma="--" pos="PDS" morph="--"/>
<t id="s1375_7" word="verspielt" lemma="--" pos="VVPP" morph="--"/>
<t id="s1375_8" word="," lemma="--" pos="$," morph="--"/>
<t id="s1375_9" word="die" lemma="--" pos="PRELS" morph="--"/>
<t id="s1375_10" word="das" lemma="--" pos="ART" morph="--"/>
<t id="s1375_11" word="Multikulturelle" lemma="--" pos="NN" morph="--"/>
<t id="s1375_12" word="gesellschaftsfähig" lemma="--" pos="ADJD" morph="--"/>
<t id="s1375_13" word="machen" lemma="--" pos="VVINF" morph="--"/>
<t id="s1375_14" word="wollten" lemma="--" pos="VMFIN" morph="--"/>
<t id="s1375_15" word="." lemma="--" pos="$." morph="--"/>
</terminals>
<nonterminals>
<nt id="s1375_500" cat="NP">
<edge label="NK" idref="s1375_10"/>
<edge label="NK" idref="s1375_11"/>
 </nt>
<nt id="s1375_501" cat="VP">
<edge label="MO" idref="s1375_12"/>
<edge label="HD" idref="s1375_13"/>
<edge label="OA" idref="s1375_500"/>
 </nt>
<nt id="s1375_502" cat="S">
<edge label="SB" idref="s1375_9"/>
<edge label="HD" idref="s1375_14"/>
<edge label="OC" idref="s1375_501"/>
 </nt>
<nt id="s1375_503" cat="NP">
<edge label="NK" idref="s1375_6"/>
<edge label="RC" idref="s1375_502"/>
 </nt>
<nt id="s1375_504" cat="S">
<edge label="CM" idref="s1375_4"/>
<edge label="HD" idref="s1375_5"/>
<edge label="OC" idref="s1375_7"/>
<edge label="SB" idref="s1375_503"/>
 </nt>
<nt id="s1375_505" cat="S">
<edge label="EP" idref="s1375_1"/>
<edge label="HD" idref="s1375_2"/>
<edge label="MO" idref="s1375_504"/>
 </nt>
</nonterminals>
</graph>
</s><s xmlns:xsi="http://www.w3.org/2001/XMLSchema-instance" id="s1376" art_id="3080" orig_id="ID_maz-3080">
<graph root="s1376_502">
<terminals>
<t id="s1376_1" word="Gut" lemma="--" pos="ADJD" morph="--"/>
<t id="s1376_2" word="," lemma="--" pos="$," morph="--"/>
<t id="s1376_3" word="dass" lemma="--" pos="KOUS" morph="--"/>
<t id="s1376_4" word="inzwischen" lemma="--" pos="ADV" morph="--"/>
<t id="s1376_5" word="wieder" lemma="--" pos="ADV" morph="--"/>
<t id="s1376_6" word="länger" lemma="--" pos="ADJD" morph="--"/>
<t id="s1376_7" word="nachgedacht" lemma="--" pos="VVPP" morph="--"/>
<t id="s1376_8" word="wird" lemma="--" pos="VAFIN" morph="--"/>
<t id="s1376_9" word="." lemma="--" pos="$." morph="--"/>
</terminals>
<nonterminals>
<nt id="s1376_500" cat="VP">
<edge label="MO" idref="s1376_4"/>
<edge label="MO" idref="s1376_5"/>
<edge label="MO" idref="s1376_6"/>
<edge label="HD" idref="s1376_7"/>
 </nt>
<nt id="s1376_501" cat="S">
<edge label="CP" idref="s1376_3"/>
<edge label="HD" idref="s1376_8"/>
<edge label="OC" idref="s1376_500"/>
 </nt>
<nt id="s1376_502" cat="S">
<edge label="PD" idref="s1376_1"/>
<edge label="SB" idref="s1376_501"/>
 </nt>
</nonterminals>
</graph>
</s><s xmlns:xsi="http://www.w3.org/2001/XMLSchema-instance" id="s1377" art_id="3080" orig_id="ID_maz-3080">
<graph root="s1377_510">
<terminals>
<t id="s1377_1" word="Gut" lemma="--" pos="ADJD" morph="--"/>
<t id="s1377_2" word="," lemma="--" pos="$," morph="--"/>
<t id="s1377_3" word="dass" lemma="--" pos="KOUS" morph="--"/>
<t id="s1377_4" word="Veranstaltungen" lemma="--" pos="NN" morph="--"/>
<t id="s1377_5" word="wie" lemma="--" pos="KOKOM" morph="--"/>
<t id="s1377_6" word="die" lemma="--" pos="ART" morph="--"/>
<t id="s1377_7" word="Interkulturelle" lemma="--" pos="ADJA" morph="--"/>
<t id="s1377_8" word="Woche" lemma="--" pos="NN" morph="--"/>
<t id="s1377_9" word="in" lemma="--" pos="APPR" morph="--"/>
<t id="s1377_10" word="Ludwigsfelde" lemma="--" pos="NE" morph="--"/>
<t id="s1377_11" word="weitergeführt" lemma="--" pos="VVPP" morph="--"/>
<t id="s1377_12" word="und" lemma="--" pos="KON" morph="--"/>
<t id="s1377_13" word="als" lemma="--" pos="APPR" morph="--"/>
<t id="s1377_14" word="Forum" lemma="--" pos="NN" morph="--"/>
<t id="s1377_15" word="der" lemma="--" pos="ART" morph="--"/>
<t id="s1377_16" word="Verständigung" lemma="--" pos="NN" morph="--"/>
<t id="s1377_17" word="für" lemma="--" pos="APPR" morph="--"/>
<t id="s1377_18" word="Deutsche" lemma="--" pos="NN" morph="--"/>
<t id="s1377_19" word="und" lemma="--" pos="KON" morph="--"/>
<t id="s1377_20" word="Ausländer" lemma="--" pos="NN" morph="--"/>
<t id="s1377_21" word="genutzt" lemma="--" pos="VVPP" morph="--"/>
<t id="s1377_22" word="werden" lemma="--" pos="VAFIN" morph="--"/>
<t id="s1377_23" word="." lemma="--" pos="$." morph="--"/>
</terminals>
<nonterminals>
<nt id="s1377_500" cat="PP">
<edge label="AC" idref="s1377_9"/>
<edge label="NK" idref="s1377_10"/>
 </nt>
<nt id="s1377_501" cat="NP">
<edge label="NK" idref="s1377_15"/>
<edge label="NK" idref="s1377_16"/>
 </nt>
<nt id="s1377_502" cat="CNP">
<edge label="CJ" idref="s1377_18"/>
<edge label="CD" idref="s1377_19"/>
<edge label="CJ" idref="s1377_20"/>
 </nt>
<nt id="s1377_503" cat="NP">
<edge label="CM" idref="s1377_5"/>
<edge label="NK" idref="s1377_6"/>
<edge label="NK" idref="s1377_7"/>
<edge label="NK" idref="s1377_8"/>
<edge label="MNR" idref="s1377_500"/>
 </nt>
<nt id="s1377_504" cat="PP">
<edge label="AC" idref="s1377_17"/>
<edge label="NK" idref="s1377_502"/>
 </nt>
<nt id="s1377_505" cat="NP">
<edge label="NK" idref="s1377_4"/>
<edge label="CC" idref="s1377_503"/>
 </nt>
<nt id="s1377_506" cat="PP">
<edge label="AC" idref="s1377_13"/>
<edge label="NK" idref="s1377_14"/>
<edge label="AG" idref="s1377_501"/>
<edge label="MNR" idref="s1377_504"/>
 </nt>
<nt id="s1377_507" cat="VP">
<edge label="HD" idref="s1377_21"/>
<edge label="MO" idref="s1377_506"/>
 </nt>
<nt id="s1377_508" cat="CVP">
<edge label="CJ" idref="s1377_11"/>
<edge label="CD" idref="s1377_12"/>
<edge label="CJ" idref="s1377_507"/>
 </nt>
<nt id="s1377_509" cat="S">
<edge label="CP" idref="s1377_3"/>
<edge label="HD" idref="s1377_22"/>
<edge label="SB" idref="s1377_505"/>
<edge label="OC" idref="s1377_508"/>
 </nt>
<nt id="s1377_510" cat="S">
<edge label="PD" idref="s1377_1"/>
<edge label="SB" idref="s1377_509"/>
 </nt>
</nonterminals>
</graph>
</s><s xmlns:xsi="http://www.w3.org/2001/XMLSchema-instance" id="s1378" art_id="3080" orig_id="ID_maz-3080">
<graph root="s1378_505">
<terminals>
<t id="s1378_1" word="Denn" lemma="--" pos="KON" morph="--"/>
<t id="s1378_2" word="nur" lemma="--" pos="ADV" morph="--"/>
<t id="s1378_3" word="so" lemma="--" pos="ADV" morph="--"/>
<t id="s1378_4" word="," lemma="--" pos="$," morph="--"/>
<t id="s1378_5" word="mit" lemma="--" pos="APPR" morph="--"/>
<t id="s1378_6" word="Beharrlichkeit" lemma="--" pos="NN" morph="--"/>
<t id="s1378_7" word="," lemma="--" pos="$," morph="--"/>
<t id="s1378_8" word="werden" lemma="--" pos="VAFIN" morph="--"/>
<t id="s1378_9" word="falsche" lemma="--" pos="ADJA" morph="--"/>
<t id="s1378_10" word="Bilder" lemma="--" pos="NN" morph="--"/>
<t id="s1378_11" word="in" lemma="--" pos="APPR" morph="--"/>
<t id="s1378_12" word="den" lemma="--" pos="ART" morph="--"/>
<t id="s1378_13" word="Köpfen" lemma="--" pos="NN" morph="--"/>
<t id="s1378_14" word="zurechtgerückt" lemma="--" pos="VVPP" morph="--"/>
<t id="s1378_15" word="." lemma="--" pos="$." morph="--"/>
</terminals>
<nonterminals>
<nt id="s1378_500" cat="PP">
<edge label="AC" idref="s1378_5"/>
<edge label="NK" idref="s1378_6"/>
 </nt>
<nt id="s1378_501" cat="NP">
<edge label="NK" idref="s1378_9"/>
<edge label="NK" idref="s1378_10"/>
 </nt>
<nt id="s1378_502" cat="PP">
<edge label="AC" idref="s1378_11"/>
<edge label="NK" idref="s1378_12"/>
<edge label="NK" idref="s1378_13"/>
 </nt>
<nt id="s1378_503" cat="AVP">
<edge label="MO" idref="s1378_2"/>
<edge label="HD" idref="s1378_3"/>
<edge label="PAR" idref="s1378_500"/>
 </nt>
<nt id="s1378_504" cat="VP">
<edge label="HD" idref="s1378_14"/>
<edge label="MO" idref="s1378_502"/>
<edge label="MO" idref="s1378_503"/>
 </nt>
<nt id="s1378_505" cat="S">
<edge label="JU" idref="s1378_1"/>
<edge label="HD" idref="s1378_8"/>
<edge label="SB" idref="s1378_501"/>
<edge label="OC" idref="s1378_504"/>
 </nt>
</nonterminals>
</graph>
</s></body></corpus>
