<?xml version="1.0" encoding="utf-8" standalone="yes"?>
<corpus id="ID_maz-3415">
<body>
<s xmlns:xsi="http://www.w3.org/2001/XMLSchema-instance" id="s1432" art_id="3415" orig_id="ID_maz-3415">
<graph root="s1432_500">
<terminals>
<t id="s1432_1" word="Der" lemma="--" pos="ART" morph="--"/>
<t id="s1432_2" word="aufgezwungene" lemma="--" pos="ADJA" morph="--"/>
<t id="s1432_3" word="Krieg" lemma="--" pos="NN" morph="--"/>
</terminals>
<nonterminals>
<nt id="s1432_500" cat="NP">
<edge label="NK" idref="s1432_1"/>
<edge label="NK" idref="s1432_2"/>
<edge label="NK" idref="s1432_3"/>
 </nt>
</nonterminals>
</graph>
</s><s xmlns:xsi="http://www.w3.org/2001/XMLSchema-instance" id="s1433" art_id="3415" orig_id="ID_maz-3415">
<graph root="s1433_506">
<terminals>
<t id="s1433_1" word="Der" lemma="--" pos="ART" morph="--"/>
<t id="s1433_2" word="Krieg" lemma="--" pos="NN" morph="--"/>
<t id="s1433_3" word="," lemma="--" pos="$," morph="--"/>
<t id="s1433_4" word="der" lemma="--" pos="PRELS" morph="--"/>
<t id="s1433_5" word="jetzt" lemma="--" pos="ADV" morph="--"/>
<t id="s1433_6" word="in" lemma="--" pos="APPR" morph="--"/>
<t id="s1433_7" word="Afghanistan" lemma="--" pos="NE" morph="--"/>
<t id="s1433_8" word="ausgefochten" lemma="--" pos="VVPP" morph="--"/>
<t id="s1433_9" word="wird" lemma="--" pos="VAFIN" morph="--"/>
<t id="s1433_10" word="," lemma="--" pos="$," morph="--"/>
<t id="s1433_11" word="hat" lemma="--" pos="VAFIN" morph="--"/>
<t id="s1433_12" word="nicht" lemma="--" pos="PTKNEG" morph="--"/>
<t id="s1433_13" word="erst" lemma="--" pos="ADV" morph="--"/>
<t id="s1433_14" word="am" lemma="--" pos="APPRART" morph="--"/>
<t id="s1433_15" word="Sonntag" lemma="--" pos="NN" morph="--"/>
<t id="s1433_16" word="Abend" lemma="--" pos="NN" morph="--"/>
<t id="s1433_17" word="begonnen" lemma="--" pos="VVPP" morph="--"/>
<t id="s1433_18" word="." lemma="--" pos="$." morph="--"/>
</terminals>
<nonterminals>
<nt id="s1433_500" cat="PP">
<edge label="AC" idref="s1433_6"/>
<edge label="NK" idref="s1433_7"/>
 </nt>
<nt id="s1433_501" cat="PP">
<edge label="MO" idref="s1433_13"/>
<edge label="AC" idref="s1433_14"/>
<edge label="NK" idref="s1433_15"/>
<edge label="NK" idref="s1433_16"/>
 </nt>
<nt id="s1433_502" cat="VP">
<edge label="MO" idref="s1433_5"/>
<edge label="HD" idref="s1433_8"/>
<edge label="MO" idref="s1433_500"/>
 </nt>
<nt id="s1433_503" cat="VP">
<edge label="NG" idref="s1433_12"/>
<edge label="HD" idref="s1433_17"/>
<edge label="MO" idref="s1433_501"/>
 </nt>
<nt id="s1433_504" cat="S">
<edge label="SB" idref="s1433_4"/>
<edge label="HD" idref="s1433_9"/>
<edge label="OC" idref="s1433_502"/>
 </nt>
<nt id="s1433_505" cat="NP">
<edge label="NK" idref="s1433_1"/>
<edge label="NK" idref="s1433_2"/>
<edge label="RC" idref="s1433_504"/>
 </nt>
<nt id="s1433_506" cat="S">
<edge label="HD" idref="s1433_11"/>
<edge label="OC" idref="s1433_503"/>
<edge label="SB" idref="s1433_505"/>
 </nt>
</nonterminals>
</graph>
</s><s xmlns:xsi="http://www.w3.org/2001/XMLSchema-instance" id="s1434" art_id="3415" orig_id="ID_maz-3415">
<graph root="s1434_509">
<terminals>
<t id="s1434_1" word="Er" lemma="--" pos="PPER" morph="--"/>
<t id="s1434_2" word="begann" lemma="--" pos="VVFIN" morph="--"/>
<t id="s1434_3" word="am" lemma="--" pos="APPRART" morph="--"/>
<t id="s1434_4" word="11." lemma="--" pos="ADJA" morph="--"/>
<t id="s1434_5" word="September" lemma="--" pos="NN" morph="--"/>
<t id="s1434_6" word="mit" lemma="--" pos="APPR" morph="--"/>
<t id="s1434_7" word="den" lemma="--" pos="ART" morph="--"/>
<t id="s1434_8" word="Anschlägen" lemma="--" pos="NN" morph="--"/>
<t id="s1434_9" word="von" lemma="--" pos="APPR" morph="--"/>
<t id="s1434_10" word="New" lemma="--" pos="NE" morph="--"/>
<t id="s1434_11" word="York" lemma="--" pos="NE" morph="--"/>
<t id="s1434_12" word="und" lemma="--" pos="KON" morph="--"/>
<t id="s1434_13" word="Washington" lemma="--" pos="NE" morph="--"/>
<t id="s1434_14" word="," lemma="--" pos="$," morph="--"/>
<t id="s1434_15" word="die" lemma="--" pos="PRELS" morph="--"/>
<t id="s1434_16" word="in" lemma="--" pos="APPR" morph="--"/>
<t id="s1434_17" word="ihrer" lemma="--" pos="PPOSAT" morph="--"/>
<t id="s1434_18" word="Wirkung" lemma="--" pos="NN" morph="--"/>
<t id="s1434_19" word="einem" lemma="--" pos="ART" morph="--"/>
<t id="s1434_20" word="geballten" lemma="--" pos="ADJA" morph="--"/>
<t id="s1434_21" word="Raketenangriff" lemma="--" pos="NN" morph="--"/>
<t id="s1434_22" word="durchaus" lemma="--" pos="ADV" morph="--"/>
<t id="s1434_23" word="vergleichbar" lemma="--" pos="ADJD" morph="--"/>
<t id="s1434_24" word="sind" lemma="--" pos="VAFIN" morph="--"/>
<t id="s1434_25" word="." lemma="--" pos="$." morph="--"/>
</terminals>
<nonterminals>
<nt id="s1434_500" cat="PP">
<edge label="AC" idref="s1434_3"/>
<edge label="NK" idref="s1434_4"/>
<edge label="NK" idref="s1434_5"/>
 </nt>
<nt id="s1434_501" cat="PN">
<edge label="PNC" idref="s1434_10"/>
<edge label="PNC" idref="s1434_11"/>
 </nt>
<nt id="s1434_502" cat="PP">
<edge label="AC" idref="s1434_16"/>
<edge label="NK" idref="s1434_17"/>
<edge label="NK" idref="s1434_18"/>
 </nt>
<nt id="s1434_503" cat="NP">
<edge label="NK" idref="s1434_19"/>
<edge label="NK" idref="s1434_20"/>
<edge label="NK" idref="s1434_21"/>
 </nt>
<nt id="s1434_504" cat="CNP">
<edge label="CD" idref="s1434_12"/>
<edge label="CJ" idref="s1434_13"/>
<edge label="CJ" idref="s1434_501"/>
 </nt>
<nt id="s1434_505" cat="AP">
<edge label="HD" idref="s1434_23"/>
<edge label="DA" idref="s1434_503"/>
 </nt>
<nt id="s1434_506" cat="PP">
<edge label="AC" idref="s1434_9"/>
<edge label="NK" idref="s1434_504"/>
 </nt>
<nt id="s1434_507" cat="S">
<edge label="SB" idref="s1434_15"/>
<edge label="MO" idref="s1434_22"/>
<edge label="HD" idref="s1434_24"/>
<edge label="MO" idref="s1434_502"/>
<edge label="PD" idref="s1434_505"/>
 </nt>
<nt id="s1434_508" cat="PP">
<edge label="AC" idref="s1434_6"/>
<edge label="NK" idref="s1434_7"/>
<edge label="NK" idref="s1434_8"/>
<edge label="RC" idref="s1434_507"/>
 </nt>
<nt id="s1434_509" cat="S">
<edge label="SB" idref="s1434_1"/>
<edge label="HD" idref="s1434_2"/>
<edge label="MO" idref="s1434_500"/>
<edge label="MO" idref="s1434_506"/>
<edge label="OP" idref="s1434_508"/>
 </nt>
</nonterminals>
</graph>
</s><s xmlns:xsi="http://www.w3.org/2001/XMLSchema-instance" id="s1435" art_id="3415" orig_id="ID_maz-3415">
<graph root="s1435_511">
<terminals>
<t id="s1435_1" word="Wenn" lemma="--" pos="KOUS" morph="--"/>
<t id="s1435_2" word="sich" lemma="--" pos="PRF" morph="--"/>
<t id="s1435_3" word="hierzulande" lemma="--" pos="ADV" morph="--"/>
<t id="s1435_4" word="dennoch" lemma="--" pos="ADV" morph="--"/>
<t id="s1435_5" word="vielerorts" lemma="--" pos="ADV" morph="--"/>
<t id="s1435_6" word="Zweifel" lemma="--" pos="NN" morph="--"/>
<t id="s1435_7" word="an" lemma="--" pos="APPR" morph="--"/>
<t id="s1435_8" word="Sinn" lemma="--" pos="NN" morph="--"/>
<t id="s1435_9" word="und" lemma="--" pos="KON" morph="--"/>
<t id="s1435_10" word="Richtigkeit" lemma="--" pos="NN" morph="--"/>
<t id="s1435_11" word="der" lemma="--" pos="ART" morph="--"/>
<t id="s1435_12" word="Militärschläge" lemma="--" pos="NN" morph="--"/>
<t id="s1435_13" word="breitmachen" lemma="--" pos="VVFIN" morph="--"/>
<t id="s1435_14" word="," lemma="--" pos="$," morph="--"/>
<t id="s1435_15" word="liegt" lemma="--" pos="VVFIN" morph="--"/>
<t id="s1435_16" word="das" lemma="--" pos="PDS" morph="--"/>
<t id="s1435_17" word="nicht" lemma="--" pos="PTKNEG" morph="--"/>
<t id="s1435_18" word="zuletzt" lemma="--" pos="ADV" morph="--"/>
<t id="s1435_19" word="daran" lemma="--" pos="PROAV" morph="--"/>
<t id="s1435_20" word="," lemma="--" pos="$," morph="--"/>
<t id="s1435_21" word="dass" lemma="--" pos="KOUS" morph="--"/>
<t id="s1435_22" word="Freiheit" lemma="--" pos="NN" morph="--"/>
<t id="s1435_23" word="und" lemma="--" pos="KON" morph="--"/>
<t id="s1435_24" word="Toleranz" lemma="--" pos="NN" morph="--"/>
<t id="s1435_25" word="zu" lemma="--" pos="APPR" morph="--"/>
<t id="s1435_26" word="den" lemma="--" pos="ART" morph="--"/>
<t id="s1435_27" word="tief" lemma="--" pos="ADJD" morph="--"/>
<t id="s1435_28" word="verwurzelten" lemma="--" pos="ADJA" morph="--"/>
<t id="s1435_29" word="Grundwerten" lemma="--" pos="NN" morph="--"/>
<t id="s1435_30" word="unserer" lemma="--" pos="PPOSAT" morph="--"/>
<t id="s1435_31" word="Gesellschaft" lemma="--" pos="NN" morph="--"/>
<t id="s1435_32" word="gehören" lemma="--" pos="VVFIN" morph="--"/>
<t id="s1435_33" word=":" lemma="--" pos="$." morph="--"/>
</terminals>
<nonterminals>
<nt id="s1435_500" cat="CNP">
<edge label="CJ" idref="s1435_8"/>
<edge label="CD" idref="s1435_9"/>
<edge label="CJ" idref="s1435_10"/>
 </nt>
<nt id="s1435_501" cat="NP">
<edge label="NK" idref="s1435_11"/>
<edge label="NK" idref="s1435_12"/>
 </nt>
<nt id="s1435_502" cat="CNP">
<edge label="CJ" idref="s1435_22"/>
<edge label="CD" idref="s1435_23"/>
<edge label="CJ" idref="s1435_24"/>
 </nt>
<nt id="s1435_503" cat="AP">
<edge label="MO" idref="s1435_27"/>
<edge label="HD" idref="s1435_28"/>
 </nt>
<nt id="s1435_504" cat="NP">
<edge label="NK" idref="s1435_30"/>
<edge label="NK" idref="s1435_31"/>
 </nt>
<nt id="s1435_505" cat="PP">
<edge label="AC" idref="s1435_7"/>
<edge label="NK" idref="s1435_500"/>
<edge label="AG" idref="s1435_501"/>
 </nt>
<nt id="s1435_506" cat="PP">
<edge label="AC" idref="s1435_25"/>
<edge label="NK" idref="s1435_26"/>
<edge label="NK" idref="s1435_29"/>
<edge label="NK" idref="s1435_503"/>
<edge label="AG" idref="s1435_504"/>
 </nt>
<nt id="s1435_507" cat="NP">
<edge label="NK" idref="s1435_6"/>
<edge label="OP" idref="s1435_505"/>
 </nt>
<nt id="s1435_508" cat="S">
<edge label="CP" idref="s1435_21"/>
<edge label="HD" idref="s1435_32"/>
<edge label="SB" idref="s1435_502"/>
<edge label="MO" idref="s1435_506"/>
 </nt>
<nt id="s1435_509" cat="S">
<edge label="CP" idref="s1435_1"/>
<edge label="OA" idref="s1435_2"/>
<edge label="MO" idref="s1435_3"/>
<edge label="MO" idref="s1435_4"/>
<edge label="MO" idref="s1435_5"/>
<edge label="HD" idref="s1435_13"/>
<edge label="SB" idref="s1435_507"/>
 </nt>
<nt id="s1435_510" cat="PP">
<edge label="PH" idref="s1435_19"/>
<edge label="RE" idref="s1435_508"/>
 </nt>
<nt id="s1435_511" cat="S">
<edge label="HD" idref="s1435_15"/>
<edge label="SB" idref="s1435_16"/>
<edge label="NG" idref="s1435_17"/>
<edge label="MO" idref="s1435_18"/>
<edge label="MO" idref="s1435_509"/>
<edge label="MO" idref="s1435_510"/>
 </nt>
</nonterminals>
</graph>
</s><s xmlns:xsi="http://www.w3.org/2001/XMLSchema-instance" id="s1436" art_id="3415" orig_id="ID_maz-3415">
<graph root="s1436_509">
<terminals>
<t id="s1436_1" word="Wir" lemma="--" pos="PPER" morph="--"/>
<t id="s1436_2" word="sind" lemma="--" pos="VAFIN" morph="--"/>
<t id="s1436_3" word="es" lemma="--" pos="PPER" morph="--"/>
<t id="s1436_4" word="gewohnt" lemma="--" pos="ADJD" morph="--"/>
<t id="s1436_5" word="," lemma="--" pos="$," morph="--"/>
<t id="s1436_6" word="dass" lemma="--" pos="KOUS" morph="--"/>
<t id="s1436_7" word="durch" lemma="--" pos="APPR" morph="--"/>
<t id="s1436_8" word="friedliche" lemma="--" pos="ADJA" morph="--"/>
<t id="s1436_9" word="Verhandlungen" lemma="--" pos="NN" morph="--"/>
<t id="s1436_10" word="und" lemma="--" pos="KON" morph="--"/>
<t id="s1436_11" word="Kompromiss-Suche" lemma="--" pos="NN" morph="--"/>
<t id="s1436_12" word="Konflikte" lemma="--" pos="NN" morph="--"/>
<t id="s1436_13" word="aus" lemma="--" pos="APPR" morph="--"/>
<t id="s1436_14" word="der" lemma="--" pos="ART" morph="--"/>
<t id="s1436_15" word="Welt" lemma="--" pos="NN" morph="--"/>
<t id="s1436_16" word="zu" lemma="--" pos="PTKZU" morph="--"/>
<t id="s1436_17" word="räumen" lemma="--" pos="VVINF" morph="--"/>
<t id="s1436_18" word="sind" lemma="--" pos="VAFIN" morph="--"/>
<t id="s1436_19" word="." lemma="--" pos="$." morph="--"/>
</terminals>
<nonterminals>
<nt id="s1436_500" cat="NP">
<edge label="NK" idref="s1436_8"/>
<edge label="NK" idref="s1436_9"/>
 </nt>
<nt id="s1436_501" cat="PP">
<edge label="AC" idref="s1436_13"/>
<edge label="NK" idref="s1436_14"/>
<edge label="NK" idref="s1436_15"/>
 </nt>
<nt id="s1436_502" cat="VZ">
<edge label="PM" idref="s1436_16"/>
<edge label="HD" idref="s1436_17"/>
 </nt>
<nt id="s1436_503" cat="CNP">
<edge label="CD" idref="s1436_10"/>
<edge label="CJ" idref="s1436_11"/>
<edge label="CJ" idref="s1436_500"/>
 </nt>
<nt id="s1436_504" cat="VP">
<edge label="MO" idref="s1436_501"/>
<edge label="HD" idref="s1436_502"/>
 </nt>
<nt id="s1436_505" cat="PP">
<edge label="AC" idref="s1436_7"/>
<edge label="NK" idref="s1436_503"/>
 </nt>
<nt id="s1436_506" cat="S">
<edge label="CP" idref="s1436_6"/>
<edge label="SB" idref="s1436_12"/>
<edge label="HD" idref="s1436_18"/>
<edge label="OC" idref="s1436_504"/>
<edge label="MO" idref="s1436_505"/>
 </nt>
<nt id="s1436_507" cat="NP">
<edge label="PH" idref="s1436_3"/>
<edge label="RE" idref="s1436_506"/>
 </nt>
<nt id="s1436_508" cat="AP">
<edge label="HD" idref="s1436_4"/>
<edge label="OA" idref="s1436_507"/>
 </nt>
<nt id="s1436_509" cat="S">
<edge label="SB" idref="s1436_1"/>
<edge label="HD" idref="s1436_2"/>
<edge label="PD" idref="s1436_508"/>
 </nt>
</nonterminals>
</graph>
</s><s xmlns:xsi="http://www.w3.org/2001/XMLSchema-instance" id="s1437" art_id="3415" orig_id="ID_maz-3415">
<graph root="s1437_512">
<terminals>
<t id="s1437_1" word="Gewaltverzicht" lemma="--" pos="NN" morph="--"/>
<t id="s1437_2" word="und" lemma="--" pos="KON" morph="--"/>
<t id="s1437_3" word="Deeskalation" lemma="--" pos="NN" morph="--"/>
<t id="s1437_4" word="sind" lemma="--" pos="VAFIN" morph="--"/>
<t id="s1437_5" word="uns" lemma="--" pos="PPER" morph="--"/>
<t id="s1437_6" word="so" lemma="--" pos="ADV" morph="--"/>
<t id="s1437_7" word="sehr" lemma="--" pos="ADV" morph="--"/>
<t id="s1437_8" word="in" lemma="--" pos="APPR" morph="--"/>
<t id="s1437_9" word="Fleisch" lemma="--" pos="NN" morph="--"/>
<t id="s1437_10" word="und" lemma="--" pos="KON" morph="--"/>
<t id="s1437_11" word="Blut" lemma="--" pos="NN" morph="--"/>
<t id="s1437_12" word="übergegangen" lemma="--" pos="VVPP" morph="--"/>
<t id="s1437_13" word="," lemma="--" pos="$," morph="--"/>
<t id="s1437_14" word="dass" lemma="--" pos="KOUS" morph="--"/>
<t id="s1437_15" word="wir" lemma="--" pos="PPER" morph="--"/>
<t id="s1437_16" word="uns" lemma="--" pos="PRF" morph="--"/>
<t id="s1437_17" word="schwer" lemma="--" pos="ADJD" morph="--"/>
<t id="s1437_18" word="damit" lemma="--" pos="PROAV" morph="--"/>
<t id="s1437_19" word="abfinden" lemma="--" pos="VVINF" morph="--"/>
<t id="s1437_20" word="können" lemma="--" pos="VMFIN" morph="--"/>
<t id="s1437_21" word="," lemma="--" pos="$," morph="--"/>
<t id="s1437_22" word="dass" lemma="--" pos="KOUS" morph="--"/>
<t id="s1437_23" word="diese" lemma="--" pos="PDAT" morph="--"/>
<t id="s1437_24" word="Prinzipien" lemma="--" pos="NN" morph="--"/>
<t id="s1437_25" word="in" lemma="--" pos="APPR" morph="--"/>
<t id="s1437_26" word="einem" lemma="--" pos="ART" morph="--"/>
<t id="s1437_27" word="einzigen" lemma="--" pos="ADJA" morph="--"/>
<t id="s1437_28" word="Fall" lemma="--" pos="NN" morph="--"/>
<t id="s1437_29" word="versagen" lemma="--" pos="VVFIN" morph="--"/>
<t id="s1437_30" word=":" lemma="--" pos="$." morph="--"/>
</terminals>
<nonterminals>
<nt id="s1437_500" cat="CNP">
<edge label="CJ" idref="s1437_1"/>
<edge label="CD" idref="s1437_2"/>
<edge label="CJ" idref="s1437_3"/>
 </nt>
<nt id="s1437_501" cat="CNP">
<edge label="CJ" idref="s1437_9"/>
<edge label="CD" idref="s1437_10"/>
<edge label="CJ" idref="s1437_11"/>
 </nt>
<nt id="s1437_502" cat="NP">
<edge label="NK" idref="s1437_23"/>
<edge label="NK" idref="s1437_24"/>
 </nt>
<nt id="s1437_503" cat="PP">
<edge label="AC" idref="s1437_25"/>
<edge label="NK" idref="s1437_26"/>
<edge label="NK" idref="s1437_27"/>
<edge label="NK" idref="s1437_28"/>
 </nt>
<nt id="s1437_504" cat="PP">
<edge label="AC" idref="s1437_8"/>
<edge label="NK" idref="s1437_501"/>
 </nt>
<nt id="s1437_505" cat="S">
<edge label="CP" idref="s1437_22"/>
<edge label="HD" idref="s1437_29"/>
<edge label="SB" idref="s1437_502"/>
<edge label="MO" idref="s1437_503"/>
 </nt>
<nt id="s1437_506" cat="PP">
<edge label="PH" idref="s1437_18"/>
<edge label="RE" idref="s1437_505"/>
 </nt>
<nt id="s1437_507" cat="VP">
<edge label="OA" idref="s1437_16"/>
<edge label="MO" idref="s1437_17"/>
<edge label="HD" idref="s1437_19"/>
<edge label="OP" idref="s1437_506"/>
 </nt>
<nt id="s1437_508" cat="S">
<edge label="CP" idref="s1437_14"/>
<edge label="SB" idref="s1437_15"/>
<edge label="HD" idref="s1437_20"/>
<edge label="OC" idref="s1437_507"/>
 </nt>
<nt id="s1437_509" cat="AVP">
<edge label="PH" idref="s1437_6"/>
<edge label="RE" idref="s1437_508"/>
 </nt>
<nt id="s1437_510" cat="AVP">
<edge label="HD" idref="s1437_7"/>
<edge label="MO" idref="s1437_509"/>
 </nt>
<nt id="s1437_511" cat="VP">
<edge label="DA" idref="s1437_5"/>
<edge label="HD" idref="s1437_12"/>
<edge label="MO" idref="s1437_504"/>
<edge label="MO" idref="s1437_510"/>
 </nt>
<nt id="s1437_512" cat="S">
<edge label="HD" idref="s1437_4"/>
<edge label="SB" idref="s1437_500"/>
<edge label="OC" idref="s1437_511"/>
 </nt>
</nonterminals>
</graph>
</s><s xmlns:xsi="http://www.w3.org/2001/XMLSchema-instance" id="s1438" art_id="3415" orig_id="ID_maz-3415">
<graph root="s1438_504">
<terminals>
<t id="s1438_1" word="Fanatismus" lemma="--" pos="NN" morph="--">
 </t>
<t id="s1438_2" word="darf" lemma="--" pos="VMFIN" morph="--">
 </t>
<t id="s1438_3" word="und" lemma="--" pos="KON" morph="--">
 </t>
<t id="s1438_4" word="kann" lemma="--" pos="VMFIN" morph="--">
 </t>
<t id="s1438_5" word="man" lemma="--" pos="PIS" morph="--">
<secedge label="SB" idref="s1438_500"/>
 </t>
<t id="s1438_6" word="nicht" lemma="--" pos="PTKNEG" morph="--">
<secedge label="NG" idref="s1438_500"/>
 </t>
<t id="s1438_7" word="mit" lemma="--" pos="APPR" morph="--">
 </t>
<t id="s1438_8" word="Liberalität" lemma="--" pos="NN" morph="--">
 </t>
<t id="s1438_9" word="begegnen" lemma="--" pos="VVINF" morph="--">
 </t>
<t id="s1438_10" word="." lemma="--" pos="$." morph="--">
 </t>
</terminals>
<nonterminals>
<nt id="s1438_500" cat="S">
<edge label="HD" idref="s1438_2"/>
 </nt>
<nt id="s1438_501" cat="PP">
<edge label="AC" idref="s1438_7"/>
<edge label="NK" idref="s1438_8"/>
 </nt>
<nt id="s1438_502" cat="VP">
<edge label="DA" idref="s1438_1"/>
<edge label="HD" idref="s1438_9"/>
<edge label="MO" idref="s1438_501"/>
<secedge label="OC" idref="s1438_500"/>
 </nt>
<nt id="s1438_503" cat="S">
<edge label="HD" idref="s1438_4"/>
<edge label="SB" idref="s1438_5"/>
<edge label="NG" idref="s1438_6"/>
<edge label="OC" idref="s1438_502"/>
 </nt>
<nt id="s1438_504" cat="CS">
<edge label="CD" idref="s1438_3"/>
<edge label="CJ" idref="s1438_500"/>
<edge label="CJ" idref="s1438_503"/>
 </nt>
</nonterminals>
</graph>
</s><s xmlns:xsi="http://www.w3.org/2001/XMLSchema-instance" id="s1439" art_id="3415" orig_id="ID_maz-3415">
<graph root="s1439_503">
<terminals>
<t id="s1439_1" word="Mit" lemma="--" pos="APPR" morph="--"/>
<t id="s1439_2" word="einem" lemma="--" pos="ART" morph="--"/>
<t id="s1439_3" word="Selbstmord-Attentäter" lemma="--" pos="NN" morph="--"/>
<t id="s1439_4" word="kann" lemma="--" pos="VMFIN" morph="--"/>
<t id="s1439_5" word="man" lemma="--" pos="PIS" morph="--"/>
<t id="s1439_6" word="keinen" lemma="--" pos="PIAT" morph="--"/>
<t id="s1439_7" word="Kompromiss" lemma="--" pos="NN" morph="--"/>
<t id="s1439_8" word="schließen" lemma="--" pos="VVINF" morph="--"/>
<t id="s1439_9" word="." lemma="--" pos="$." morph="--"/>
</terminals>
<nonterminals>
<nt id="s1439_500" cat="PP">
<edge label="AC" idref="s1439_1"/>
<edge label="NK" idref="s1439_2"/>
<edge label="NK" idref="s1439_3"/>
 </nt>
<nt id="s1439_501" cat="NP">
<edge label="NK" idref="s1439_6"/>
<edge label="NK" idref="s1439_7"/>
 </nt>
<nt id="s1439_502" cat="VP">
<edge label="HD" idref="s1439_8"/>
<edge label="MO" idref="s1439_500"/>
<edge label="OA" idref="s1439_501"/>
 </nt>
<nt id="s1439_503" cat="S">
<edge label="HD" idref="s1439_4"/>
<edge label="SB" idref="s1439_5"/>
<edge label="OC" idref="s1439_502"/>
 </nt>
</nonterminals>
</graph>
</s><s xmlns:xsi="http://www.w3.org/2001/XMLSchema-instance" id="s1440" art_id="3415" orig_id="ID_maz-3415">
<graph root="s1440_503">
<terminals>
<t id="s1440_1" word="Auch" lemma="--" pos="ADV" morph="--"/>
<t id="s1440_2" word="das" lemma="--" pos="ART" morph="--"/>
<t id="s1440_3" word="Suchen" lemma="--" pos="NN" morph="--"/>
<t id="s1440_4" word="nach" lemma="--" pos="APPR" morph="--"/>
<t id="s1440_5" word="möglichen" lemma="--" pos="ADJA" morph="--"/>
<t id="s1440_6" word="Motiven" lemma="--" pos="NN" morph="--"/>
<t id="s1440_7" word="der" lemma="--" pos="ART" morph="--"/>
<t id="s1440_8" word="Täter" lemma="--" pos="NN" morph="--"/>
<t id="s1440_9" word="hilft" lemma="--" pos="VVFIN" morph="--"/>
<t id="s1440_10" word="da" lemma="--" pos="ADV" morph="--"/>
<t id="s1440_11" word="nicht" lemma="--" pos="PTKNEG" morph="--"/>
<t id="s1440_12" word="weiter" lemma="--" pos="PTKVZ" morph="--"/>
<t id="s1440_13" word="." lemma="--" pos="$." morph="--"/>
</terminals>
<nonterminals>
<nt id="s1440_500" cat="NP">
<edge label="NK" idref="s1440_7"/>
<edge label="NK" idref="s1440_8"/>
 </nt>
<nt id="s1440_501" cat="PP">
<edge label="AC" idref="s1440_4"/>
<edge label="NK" idref="s1440_5"/>
<edge label="NK" idref="s1440_6"/>
<edge label="AG" idref="s1440_500"/>
 </nt>
<nt id="s1440_502" cat="NP">
<edge label="MO" idref="s1440_1"/>
<edge label="NK" idref="s1440_2"/>
<edge label="NK" idref="s1440_3"/>
<edge label="OP" idref="s1440_501"/>
 </nt>
<nt id="s1440_503" cat="S">
<edge label="HD" idref="s1440_9"/>
<edge label="MO" idref="s1440_10"/>
<edge label="NG" idref="s1440_11"/>
<edge label="SVP" idref="s1440_12"/>
<edge label="SB" idref="s1440_502"/>
 </nt>
</nonterminals>
</graph>
</s><s xmlns:xsi="http://www.w3.org/2001/XMLSchema-instance" id="s1441" art_id="3415" orig_id="ID_maz-3415">
<graph root="s1441_512">
<terminals>
<t id="s1441_1" word="Sie" lemma="--" pos="PPER" morph="--"/>
<t id="s1441_2" word="beklagen" lemma="--" pos="VVFIN" morph="--"/>
<t id="s1441_3" word="den" lemma="--" pos="ART" morph="--"/>
<t id="s1441_4" word="andauernden" lemma="--" pos="ADJA" morph="--"/>
<t id="s1441_5" word="Konflikt" lemma="--" pos="NN" morph="--"/>
<t id="s1441_6" word="zwischen" lemma="--" pos="APPR" morph="--"/>
<t id="s1441_7" word="Israelis" lemma="--" pos="NN" morph="--"/>
<t id="s1441_8" word="und" lemma="--" pos="KON" morph="--"/>
<t id="s1441_9" word="Palästinensern" lemma="--" pos="NN" morph="--"/>
<t id="s1441_10" word="," lemma="--" pos="$," morph="--"/>
<t id="s1441_11" word="dabei" lemma="--" pos="PROAV" morph="--"/>
<t id="s1441_12" word="engagiert" lemma="--" pos="VVFIN" morph="--"/>
<t id="s1441_13" word="sich" lemma="--" pos="PRF" morph="--"/>
<t id="s1441_14" word="der" lemma="--" pos="ART" morph="--"/>
<t id="s1441_15" word="Westen" lemma="--" pos="NN" morph="--"/>
<t id="s1441_16" word="seit" lemma="--" pos="APPR" morph="--"/>
<t id="s1441_17" word="Jahren" lemma="--" pos="NN" morph="--"/>
<t id="s1441_18" word="mit" lemma="--" pos="APPR" morph="--"/>
<t id="s1441_19" word="viel" lemma="--" pos="PIAT" morph="--"/>
<t id="s1441_20" word="Geld" lemma="--" pos="NN" morph="--"/>
<t id="s1441_21" word="und" lemma="--" pos="KON" morph="--"/>
<t id="s1441_22" word="Krisendiplomatie" lemma="--" pos="NN" morph="--"/>
<t id="s1441_23" word="für" lemma="--" pos="APPR" morph="--"/>
<t id="s1441_24" word="ein" lemma="--" pos="ART" morph="--"/>
<t id="s1441_25" word="Ende" lemma="--" pos="NN" morph="--"/>
<t id="s1441_26" word="der" lemma="--" pos="ART" morph="--"/>
<t id="s1441_27" word="Gewalt" lemma="--" pos="NN" morph="--"/>
<t id="s1441_28" word="." lemma="--" pos="$." morph="--"/>
</terminals>
<nonterminals>
<nt id="s1441_500" cat="CNP">
<edge label="CJ" idref="s1441_7"/>
<edge label="CD" idref="s1441_8"/>
<edge label="CJ" idref="s1441_9"/>
 </nt>
<nt id="s1441_501" cat="NP">
<edge label="NK" idref="s1441_14"/>
<edge label="NK" idref="s1441_15"/>
 </nt>
<nt id="s1441_502" cat="PP">
<edge label="AC" idref="s1441_16"/>
<edge label="NK" idref="s1441_17"/>
 </nt>
<nt id="s1441_503" cat="NP">
<edge label="NK" idref="s1441_19"/>
<edge label="NK" idref="s1441_20"/>
 </nt>
<nt id="s1441_504" cat="NP">
<edge label="NK" idref="s1441_26"/>
<edge label="NK" idref="s1441_27"/>
 </nt>
<nt id="s1441_505" cat="PP">
<edge label="AC" idref="s1441_6"/>
<edge label="NK" idref="s1441_500"/>
 </nt>
<nt id="s1441_506" cat="CNP">
<edge label="CD" idref="s1441_21"/>
<edge label="CJ" idref="s1441_22"/>
<edge label="CJ" idref="s1441_503"/>
 </nt>
<nt id="s1441_507" cat="PP">
<edge label="AC" idref="s1441_23"/>
<edge label="NK" idref="s1441_24"/>
<edge label="NK" idref="s1441_25"/>
<edge label="AG" idref="s1441_504"/>
 </nt>
<nt id="s1441_508" cat="NP">
<edge label="NK" idref="s1441_3"/>
<edge label="NK" idref="s1441_4"/>
<edge label="NK" idref="s1441_5"/>
<edge label="MNR" idref="s1441_505"/>
 </nt>
<nt id="s1441_509" cat="PP">
<edge label="AC" idref="s1441_18"/>
<edge label="NK" idref="s1441_506"/>
 </nt>
<nt id="s1441_510" cat="S">
<edge label="SB" idref="s1441_1"/>
<edge label="HD" idref="s1441_2"/>
<edge label="OA" idref="s1441_508"/>
 </nt>
<nt id="s1441_511" cat="S">
<edge label="MO" idref="s1441_11"/>
<edge label="HD" idref="s1441_12"/>
<edge label="OA" idref="s1441_13"/>
<edge label="SB" idref="s1441_501"/>
<edge label="MO" idref="s1441_502"/>
<edge label="MO" idref="s1441_507"/>
<edge label="MO" idref="s1441_509"/>
 </nt>
<nt id="s1441_512" cat="CS">
<edge label="CJ" idref="s1441_510"/>
<edge label="CJ" idref="s1441_511"/>
 </nt>
</nonterminals>
</graph>
</s><s xmlns:xsi="http://www.w3.org/2001/XMLSchema-instance" id="s1442" art_id="3415" orig_id="ID_maz-3415">
<graph root="s1442_510">
<terminals>
<t id="s1442_1" word="Sie" lemma="--" pos="PPER" morph="--"/>
<t id="s1442_2" word="beklagen" lemma="--" pos="VVFIN" morph="--"/>
<t id="s1442_3" word="die" lemma="--" pos="ART" morph="--"/>
<t id="s1442_4" word="Armut" lemma="--" pos="NN" morph="--"/>
<t id="s1442_5" word="der" lemma="--" pos="ART" morph="--"/>
<t id="s1442_6" word="arabischen" lemma="--" pos="ADJA" morph="--"/>
<t id="s1442_7" word="Welt" lemma="--" pos="NN" morph="--"/>
<t id="s1442_8" word="," lemma="--" pos="$," morph="--"/>
<t id="s1442_9" word="dabei" lemma="--" pos="PROAV" morph="--"/>
<t id="s1442_10" word="stehen" lemma="--" pos="VVFIN" morph="--"/>
<t id="s1442_11" word="die" lemma="--" pos="ART" morph="--"/>
<t id="s1442_12" word="autokratischen" lemma="--" pos="ADJA" morph="--"/>
<t id="s1442_13" word="und" lemma="--" pos="KON" morph="--"/>
<t id="s1442_14" word="nicht" lemma="--" pos="PTKNEG" morph="--"/>
<t id="s1442_15" word="selten" lemma="--" pos="ADJD" morph="--"/>
<t id="s1442_16" word="korrupten" lemma="--" pos="ADJA" morph="--"/>
<t id="s1442_17" word="Eliten" lemma="--" pos="NN" morph="--"/>
<t id="s1442_18" word="dort" lemma="--" pos="ADV" morph="--"/>
<t id="s1442_19" word="meist" lemma="--" pos="ADV" morph="--"/>
<t id="s1442_20" word="selbst" lemma="--" pos="ADV" morph="--"/>
<t id="s1442_21" word="jedem" lemma="--" pos="PIAT" morph="--"/>
<t id="s1442_22" word="Aufschwung" lemma="--" pos="NN" morph="--"/>
<t id="s1442_23" word="im" lemma="--" pos="APPRART" morph="--"/>
<t id="s1442_24" word="Weg" lemma="--" pos="NN" morph="--"/>
<t id="s1442_25" word="." lemma="--" pos="$." morph="--"/>
</terminals>
<nonterminals>
<nt id="s1442_500" cat="NP">
<edge label="NK" idref="s1442_5"/>
<edge label="NK" idref="s1442_6"/>
<edge label="NK" idref="s1442_7"/>
 </nt>
<nt id="s1442_501" cat="AP">
<edge label="NG" idref="s1442_14"/>
<edge label="HD" idref="s1442_15"/>
 </nt>
<nt id="s1442_502" cat="NP">
<edge label="MO" idref="s1442_20"/>
<edge label="NK" idref="s1442_21"/>
<edge label="NK" idref="s1442_22"/>
 </nt>
<nt id="s1442_503" cat="PP">
<edge label="AC" idref="s1442_23"/>
<edge label="NK" idref="s1442_24"/>
 </nt>
<nt id="s1442_504" cat="NP">
<edge label="NK" idref="s1442_3"/>
<edge label="NK" idref="s1442_4"/>
<edge label="AG" idref="s1442_500"/>
 </nt>
<nt id="s1442_505" cat="AP">
<edge label="HD" idref="s1442_16"/>
<edge label="MO" idref="s1442_501"/>
 </nt>
<nt id="s1442_506" cat="S">
<edge label="SB" idref="s1442_1"/>
<edge label="HD" idref="s1442_2"/>
<edge label="OA" idref="s1442_504"/>
 </nt>
<nt id="s1442_507" cat="CAP">
<edge label="CJ" idref="s1442_12"/>
<edge label="CD" idref="s1442_13"/>
<edge label="CJ" idref="s1442_505"/>
 </nt>
<nt id="s1442_508" cat="NP">
<edge label="NK" idref="s1442_11"/>
<edge label="NK" idref="s1442_17"/>
<edge label="NK" idref="s1442_507"/>
 </nt>
<nt id="s1442_509" cat="S">
<edge label="MO" idref="s1442_9"/>
<edge label="HD" idref="s1442_10"/>
<edge label="MO" idref="s1442_18"/>
<edge label="MO" idref="s1442_19"/>
<edge label="DA" idref="s1442_502"/>
<edge label="MO" idref="s1442_503"/>
<edge label="SB" idref="s1442_508"/>
 </nt>
<nt id="s1442_510" cat="CS">
<edge label="CJ" idref="s1442_506"/>
<edge label="CJ" idref="s1442_509"/>
 </nt>
</nonterminals>
</graph>
</s><s xmlns:xsi="http://www.w3.org/2001/XMLSchema-instance" id="s1443" art_id="3415" orig_id="ID_maz-3415">
<graph root="s1443_508">
<terminals>
<t id="s1443_1" word="Sie" lemma="--" pos="PPER" morph="--"/>
<t id="s1443_2" word="beklagen" lemma="--" pos="VVFIN" morph="--"/>
<t id="s1443_3" word="die" lemma="--" pos="ART" morph="--"/>
<t id="s1443_4" word="Militärpräsenz" lemma="--" pos="NN" morph="--"/>
<t id="s1443_5" word="der" lemma="--" pos="ART" morph="--"/>
<t id="s1443_6" word="USA" lemma="--" pos="NE" morph="--"/>
<t id="s1443_7" word="in" lemma="--" pos="APPR" morph="--"/>
<t id="s1443_8" word="Saudi-Arabien" lemma="--" pos="NE" morph="--"/>
<t id="s1443_9" word="," lemma="--" pos="$," morph="--"/>
<t id="s1443_10" word="dann" lemma="--" pos="ADV" morph="--"/>
<t id="s1443_11" word="hätten" lemma="--" pos="VAFIN" morph="--"/>
<t id="s1443_12" word="sie" lemma="--" pos="PPER" morph="--"/>
<t id="s1443_13" word="die" lemma="--" pos="ART" morph="--"/>
<t id="s1443_14" word="dortige" lemma="--" pos="ADJA" morph="--"/>
<t id="s1443_15" word="Königsfamilie" lemma="--" pos="NN" morph="--"/>
<t id="s1443_16" word="attackieren" lemma="--" pos="VVINF" morph="--"/>
<t id="s1443_17" word="müssen" lemma="--" pos="VMINF" morph="--"/>
<t id="s1443_18" word="." lemma="--" pos="$." morph="--"/>
</terminals>
<nonterminals>
<nt id="s1443_500" cat="NP">
<edge label="NK" idref="s1443_5"/>
<edge label="NK" idref="s1443_6"/>
 </nt>
<nt id="s1443_501" cat="PP">
<edge label="AC" idref="s1443_7"/>
<edge label="NK" idref="s1443_8"/>
 </nt>
<nt id="s1443_502" cat="NP">
<edge label="NK" idref="s1443_13"/>
<edge label="NK" idref="s1443_14"/>
<edge label="NK" idref="s1443_15"/>
 </nt>
<nt id="s1443_503" cat="NP">
<edge label="NK" idref="s1443_3"/>
<edge label="NK" idref="s1443_4"/>
<edge label="AG" idref="s1443_500"/>
<edge label="MNR" idref="s1443_501"/>
 </nt>
<nt id="s1443_504" cat="VP">
<edge label="HD" idref="s1443_16"/>
<edge label="OA" idref="s1443_502"/>
 </nt>
<nt id="s1443_505" cat="S">
<edge label="SB" idref="s1443_1"/>
<edge label="HD" idref="s1443_2"/>
<edge label="OA" idref="s1443_503"/>
 </nt>
<nt id="s1443_506" cat="VP">
<edge label="MO" idref="s1443_10"/>
<edge label="HD" idref="s1443_17"/>
<edge label="OC" idref="s1443_504"/>
 </nt>
<nt id="s1443_507" cat="S">
<edge label="HD" idref="s1443_11"/>
<edge label="SB" idref="s1443_12"/>
<edge label="OC" idref="s1443_506"/>
 </nt>
<nt id="s1443_508" cat="CS">
<edge label="CJ" idref="s1443_505"/>
<edge label="CJ" idref="s1443_507"/>
 </nt>
</nonterminals>
</graph>
</s><s xmlns:xsi="http://www.w3.org/2001/XMLSchema-instance" id="s1444" art_id="3415" orig_id="ID_maz-3415">
<graph root="s1444_515">
<terminals>
<t id="s1444_1" word="Sie" lemma="--" pos="PPER" morph="--">
<secedge label="SB" idref="s1444_514"/>
 </t>
<t id="s1444_2" word="geißeln" lemma="--" pos="VVFIN" morph="--">
 </t>
<t id="s1444_3" word="den" lemma="--" pos="ART" morph="--">
 </t>
<t id="s1444_4" word="westlichen" lemma="--" pos="ADJA" morph="--">
 </t>
<t id="s1444_5" word="&quot;" lemma="--" pos="$(" morph="--">
 </t>
<t id="s1444_6" word="Kulturimperialismus" lemma="--" pos="NN" morph="--">
 </t>
<t id="s1444_7" word="&quot;" lemma="--" pos="$(" morph="--">
 </t>
<t id="s1444_8" word="und" lemma="--" pos="KON" morph="--">
 </t>
<t id="s1444_9" word="verkennen" lemma="--" pos="VVFIN" morph="--">
 </t>
<t id="s1444_10" word="," lemma="--" pos="$," morph="--">
 </t>
<t id="s1444_11" word="dass" lemma="--" pos="KOUS" morph="--">
 </t>
<t id="s1444_12" word="sie" lemma="--" pos="PPER" morph="--">
 </t>
<t id="s1444_13" word="sich" lemma="--" pos="PRF" morph="--">
 </t>
<t id="s1444_14" word="entscheiden" lemma="--" pos="VVINF" morph="--">
 </t>
<t id="s1444_15" word="müssen" lemma="--" pos="VMFIN" morph="--">
 </t>
<t id="s1444_16" word="zwischen" lemma="--" pos="APPR" morph="--">
 </t>
<t id="s1444_17" word="wirtschaftlichem" lemma="--" pos="ADJA" morph="--">
 </t>
<t id="s1444_18" word="Austausch" lemma="--" pos="NN" morph="--">
 </t>
<t id="s1444_19" word="und" lemma="--" pos="KON" morph="--">
 </t>
<t id="s1444_20" word="damit" lemma="--" pos="PROAV" morph="--">
 </t>
<t id="s1444_21" word="einhergehendem" lemma="--" pos="ADJA" morph="--">
 </t>
<t id="s1444_22" word="Wohlstand" lemma="--" pos="NN" morph="--">
 </t>
<t id="s1444_23" word="auf" lemma="--" pos="APPR" morph="--">
 </t>
<t id="s1444_24" word="der" lemma="--" pos="ART" morph="--">
 </t>
<t id="s1444_25" word="einen" lemma="--" pos="PIAT" morph="--">
 </t>
<t id="s1444_26" word="und" lemma="--" pos="KON" morph="--">
 </t>
<t id="s1444_27" word="fundamentalistischer" lemma="--" pos="ADJA" morph="--">
 </t>
<t id="s1444_28" word="Abschottung" lemma="--" pos="NN" morph="--">
 </t>
<t id="s1444_29" word="auf" lemma="--" pos="APPR" morph="--">
 </t>
<t id="s1444_30" word="der" lemma="--" pos="ART" morph="--">
 </t>
<t id="s1444_31" word="anderen" lemma="--" pos="ADJA" morph="--">
 </t>
<t id="s1444_32" word="Seite" lemma="--" pos="NN" morph="--">
 </t>
<t id="s1444_33" word="." lemma="--" pos="$." morph="--">
 </t>
</terminals>
<nonterminals>
<nt id="s1444_500" cat="NP">
<edge label="NK" idref="s1444_3"/>
<edge label="NK" idref="s1444_4"/>
<edge label="NK" idref="s1444_6"/>
 </nt>
<nt id="s1444_501" cat="NP">
<edge label="NK" idref="s1444_17"/>
<edge label="NK" idref="s1444_18"/>
 </nt>
<nt id="s1444_502" cat="AP">
<edge label="MO" idref="s1444_20"/>
<edge label="HD" idref="s1444_21"/>
 </nt>
<nt id="s1444_503" cat="PP">
<edge label="AC" idref="s1444_23"/>
<edge label="NK" idref="s1444_24"/>
<edge label="NK" idref="s1444_25"/>
 </nt>
<nt id="s1444_504" cat="PP">
<edge label="AC" idref="s1444_29"/>
<edge label="NK" idref="s1444_30"/>
<edge label="NK" idref="s1444_31"/>
<edge label="NK" idref="s1444_32"/>
 </nt>
<nt id="s1444_505" cat="S">
<edge label="SB" idref="s1444_1"/>
<edge label="HD" idref="s1444_2"/>
<edge label="OA" idref="s1444_500"/>
 </nt>
<nt id="s1444_506" cat="NP">
<edge label="NK" idref="s1444_22"/>
<edge label="NK" idref="s1444_502"/>
 </nt>
<nt id="s1444_507" cat="NP">
<edge label="NK" idref="s1444_27"/>
<edge label="NK" idref="s1444_28"/>
<edge label="MNR" idref="s1444_504"/>
 </nt>
<nt id="s1444_508" cat="CNP">
<edge label="CD" idref="s1444_19"/>
<edge label="CJ" idref="s1444_501"/>
<edge label="CJ" idref="s1444_506"/>
 </nt>
<nt id="s1444_509" cat="NP">
<edge label="MNR" idref="s1444_503"/>
<edge label="NK" idref="s1444_508"/>
 </nt>
<nt id="s1444_510" cat="CNP">
<edge label="CD" idref="s1444_26"/>
<edge label="CJ" idref="s1444_507"/>
<edge label="CJ" idref="s1444_509"/>
 </nt>
<nt id="s1444_511" cat="PP">
<edge label="AC" idref="s1444_16"/>
<edge label="NK" idref="s1444_510"/>
 </nt>
<nt id="s1444_512" cat="VP">
<edge label="OA" idref="s1444_13"/>
<edge label="HD" idref="s1444_14"/>
<edge label="MO" idref="s1444_511"/>
 </nt>
<nt id="s1444_513" cat="S">
<edge label="CP" idref="s1444_11"/>
<edge label="SB" idref="s1444_12"/>
<edge label="HD" idref="s1444_15"/>
<edge label="OC" idref="s1444_512"/>
 </nt>
<nt id="s1444_514" cat="S">
<edge label="HD" idref="s1444_9"/>
<edge label="OC" idref="s1444_513"/>
 </nt>
<nt id="s1444_515" cat="CS">
<edge label="CD" idref="s1444_8"/>
<edge label="CJ" idref="s1444_505"/>
<edge label="CJ" idref="s1444_514"/>
 </nt>
</nonterminals>
</graph>
</s><s xmlns:xsi="http://www.w3.org/2001/XMLSchema-instance" id="s1445" art_id="3415" orig_id="ID_maz-3415">
<graph root="s1445_507">
<terminals>
<t id="s1445_1" word="Sie" lemma="--" pos="PPER" morph="--">
<secedge label="SB" idref="s1445_506"/>
 </t>
<t id="s1445_2" word="klagen" lemma="--" pos="VVFIN" morph="--">
 </t>
<t id="s1445_3" word="den" lemma="--" pos="ART" morph="--">
 </t>
<t id="s1445_4" word="Westen" lemma="--" pos="NN" morph="--">
 </t>
<t id="s1445_5" word="an" lemma="--" pos="PTKVZ" morph="--">
 </t>
<t id="s1445_6" word="wegen" lemma="--" pos="APPR" morph="--">
 </t>
<t id="s1445_7" word="der" lemma="--" pos="ART" morph="--">
 </t>
<t id="s1445_8" word="Sanktionsopfer" lemma="--" pos="NN" morph="--">
 </t>
<t id="s1445_9" word="im" lemma="--" pos="APPRART" morph="--">
 </t>
<t id="s1445_10" word="Irak" lemma="--" pos="NE" morph="--">
 </t>
<t id="s1445_11" word="und" lemma="--" pos="KON" morph="--">
 </t>
<t id="s1445_12" word="unterschlagen" lemma="--" pos="VVFIN" morph="--">
 </t>
<t id="s1445_13" word="die" lemma="--" pos="ART" morph="--">
 </t>
<t id="s1445_14" word="aggressive" lemma="--" pos="ADJA" morph="--">
 </t>
<t id="s1445_15" word="Aufrüstung" lemma="--" pos="NN" morph="--">
 </t>
<t id="s1445_16" word="Saddam" lemma="--" pos="NE" morph="--">
 </t>
<t id="s1445_17" word="Husseins" lemma="--" pos="NE" morph="--">
 </t>
<t id="s1445_18" word="." lemma="--" pos="$." morph="--">
 </t>
</terminals>
<nonterminals>
<nt id="s1445_500" cat="NP">
<edge label="NK" idref="s1445_3"/>
<edge label="NK" idref="s1445_4"/>
 </nt>
<nt id="s1445_501" cat="PP">
<edge label="AC" idref="s1445_9"/>
<edge label="NK" idref="s1445_10"/>
 </nt>
<nt id="s1445_502" cat="PN">
<edge label="PNC" idref="s1445_16"/>
<edge label="PNC" idref="s1445_17"/>
 </nt>
<nt id="s1445_503" cat="PP">
<edge label="AC" idref="s1445_6"/>
<edge label="NK" idref="s1445_7"/>
<edge label="NK" idref="s1445_8"/>
<edge label="MNR" idref="s1445_501"/>
 </nt>
<nt id="s1445_504" cat="NP">
<edge label="NK" idref="s1445_13"/>
<edge label="NK" idref="s1445_14"/>
<edge label="NK" idref="s1445_15"/>
<edge label="AG" idref="s1445_502"/>
 </nt>
<nt id="s1445_505" cat="S">
<edge label="SB" idref="s1445_1"/>
<edge label="HD" idref="s1445_2"/>
<edge label="SVP" idref="s1445_5"/>
<edge label="OA" idref="s1445_500"/>
<edge label="MO" idref="s1445_503"/>
 </nt>
<nt id="s1445_506" cat="S">
<edge label="HD" idref="s1445_12"/>
<edge label="OA" idref="s1445_504"/>
 </nt>
<nt id="s1445_507" cat="CS">
<edge label="CD" idref="s1445_11"/>
<edge label="CJ" idref="s1445_505"/>
<edge label="CJ" idref="s1445_506"/>
 </nt>
</nonterminals>
</graph>
</s><s xmlns:xsi="http://www.w3.org/2001/XMLSchema-instance" id="s1446" art_id="3415" orig_id="ID_maz-3415">
<graph root="s1446_503">
<terminals>
<t id="s1446_1" word="Diesen" lemma="--" pos="PDAT" morph="--"/>
<t id="s1446_2" word="Krieg" lemma="--" pos="NN" morph="--"/>
<t id="s1446_3" word="hat" lemma="--" pos="VAFIN" morph="--"/>
<t id="s1446_4" word="im" lemma="--" pos="APPRART" morph="--"/>
<t id="s1446_5" word="Westen" lemma="--" pos="NN" morph="--"/>
<t id="s1446_6" word="niemand" lemma="--" pos="PIS" morph="--"/>
<t id="s1446_7" word="gewollt" lemma="--" pos="VMPP" morph="--"/>
<t id="s1446_8" word="." lemma="--" pos="$." morph="--"/>
</terminals>
<nonterminals>
<nt id="s1446_500" cat="NP">
<edge label="NK" idref="s1446_1"/>
<edge label="NK" idref="s1446_2"/>
 </nt>
<nt id="s1446_501" cat="PP">
<edge label="AC" idref="s1446_4"/>
<edge label="NK" idref="s1446_5"/>
 </nt>
<nt id="s1446_502" cat="VP">
<edge label="HD" idref="s1446_7"/>
<edge label="OA" idref="s1446_500"/>
<edge label="MO" idref="s1446_501"/>
 </nt>
<nt id="s1446_503" cat="S">
<edge label="HD" idref="s1446_3"/>
<edge label="SB" idref="s1446_6"/>
<edge label="OC" idref="s1446_502"/>
 </nt>
</nonterminals>
</graph>
</s><s xmlns:xsi="http://www.w3.org/2001/XMLSchema-instance" id="s1447" art_id="3415" orig_id="ID_maz-3415">
<graph root="s1447_506">
<terminals>
<t id="s1447_1" word="Deshalb" lemma="--" pos="PROAV" morph="--"/>
<t id="s1447_2" word="aber" lemma="--" pos="ADV" morph="--"/>
<t id="s1447_3" word="dem" lemma="--" pos="ART" morph="--"/>
<t id="s1447_4" word="Terror" lemma="--" pos="NN" morph="--"/>
<t id="s1447_5" word="das" lemma="--" pos="ART" morph="--"/>
<t id="s1447_6" word="Heft" lemma="--" pos="NN" morph="--"/>
<t id="s1447_7" word="des" lemma="--" pos="ART" morph="--"/>
<t id="s1447_8" word="Handelns" lemma="--" pos="NN" morph="--"/>
<t id="s1447_9" word="zu" lemma="--" pos="PTKZU" morph="--"/>
<t id="s1447_10" word="überlassen" lemma="--" pos="VVINF" morph="--"/>
<t id="s1447_11" word="," lemma="--" pos="$," morph="--"/>
<t id="s1447_12" word="wäre" lemma="--" pos="VAFIN" morph="--"/>
<t id="s1447_13" word="auch" lemma="--" pos="ADV" morph="--"/>
<t id="s1447_14" word="keine" lemma="--" pos="PIAT" morph="--"/>
<t id="s1447_15" word="Lösung" lemma="--" pos="NN" morph="--"/>
<t id="s1447_16" word="." lemma="--" pos="$." morph="--"/>
</terminals>
<nonterminals>
<nt id="s1447_500" cat="NP">
<edge label="NK" idref="s1447_3"/>
<edge label="NK" idref="s1447_4"/>
 </nt>
<nt id="s1447_501" cat="NP">
<edge label="NK" idref="s1447_7"/>
<edge label="NK" idref="s1447_8"/>
 </nt>
<nt id="s1447_502" cat="VZ">
<edge label="PM" idref="s1447_9"/>
<edge label="HD" idref="s1447_10"/>
 </nt>
<nt id="s1447_503" cat="NP">
<edge label="MO" idref="s1447_13"/>
<edge label="NK" idref="s1447_14"/>
<edge label="NK" idref="s1447_15"/>
 </nt>
<nt id="s1447_504" cat="NP">
<edge label="NK" idref="s1447_5"/>
<edge label="NK" idref="s1447_6"/>
<edge label="AG" idref="s1447_501"/>
 </nt>
<nt id="s1447_505" cat="VP">
<edge label="MO" idref="s1447_1"/>
<edge label="MO" idref="s1447_2"/>
<edge label="DA" idref="s1447_500"/>
<edge label="HD" idref="s1447_502"/>
<edge label="OA" idref="s1447_504"/>
 </nt>
<nt id="s1447_506" cat="S">
<edge label="HD" idref="s1447_12"/>
<edge label="PD" idref="s1447_503"/>
<edge label="SB" idref="s1447_505"/>
 </nt>
</nonterminals>
</graph>
</s></body></corpus>
